// Generated by scripts/generate_runcat_sprites.py.
// Adapted from Runner Gallery; Apache-2.0. See assets/runcat/NOTICE.md.
#pragma once

#include "RunCat.h"

namespace {
constexpr RunCatBitmap kRunner0[] = { // classic-cat
  {{
    0x00, 0x00, 0x00, 0x00, 0x00, 0x00, 0x00, 0x00, 0x00, 0x00, 0x00, 0x00, 0x00, 0x00, 0x00, 0x00, 0x00, 0x00, 0x00, 0x00, 0x00, 0x00, 0x00, 0x00,
    0x00, 0x00, 0x00, 0x00, 0x00, 0x00, 0x00, 0x00, 0x00, 0x00, 0x00, 0x00, 0x00, 0x00, 0x00, 0x00, 0x00, 0x00, 0x00, 0x00, 0x00, 0x00, 0x00, 0x00,
    0x00, 0x00, 0x00, 0x00, 0x00, 0x00, 0x00, 0x00, 0x00, 0x00, 0x00, 0x00, 0x00, 0x00, 0x00, 0x00, 0x00, 0x00, 0x00, 0x00, 0x00, 0x00, 0x00, 0x00,
    0x00, 0x00, 0x00, 0x00, 0x00, 0x00, 0x00, 0x00, 0x00, 0x00, 0x00, 0x00, 0x00, 0x00, 0x00, 0x00, 0x00, 0x00, 0x00, 0x00, 0x00, 0x00, 0xc0, 0xe0,
    0x00, 0x00, 0x00, 0x00, 0x00, 0x00, 0x00, 0x00, 0x00, 0x01, 0xc1, 0xe0, 0x00, 0x00, 0x00, 0x00, 0x00, 0x00, 0x00, 0x00, 0x00, 0x03, 0xc3, 0xe0,
    0x00, 0x00, 0x00, 0x00, 0x00, 0x00, 0x00, 0x00, 0x00, 0x07, 0xc7, 0xe0, 0x00, 0x00, 0x00, 0x00, 0x00, 0x00, 0x00, 0x00, 0x00, 0x0f, 0xc7, 0xe0,
    0x00, 0x00, 0x00, 0x00, 0x00, 0x00, 0x00, 0x00, 0x00, 0x0f, 0xcf, 0x60, 0x00, 0x00, 0x00, 0x00, 0x00, 0x00, 0x00, 0x00, 0x00, 0x1e, 0xce, 0x70,
    0x00, 0x00, 0x00, 0x00, 0x00, 0x00, 0x00, 0x00, 0x00, 0x1c, 0xcc, 0x60, 0x00, 0x00, 0x00, 0x00, 0x00, 0x00, 0x00, 0x00, 0x00, 0x19, 0xcc, 0xe0,
    0x00, 0x00, 0x00, 0x00, 0x00, 0x00, 0x00, 0x00, 0x00, 0x39, 0xff, 0xf0, 0x00, 0x00, 0x00, 0x00, 0x00, 0x0f, 0x80, 0x00, 0x00, 0x3f, 0xff, 0xf8,
    0x00, 0x00, 0x00, 0x00, 0x00, 0x7f, 0xfc, 0x00, 0x00, 0x7f, 0xff, 0xfc, 0x00, 0x00, 0x00, 0x00, 0x03, 0xff, 0xff, 0x80, 0x00, 0x7f, 0xff, 0xfc,
    0x00, 0x00, 0x00, 0x00, 0x7f, 0xff, 0xff, 0xf8, 0x03, 0xff, 0xff, 0xff, 0x00, 0x00, 0x00, 0x00, 0xff, 0xff, 0xff, 0xfc, 0x07, 0xff, 0xff, 0xff,
    0x00, 0x00, 0x00, 0x07, 0xff, 0xff, 0xff, 0xff, 0xff, 0xff, 0xff, 0xff, 0x00, 0x00, 0x00, 0x3f, 0xff, 0xff, 0xff, 0xff, 0xff, 0xff, 0xff, 0xc7,
    0x00, 0x00, 0x00, 0xff, 0xff, 0xff, 0xff, 0xff, 0xff, 0xff, 0xff, 0xc7, 0x00, 0x00, 0x01, 0xff, 0xff, 0xff, 0xff, 0xff, 0xff, 0xff, 0xe7, 0xc7,
    0x00, 0x00, 0x07, 0xff, 0xff, 0xff, 0xff, 0xff, 0xff, 0xff, 0xc3, 0xc7, 0x00, 0x00, 0x0f, 0xff, 0xff, 0xff, 0xff, 0xff, 0xff, 0xff, 0xc3, 0xc7,
    0x00, 0x00, 0x3f, 0xff, 0xff, 0xff, 0xff, 0xff, 0xff, 0xff, 0xc3, 0xc7, 0x00, 0x00, 0x7f, 0xff, 0xff, 0xff, 0xff, 0xff, 0xff, 0xff, 0xc3, 0xc7,
    0x00, 0x00, 0xff, 0xff, 0xff, 0xff, 0xff, 0xff, 0xff, 0xff, 0xc3, 0xc7, 0x00, 0x01, 0xff, 0xff, 0xff, 0xff, 0xff, 0xff, 0xff, 0xff, 0xc3, 0xff,
    0x00, 0x03, 0xff, 0xff, 0xff, 0xff, 0xff, 0xff, 0xff, 0xff, 0xc7, 0xff, 0x00, 0x07, 0xff, 0xff, 0xff, 0xff, 0xff, 0xff, 0xff, 0xff, 0xff, 0xff,
    0x00, 0x0f, 0xff, 0xff, 0xff, 0xff, 0xff, 0xff, 0xff, 0xff, 0xff, 0xff, 0x00, 0x1f, 0xff, 0xff, 0xff, 0xff, 0xff, 0xff, 0xff, 0xff, 0xff, 0xfc,
    0x00, 0x3f, 0xfe, 0x7f, 0xff, 0xff, 0xff, 0xff, 0xff, 0xff, 0xff, 0xfc, 0x00, 0x7f, 0xf8, 0x7f, 0xff, 0xff, 0xff, 0xff, 0xff, 0xff, 0xff, 0xf8,
    0x00, 0x7f, 0xf0, 0x7f, 0xff, 0xff, 0xff, 0xff, 0xff, 0xff, 0xff, 0xf0, 0x00, 0xff, 0xc0, 0xff, 0xff, 0xff, 0xff, 0xff, 0xff, 0xff, 0xff, 0xe0,
    0x01, 0xff, 0x80, 0xff, 0xff, 0xff, 0xff, 0xff, 0xff, 0xff, 0xef, 0x00, 0x01, 0xff, 0x00, 0xff, 0xff, 0xff, 0xff, 0xff, 0xff, 0xff, 0xc0, 0x00,
    0x01, 0xfe, 0x00, 0xff, 0xff, 0xff, 0xff, 0xff, 0xff, 0xff, 0xf0, 0x00, 0x03, 0xfc, 0x00, 0xff, 0xff, 0xff, 0xc7, 0xff, 0xff, 0xff, 0xfc, 0x00,
    0x07, 0xfc, 0x00, 0xff, 0xff, 0xff, 0x80, 0xff, 0xff, 0xff, 0xff, 0x00, 0x07, 0xf8, 0x00, 0xff, 0xff, 0xff, 0x00, 0x03, 0xff, 0xff, 0xff, 0x80,
    0x07, 0xf0, 0x00, 0x7f, 0xff, 0xfe, 0x00, 0x00, 0x07, 0xff, 0xff, 0xc0, 0x07, 0xf0, 0x00, 0x7f, 0x8f, 0xfc, 0x00, 0x00, 0x03, 0xff, 0xff, 0xe0,
    0x03, 0xe0, 0x00, 0xff, 0x00, 0x00, 0x00, 0x00, 0x01, 0xff, 0xff, 0xf0, 0x03, 0x80, 0x00, 0xff, 0x00, 0x00, 0x00, 0x00, 0x00, 0xff, 0xff, 0xf0,
    0x00, 0x00, 0x01, 0xff, 0x00, 0x00, 0x00, 0x00, 0x00, 0xff, 0xff, 0xf0, 0x00, 0x00, 0x01, 0xff, 0x00, 0x00, 0x00, 0x00, 0x00, 0x7f, 0xff, 0xf0,
    0x00, 0x00, 0x01, 0xff, 0x00, 0x00, 0x00, 0x00, 0x00, 0x3f, 0xff, 0xf0, 0x00, 0x00, 0x01, 0xfe, 0x00, 0x00, 0x00, 0x00, 0x00, 0x1f, 0xf3, 0xf8,
    0x00, 0x00, 0x01, 0xfe, 0x00, 0x00, 0x00, 0x00, 0x00, 0x0f, 0xf3, 0xf0, 0x00, 0x00, 0x00, 0xfc, 0x00, 0x00, 0x00, 0x00, 0x00, 0x07, 0xff, 0xf0,
    0x00, 0x00, 0x00, 0x78, 0x00, 0x00, 0x00, 0x00, 0x00, 0x07, 0xff, 0xe0, 0x00, 0x00, 0x00, 0x00, 0x00, 0x00, 0x00, 0x00, 0x00, 0x03, 0xff, 0xc0,
    0x00, 0x00, 0x00, 0x00, 0x00, 0x00, 0x00, 0x00, 0x00, 0x01, 0xff, 0xc0, 0x00, 0x00, 0x00, 0x00, 0x00, 0x00, 0x00, 0x00, 0x00, 0x01, 0xff, 0xc0,
    0x00, 0x00, 0x00, 0x00, 0x00, 0x00, 0x00, 0x00, 0x00, 0x00, 0xff, 0xc0, 0x00, 0x00, 0x00, 0x00, 0x00, 0x00, 0x00, 0x00, 0x00, 0x00, 0x7f, 0xc0,
    0x00, 0x00, 0x00, 0x00, 0x00, 0x00, 0x00, 0x00, 0x00, 0x00, 0x7f, 0x00, 0x00, 0x00, 0x00, 0x00, 0x00, 0x00, 0x00, 0x00, 0x00, 0x00, 0x3f, 0x00,
  }},
  {{
    0x00, 0x00, 0x00, 0x00, 0x00, 0x00, 0x00, 0x00, 0x00, 0x00, 0x00, 0x00, 0x00, 0x00, 0x00, 0x00, 0x00, 0x00, 0x00, 0x00, 0x00, 0x00, 0x00, 0x00,
    0x00, 0x00, 0x00, 0x00, 0x00, 0x00, 0x00, 0x00, 0x00, 0x00, 0x00, 0x00, 0x00, 0x00, 0x00, 0x00, 0x00, 0x00, 0x00, 0x00, 0x00, 0x00, 0x00, 0x00,
    0x00, 0x00, 0x00, 0x00, 0x00, 0x00, 0x00, 0x00, 0x00, 0x00, 0x00, 0x00, 0x00, 0x00, 0x00, 0x00, 0x00, 0x00, 0x00, 0x00, 0x00, 0x00, 0x00, 0x00,
    0x00, 0x00, 0x00, 0x00, 0x00, 0x00, 0x00, 0x00, 0x00, 0x00, 0x00, 0x00, 0x00, 0x00, 0x00, 0x00, 0x00, 0x00, 0x00, 0x00, 0x00, 0x00, 0x00, 0x00,
    0x00, 0x00, 0x00, 0x00, 0x00, 0x00, 0x00, 0x00, 0x00, 0x00, 0x00, 0x00, 0x00, 0x00, 0x00, 0x00, 0x00, 0x00, 0x00, 0x00, 0x00, 0x00, 0x01, 0xc0,
    0x00, 0x00, 0x00, 0x00, 0x00, 0x00, 0x00, 0x00, 0x00, 0x01, 0x83, 0xc0, 0x00, 0x00, 0x00, 0x00, 0x00, 0x00, 0x00, 0x00, 0x00, 0x03, 0x87, 0xc0,
    0x00, 0x00, 0x00, 0x00, 0x00, 0x00, 0x00, 0x00, 0x00, 0x07, 0x87, 0xc0, 0x00, 0x00, 0x00, 0x00, 0x00, 0x00, 0x00, 0x00, 0x00, 0x0f, 0x8f, 0xc0,
    0x00, 0x00, 0x00, 0x00, 0x00, 0x00, 0x00, 0x00, 0x00, 0x1f, 0x8f, 0xc0, 0x00, 0x00, 0x00, 0x00, 0x00, 0x03, 0xff, 0xc0, 0x00, 0x1d, 0x9f, 0xc0,
    0x00, 0x00, 0x00, 0x00, 0x00, 0x0f, 0xff, 0xf0, 0x00, 0x3d, 0x99, 0xc0, 0x00, 0x00, 0x00, 0x00, 0x00, 0x3f, 0xff, 0xf8, 0x00, 0x79, 0xb9, 0xc0,
    0x00, 0x00, 0x00, 0x00, 0x00, 0xff, 0xff, 0xfe, 0x00, 0x71, 0xf9, 0xc0, 0x00, 0x00, 0x00, 0x00, 0x01, 0xff, 0xff, 0xff, 0x00, 0x73, 0xff, 0xc0,
    0x00, 0x00, 0x00, 0x00, 0x1f, 0xff, 0xff, 0xff, 0xc0, 0xff, 0xff, 0xf0, 0x00, 0x00, 0x00, 0x00, 0x3f, 0xff, 0xff, 0xff, 0xe0, 0xff, 0xff, 0xf8,
    0x00, 0x00, 0x01, 0xff, 0xff, 0xff, 0xff, 0xff, 0xf8, 0xff, 0xff, 0xf8, 0x00, 0x00, 0x1f, 0xff, 0xff, 0xff, 0xff, 0xff, 0xf9, 0xff, 0xff, 0xfc,
    0x00, 0x00, 0xff, 0xff, 0xff, 0xff, 0xff, 0xff, 0xff, 0xff, 0xff, 0xfc, 0x00, 0x03, 0xff, 0xff, 0xff, 0xff, 0xff, 0xff, 0xff, 0xff, 0xff, 0x9c,
    0x00, 0x07, 0xff, 0xff, 0xff, 0xff, 0xff, 0xff, 0xff, 0xff, 0xff, 0x0c, 0x00, 0x0f, 0xff, 0xff, 0xff, 0xff, 0xff, 0xff, 0xff, 0xff, 0x9f, 0x0c,
    0x00, 0x3f, 0xff, 0xff, 0xff, 0xff, 0xff, 0xff, 0xff, 0xff, 0x8f, 0x0c, 0x00, 0x7f, 0xff, 0xff, 0xff, 0xff, 0xff, 0xff, 0xff, 0xff, 0x8f, 0x0c,
    0x00, 0xff, 0xff, 0xff, 0xff, 0xff, 0xff, 0xff, 0xff, 0xff, 0x8f, 0x0c, 0x01, 0xff, 0xff, 0xc0, 0x1f, 0xff, 0xff, 0xff, 0xff, 0xff, 0x8f, 0x0c,
    0x03, 0xff, 0xf8, 0x00, 0x1f, 0xff, 0xff, 0xff, 0xff, 0xff, 0x8f, 0x9c, 0x07, 0xff, 0xc0, 0x00, 0x1f, 0xff, 0xff, 0xff, 0xff, 0xff, 0x8f, 0xfc,
    0x07, 0xff, 0x80, 0x00, 0x0f, 0xff, 0xff, 0xff, 0xff, 0xff, 0x8f, 0xfc, 0x07, 0xfc, 0x00, 0x00, 0x0f, 0xff, 0xff, 0xff, 0xff, 0xff, 0xff, 0xfc,
    0x03, 0xf8, 0x00, 0x00, 0x1f, 0xff, 0xff, 0xff, 0xff, 0xff, 0xff, 0xfc, 0x03, 0xf0, 0x00, 0x00, 0x1f, 0xff, 0xff, 0xff, 0xff, 0xff, 0xff, 0xfc,
    0x01, 0xe0, 0x00, 0x00, 0x3f, 0xff, 0xff, 0xff, 0xff, 0xff, 0xff, 0xf8, 0x00, 0x00, 0x00, 0x00, 0x3f, 0xff, 0xff, 0xff, 0xff, 0xff, 0xff, 0xf8,
    0x00, 0x00, 0x00, 0x00, 0x3f, 0xff, 0xff, 0xff, 0xff, 0xff, 0xff, 0xe0, 0x00, 0x00, 0x00, 0x00, 0x3f, 0xff, 0xff, 0xff, 0xff, 0xff, 0xff, 0xc0,
    0x00, 0x00, 0x00, 0x00, 0x3f, 0xff, 0xff, 0xff, 0xff, 0xff, 0xff, 0x00, 0x00, 0x00, 0x00, 0x00, 0x3f, 0xff, 0xf8, 0xff, 0xff, 0xff, 0xfc, 0x00,
    0x00, 0x00, 0x00, 0x00, 0x3f, 0xff, 0xf8, 0x3f, 0xff, 0xff, 0xc0, 0x00, 0x00, 0x00, 0x00, 0x00, 0x3f, 0xff, 0xf0, 0x1f, 0xff, 0xff, 0x80, 0x00,
    0x00, 0x00, 0x00, 0x00, 0x1f, 0xff, 0xe0, 0x0f, 0xff, 0xff, 0x80, 0x00, 0x00, 0x00, 0x00, 0x00, 0x1f, 0xff, 0xc0, 0x07, 0xfd, 0xff, 0x80, 0x00,
    0x00, 0x00, 0x00, 0x00, 0x1f, 0xff, 0x00, 0x07, 0xf8, 0xff, 0x80, 0x00, 0x00, 0x00, 0x00, 0x00, 0x0f, 0xfe, 0x00, 0x07, 0xf8, 0xff, 0xc0, 0x00,
    0x00, 0x00, 0x00, 0x00, 0x0f, 0xfe, 0x00, 0x07, 0xf8, 0x7f, 0xc0, 0x00, 0x00, 0x00, 0x00, 0x00, 0x07, 0xfe, 0x00, 0x07, 0xf8, 0x7f, 0xc0, 0x00,
    0x00, 0x00, 0x00, 0x00, 0x07, 0xfe, 0x00, 0x07, 0xfc, 0x7f, 0xe0, 0x00, 0x00, 0x00, 0x00, 0x00, 0x07, 0xfe, 0x00, 0x03, 0xfc, 0x3f, 0xf0, 0x00,
    0x00, 0x00, 0x00, 0x00, 0x07, 0xfe, 0x00, 0x03, 0xfc, 0x3f, 0xf8, 0x00, 0x00, 0x00, 0x00, 0x00, 0x03, 0xfe, 0x00, 0x03, 0xfe, 0x1f, 0xfe, 0x00,
    0x00, 0x00, 0x00, 0x00, 0x01, 0xfe, 0x00, 0x03, 0xff, 0x1f, 0xff, 0x00, 0x00, 0x00, 0x00, 0x00, 0x00, 0xfc, 0x00, 0x01, 0xff, 0x8f, 0xff, 0x00,
    0x00, 0x00, 0x00, 0x00, 0x00, 0x00, 0x00, 0x01, 0xff, 0x87, 0xff, 0x80, 0x00, 0x00, 0x00, 0x00, 0x00, 0x00, 0x00, 0x00, 0xff, 0xc3, 0xff, 0x80,
    0x00, 0x00, 0x00, 0x00, 0x00, 0x00, 0x00, 0x00, 0x7f, 0xc1, 0xff, 0x80, 0x00, 0x00, 0x00, 0x00, 0x00, 0x00, 0x00, 0x00, 0x7f, 0xc0, 0xff, 0x00,
    0x00, 0x00, 0x00, 0x00, 0x00, 0x00, 0x00, 0x00, 0x3f, 0x80, 0x1e, 0x00, 0x00, 0x00, 0x00, 0x00, 0x00, 0x00, 0x00, 0x00, 0x1f, 0x00, 0x0e, 0x00,
  }},
  {{
    0x00, 0x00, 0x00, 0x00, 0x00, 0x00, 0x00, 0x00, 0x00, 0x00, 0x00, 0x00, 0x00, 0x00, 0x00, 0x00, 0x00, 0x00, 0x00, 0x00, 0x00, 0x00, 0x00, 0x00,
    0x00, 0x00, 0x00, 0x00, 0x00, 0x00, 0x00, 0x00, 0x00, 0x00, 0x00, 0x00, 0x00, 0x00, 0x00, 0x00, 0x00, 0x00, 0x00, 0x00, 0x00, 0x00, 0x00, 0x00,
    0x00, 0x00, 0x00, 0x00, 0x00, 0x00, 0x00, 0x00, 0x00, 0x00, 0x00, 0x00, 0x00, 0x00, 0x00, 0x00, 0x00, 0x00, 0x00, 0x00, 0x00, 0x00, 0x00, 0x00,
    0x00, 0x00, 0x00, 0x00, 0x00, 0x00, 0x00, 0x00, 0x00, 0x00, 0x00, 0x00, 0x00, 0x00, 0x00, 0x00, 0x00, 0x00, 0x00, 0x00, 0x00, 0x00, 0x00, 0x00,
    0x00, 0x00, 0x00, 0x00, 0x00, 0x00, 0x00, 0x00, 0x00, 0x00, 0x00, 0x00, 0x00, 0x00, 0x00, 0x00, 0x00, 0x00, 0x00, 0x00, 0x00, 0x00, 0x00, 0x00,
    0x00, 0x00, 0x00, 0x00, 0x00, 0x00, 0x00, 0x00, 0x00, 0x00, 0x00, 0x00, 0x00, 0x00, 0x00, 0x00, 0x00, 0x00, 0x00, 0x00, 0x00, 0x06, 0x07, 0x00,
    0x00, 0x00, 0x00, 0x00, 0x00, 0x00, 0x00, 0x00, 0x00, 0x0f, 0x07, 0x00, 0x00, 0x00, 0x00, 0x00, 0x00, 0x03, 0xff, 0xf0, 0x00, 0x0f, 0x0f, 0x00,
    0x00, 0x00, 0x00, 0x00, 0x00, 0x0f, 0xff, 0xf8, 0x00, 0x1f, 0x1f, 0x00, 0x00, 0x00, 0x00, 0x00, 0x00, 0x1f, 0xff, 0xfc, 0x00, 0x3f, 0x3f, 0x00,
    0x00, 0x00, 0x00, 0x00, 0x00, 0x7f, 0xff, 0xff, 0x00, 0x3f, 0x3f, 0x00, 0x00, 0x00, 0x00, 0x00, 0x00, 0xff, 0xff, 0xff, 0x80, 0x77, 0x3b, 0x00,
    0x00, 0x00, 0x00, 0x00, 0x01, 0xff, 0xff, 0xff, 0xc0, 0xf2, 0x73, 0x00, 0x00, 0x00, 0x00, 0x00, 0x03, 0xff, 0xff, 0xff, 0xe0, 0xf3, 0x63, 0x00,
    0x00, 0x00, 0x00, 0x00, 0x07, 0xff, 0xff, 0xff, 0xf0, 0xe7, 0xe7, 0x00, 0x00, 0x00, 0x00, 0x00, 0x0f, 0xff, 0xff, 0xff, 0xf9, 0xef, 0xff, 0x80,
    0x00, 0x00, 0x00, 0x00, 0x3f, 0xff, 0xff, 0xff, 0xff, 0xff, 0xff, 0xc0, 0x00, 0x00, 0x00, 0x00, 0x7f, 0xff, 0xff, 0xff, 0xff, 0xff, 0xff, 0xe0,
    0x00, 0x00, 0x00, 0x01, 0xff, 0xff, 0xff, 0xff, 0xff, 0xff, 0xff, 0xf0, 0x00, 0x00, 0x00, 0x07, 0xff, 0xff, 0xff, 0xff, 0xff, 0xff, 0xff, 0xf0,
    0x00, 0x00, 0x00, 0x1f, 0xff, 0xff, 0xff, 0xff, 0xff, 0xff, 0xff, 0xf8, 0x00, 0x00, 0x00, 0x7f, 0xff, 0xff, 0xff, 0xff, 0xff, 0xff, 0xfe, 0x38,
    0x00, 0x00, 0x07, 0xff, 0xff, 0xff, 0xff, 0xff, 0xff, 0xff, 0xfe, 0x38, 0x01, 0xf8, 0xff, 0xff, 0xff, 0xff, 0xff, 0xff, 0xff, 0xfe, 0x3e, 0x38,
    0x03, 0xff, 0xff, 0xff, 0xff, 0xff, 0xff, 0xff, 0xff, 0xfe, 0x1e, 0x38, 0x07, 0xff, 0xff, 0xff, 0xff, 0xff, 0xff, 0xff, 0xff, 0xfe, 0x1e, 0x38,
    0x07, 0xff, 0xff, 0xff, 0xff, 0xff, 0xff, 0xff, 0xff, 0xfe, 0x3e, 0x38, 0x07, 0xff, 0xff, 0xff, 0xff, 0xff, 0xff, 0xff, 0xff, 0xfe, 0x3e, 0x38,
    0x07, 0xff, 0xff, 0xff, 0xf3, 0xff, 0xff, 0xff, 0xff, 0xfe, 0x1e, 0x38, 0x07, 0xff, 0xff, 0xff, 0x00, 0xff, 0xff, 0xff, 0xff, 0xfe, 0x1f, 0xf8,
    0x03, 0xff, 0xff, 0xfc, 0x00, 0x7f, 0xff, 0xff, 0xff, 0xff, 0x3f, 0xf8, 0x01, 0xff, 0xff, 0xe0, 0x00, 0x7f, 0xff, 0xff, 0xff, 0xff, 0xff, 0xf8,
    0x00, 0x7f, 0xff, 0x00, 0x00, 0x3f, 0xff, 0xff, 0xff, 0xff, 0xff, 0xf8, 0x00, 0x3f, 0xf0, 0x00, 0x00, 0x3f, 0xff, 0xff, 0xff, 0xff, 0xff, 0xf0,
    0x00, 0x00, 0x00, 0x00, 0x00, 0x3f, 0xff, 0xff, 0xff, 0xff, 0xff, 0xf0, 0x00, 0x00, 0x00, 0x00, 0x00, 0x3f, 0xff, 0xff, 0xff, 0xff, 0xff, 0xe0,
    0x00, 0x00, 0x00, 0x00, 0x00, 0x1f, 0xff, 0xff, 0xff, 0xff, 0xff, 0xc0, 0x00, 0x00, 0x00, 0x00, 0x00, 0x1f, 0xff, 0xff, 0xff, 0xff, 0xff, 0x80,
    0x00, 0x00, 0x00, 0x00, 0x00, 0x1f, 0xff, 0xff, 0xff, 0xfc, 0xfe, 0x00, 0x00, 0x00, 0x00, 0x00, 0x00, 0x1f, 0xff, 0xff, 0xff, 0xfc, 0x7c, 0x00,
    0x00, 0x00, 0x00, 0x00, 0x00, 0x1f, 0xff, 0xff, 0xff, 0xf8, 0x00, 0x00, 0x00, 0x00, 0x00, 0x00, 0x00, 0x1f, 0xff, 0xfe, 0x1f, 0xf8, 0x00, 0x00,
    0x00, 0x00, 0x00, 0x00, 0x00, 0x0f, 0xff, 0xfc, 0x0f, 0xf8, 0x00, 0x00, 0x00, 0x00, 0x00, 0x00, 0x00, 0x0f, 0xff, 0xf8, 0x0f, 0xf0, 0x00, 0x00,
    0x00, 0x00, 0x00, 0x00, 0x00, 0x0f, 0xff, 0xf8, 0x0f, 0xf0, 0x00, 0x00, 0x00, 0x00, 0x00, 0x00, 0x00, 0x07, 0xff, 0xf8, 0x0f, 0xf0, 0x00, 0x00,
    0x00, 0x00, 0x00, 0x00, 0x00, 0x07, 0xff, 0xf8, 0x0f, 0xf0, 0x00, 0x00, 0x00, 0x00, 0x00, 0x00, 0x00, 0x07, 0xff, 0xf8, 0x0f, 0xf0, 0x00, 0x00,
    0x00, 0x00, 0x00, 0x00, 0x00, 0x0f, 0xff, 0xf8, 0x0f, 0xf0, 0x00, 0x00, 0x00, 0x00, 0x00, 0x00, 0x00, 0x0f, 0xff, 0xf0, 0x0f, 0xf0, 0x00, 0x00,
    0x00, 0x00, 0x00, 0x00, 0x00, 0x0f, 0xff, 0xf0, 0x07, 0xf8, 0x00, 0x00, 0x00, 0x00, 0x00, 0x00, 0x00, 0x0f, 0xff, 0xe0, 0x07, 0xfc, 0x00, 0x00,
    0x00, 0x00, 0x00, 0x00, 0x00, 0x07, 0xff, 0xe0, 0x07, 0xfc, 0x00, 0x00, 0x00, 0x00, 0x00, 0x00, 0x00, 0x03, 0xc7, 0xe0, 0x07, 0xfc, 0x00, 0x00,
    0x00, 0x00, 0x00, 0x00, 0x00, 0x01, 0x81, 0xc0, 0x03, 0xfc, 0x00, 0x00, 0x00, 0x00, 0x00, 0x00, 0x00, 0x00, 0x00, 0x80, 0x03, 0xfc, 0x00, 0x00,
    0x00, 0x00, 0x00, 0x00, 0x00, 0x00, 0x00, 0x00, 0x00, 0xf0, 0x00, 0x00, 0x00, 0x00, 0x00, 0x00, 0x00, 0x00, 0x00, 0x00, 0x00, 0xf0, 0x00, 0x00,
  }},
  {{
    0x00, 0x00, 0x00, 0x00, 0x00, 0x00, 0x00, 0x00, 0x00, 0x00, 0x00, 0x00, 0x00, 0x00, 0x00, 0x00, 0x00, 0x00, 0x00, 0x00, 0x00, 0x00, 0x00, 0x00,
    0x00, 0x00, 0x00, 0x00, 0x00, 0x00, 0x00, 0x00, 0x00, 0x0e, 0x0e, 0x00, 0x00, 0x00, 0x00, 0x00, 0x00, 0x00, 0x00, 0x00, 0x00, 0x1e, 0x1f, 0x00,
    0x00, 0x00, 0x00, 0x00, 0x00, 0x00, 0x00, 0x00, 0x00, 0x3e, 0x3e, 0x00, 0x00, 0x00, 0x00, 0x00, 0x00, 0x00, 0x00, 0x00, 0x00, 0x3e, 0x3e, 0x00,
    0x00, 0x00, 0x00, 0x00, 0x00, 0x00, 0x00, 0x00, 0x00, 0x7e, 0x7f, 0x00, 0x00, 0x00, 0x00, 0x00, 0x00, 0x00, 0x00, 0x00, 0x00, 0xfe, 0x77, 0x00,
    0x00, 0x00, 0x00, 0x00, 0x00, 0x00, 0x00, 0x00, 0x00, 0xfe, 0x67, 0x00, 0x00, 0x00, 0x00, 0x00, 0x00, 0x00, 0x00, 0x00, 0x01, 0xcf, 0xc7, 0x00,
    0x00, 0x00, 0x00, 0x00, 0x00, 0x00, 0x00, 0x00, 0x01, 0xcf, 0xc7, 0x00, 0x00, 0x00, 0x00, 0x00, 0x00, 0x00, 0x00, 0x00, 0x03, 0x8f, 0xff, 0x00,
    0x00, 0x00, 0x00, 0x00, 0x00, 0x00, 0x00, 0x00, 0x03, 0x9f, 0xff, 0x00, 0x00, 0x00, 0x00, 0x00, 0x00, 0x00, 0x00, 0x00, 0x03, 0xff, 0xff, 0x80,
    0x00, 0x00, 0x00, 0x00, 0x00, 0x00, 0x00, 0x00, 0x07, 0xff, 0xff, 0xc0, 0x00, 0x00, 0x00, 0x00, 0x00, 0x06, 0x04, 0x00, 0x07, 0xff, 0xff, 0xc0,
    0x00, 0x00, 0x00, 0x00, 0x00, 0x1f, 0xff, 0x00, 0x0f, 0xff, 0xff, 0xe0, 0x00, 0x00, 0x00, 0x00, 0x00, 0xff, 0xff, 0xf8, 0x1f, 0xff, 0xff, 0xe0,
    0x00, 0x00, 0x00, 0x00, 0x01, 0xff, 0xff, 0xff, 0xff, 0xff, 0xfc, 0xe0, 0x00, 0x00, 0x00, 0x00, 0x03, 0xff, 0xff, 0xff, 0xff, 0xff, 0xf8, 0x60,
    0x00, 0x00, 0x00, 0x00, 0x0f, 0xff, 0xff, 0xff, 0xff, 0xfc, 0x78, 0x60, 0x00, 0x00, 0x00, 0x00, 0x1f, 0xff, 0xff, 0xff, 0xff, 0xfc, 0x78, 0x60,
    0x00, 0x00, 0x00, 0x00, 0x3f, 0xff, 0xff, 0xff, 0xff, 0xfc, 0x78, 0x60, 0x00, 0x00, 0x00, 0x00, 0x3f, 0xff, 0xff, 0xff, 0xff, 0xfc, 0x78, 0x60,
    0x00, 0x00, 0x00, 0x00, 0x7f, 0xff, 0xff, 0xff, 0xff, 0xfc, 0x78, 0x60, 0x00, 0x00, 0x00, 0x00, 0xff, 0xff, 0xff, 0xff, 0xff, 0xfc, 0x7c, 0xe0,
    0x00, 0x00, 0x00, 0x01, 0xff, 0xff, 0xff, 0xff, 0xff, 0xfc, 0x7f, 0xe0, 0x00, 0x00, 0x00, 0x03, 0xff, 0xff, 0xff, 0xff, 0xff, 0xff, 0xff, 0xe0,
    0x00, 0x00, 0x00, 0x0f, 0xff, 0xff, 0xff, 0xff, 0xff, 0xff, 0xff, 0xe0, 0x00, 0x00, 0x00, 0x3f, 0xff, 0xff, 0xff, 0xff, 0xff, 0xff, 0xff, 0xe0,
    0x00, 0x00, 0x00, 0xff, 0xff, 0xff, 0xff, 0xff, 0xff, 0xff, 0xff, 0xe0, 0x00, 0x00, 0x07, 0xff, 0xff, 0xff, 0xff, 0xff, 0xff, 0xff, 0xff, 0xc0,
    0x00, 0x00, 0x7f, 0xff, 0xff, 0xff, 0xff, 0xff, 0xff, 0xff, 0xff, 0x80, 0x00, 0x1f, 0xff, 0xff, 0xff, 0xff, 0xff, 0xff, 0xff, 0xff, 0xff, 0x00,
    0x00, 0x7f, 0xff, 0xff, 0xff, 0xff, 0xff, 0xff, 0xff, 0xff, 0xfe, 0x00, 0x01, 0xff, 0xff, 0xff, 0xff, 0xff, 0xff, 0xff, 0xff, 0xff, 0xf8, 0x00,
    0x03, 0xff, 0xff, 0xff, 0xff, 0xff, 0xff, 0xff, 0xff, 0xfe, 0x20, 0x00, 0x07, 0xff, 0xff, 0xff, 0xff, 0xff, 0xff, 0xff, 0xff, 0xf8, 0x00, 0x00,
    0x0f, 0xff, 0xff, 0xff, 0xff, 0xff, 0xff, 0xff, 0xff, 0xe0, 0x00, 0x00, 0x1f, 0xff, 0xff, 0x83, 0xff, 0xff, 0xff, 0xff, 0xff, 0xc0, 0x00, 0x00,
    0x3f, 0xff, 0xfc, 0x01, 0xff, 0xff, 0xff, 0xff, 0xff, 0x80, 0x00, 0x00, 0x3f, 0xff, 0xf0, 0x01, 0xff, 0xff, 0xff, 0xff, 0xff, 0x80, 0x00, 0x00,
    0x3f, 0xfe, 0x00, 0x01, 0xff, 0xff, 0xff, 0xff, 0xff, 0x80, 0x00, 0x00, 0x3f, 0xf0, 0x00, 0x01, 0xff, 0xff, 0xe0, 0x07, 0xff, 0x80, 0x00, 0x00,
    0x1f, 0x80, 0x00, 0x01, 0xff, 0xff, 0x80, 0x07, 0xff, 0x80, 0x00, 0x00, 0x00, 0x00, 0x00, 0x01, 0xff, 0xff, 0x00, 0x07, 0xff, 0x80, 0x00, 0x00,
    0x00, 0x00, 0x00, 0x01, 0xff, 0xfc, 0x00, 0x1f, 0xff, 0x80, 0x00, 0x00, 0x00, 0x00, 0x00, 0x01, 0xff, 0xf8, 0x00, 0x3f, 0xff, 0x80, 0x00, 0x00,
    0x00, 0x00, 0x00, 0x01, 0xff, 0xf8, 0x00, 0x3f, 0xff, 0x80, 0x00, 0x00, 0x00, 0x00, 0x00, 0x03, 0xff, 0xf0, 0x00, 0x7f, 0xff, 0x00, 0x00, 0x00,
    0x00, 0x00, 0x00, 0x03, 0xff, 0xe0, 0x00, 0x7f, 0xfe, 0x00, 0x00, 0x00, 0x00, 0x00, 0x00, 0x03, 0xff, 0xe0, 0x00, 0x7f, 0xf8, 0x00, 0x00, 0x00,
    0x00, 0x00, 0x00, 0x03, 0xff, 0xc0, 0x00, 0x3f, 0xf8, 0x00, 0x00, 0x00, 0x00, 0x00, 0x00, 0x03, 0xff, 0xc0, 0x00, 0x1f, 0xe0, 0x00, 0x00, 0x00,
    0x00, 0x00, 0x00, 0x03, 0xff, 0xe0, 0x00, 0x0f, 0x00, 0x00, 0x00, 0x00, 0x00, 0x00, 0x00, 0x03, 0xff, 0xf0, 0x00, 0x00, 0x00, 0x00, 0x00, 0x00,
    0x00, 0x00, 0x00, 0x01, 0xff, 0xf0, 0x00, 0x00, 0x00, 0x00, 0x00, 0x00, 0x00, 0x00, 0x00, 0x01, 0xff, 0xf8, 0x00, 0x00, 0x00, 0x00, 0x00, 0x00,
    0x00, 0x00, 0x00, 0x00, 0xff, 0xf8, 0x00, 0x00, 0x00, 0x00, 0x00, 0x00, 0x00, 0x00, 0x00, 0x00, 0x7f, 0xf8, 0x00, 0x00, 0x00, 0x00, 0x00, 0x00,
    0x00, 0x00, 0x00, 0x00, 0x3f, 0xf8, 0x00, 0x00, 0x00, 0x00, 0x00, 0x00, 0x00, 0x00, 0x00, 0x00, 0x3f, 0xf0, 0x00, 0x00, 0x00, 0x00, 0x00, 0x00,
    0x00, 0x00, 0x00, 0x00, 0x1f, 0xe0, 0x00, 0x00, 0x00, 0x00, 0x00, 0x00, 0x00, 0x00, 0x00, 0x00, 0x0f, 0xe0, 0x00, 0x00, 0x00, 0x00, 0x00, 0x00,
  }},
  {{
    0x00, 0x00, 0x00, 0x00, 0x00, 0x00, 0x00, 0x00, 0x00, 0x06, 0x07, 0x00, 0x00, 0x00, 0x00, 0x00, 0x00, 0x00, 0x00, 0x00, 0x00, 0x06, 0x07, 0x00,
    0x00, 0x00, 0x00, 0x00, 0x00, 0x00, 0x00, 0x00, 0x00, 0x0f, 0x0f, 0x00, 0x00, 0x00, 0x00, 0x00, 0x00, 0x00, 0x00, 0x00, 0x00, 0x1f, 0x1f, 0x00,
    0x00, 0x00, 0x00, 0x00, 0x00, 0x00, 0x00, 0x00, 0x00, 0x3f, 0x3f, 0x00, 0x00, 0x00, 0x00, 0x00, 0x00, 0x00, 0x00, 0x00, 0x00, 0x3f, 0x3f, 0x00,
    0x00, 0x00, 0x00, 0x00, 0x00, 0x00, 0x00, 0x00, 0x00, 0x73, 0x3b, 0x00, 0x00, 0x00, 0x00, 0x00, 0x00, 0x00, 0x00, 0x00, 0x00, 0x72, 0x73, 0x00,
    0x00, 0x00, 0x00, 0x00, 0x00, 0x00, 0x00, 0x00, 0x00, 0xe2, 0x63, 0x00, 0x00, 0x00, 0x00, 0x00, 0x00, 0x00, 0x00, 0x00, 0x00, 0xe7, 0xf7, 0x00,
    0x00, 0x00, 0x00, 0x00, 0x00, 0x00, 0x00, 0x00, 0x00, 0xef, 0xff, 0x00, 0x00, 0x00, 0x00, 0x00, 0x00, 0x00, 0x00, 0x00, 0x01, 0xff, 0xff, 0xc0,
    0x00, 0x00, 0x00, 0x00, 0x00, 0x00, 0x00, 0x00, 0x01, 0xff, 0xff, 0xe0, 0x00, 0x00, 0x00, 0x00, 0x00, 0x00, 0x00, 0x00, 0x03, 0xff, 0xff, 0xf0,
    0x00, 0x00, 0x00, 0x00, 0x00, 0x00, 0x00, 0x00, 0x03, 0xff, 0xff, 0xf8, 0x00, 0x00, 0x00, 0x00, 0x00, 0x00, 0x00, 0x00, 0x0f, 0xff, 0xff, 0xf8,
    0x00, 0x00, 0x00, 0x00, 0x00, 0x00, 0x00, 0x00, 0x3f, 0xff, 0xfe, 0x38, 0x00, 0x00, 0x00, 0x00, 0x00, 0x00, 0x00, 0x00, 0x7f, 0xff, 0xfe, 0x38,
    0x00, 0x00, 0x00, 0x00, 0x00, 0x00, 0x7f, 0xff, 0xff, 0xfe, 0x3e, 0x38, 0x00, 0x00, 0x00, 0x00, 0x00, 0x07, 0xff, 0xff, 0xff, 0xfe, 0x1e, 0x38,
    0x00, 0x00, 0x00, 0x00, 0x01, 0xff, 0xff, 0xff, 0xff, 0xfe, 0x1e, 0x38, 0x00, 0x00, 0x00, 0x00, 0x03, 0xff, 0xff, 0xff, 0xff, 0xfe, 0x1e, 0x38,
    0x00, 0x00, 0x00, 0x00, 0x1f, 0xff, 0xff, 0xff, 0xff, 0xfe, 0x1e, 0x38, 0x00, 0x00, 0x00, 0x00, 0xff, 0xff, 0xff, 0xff, 0xff, 0xfe, 0x1e, 0x38,
    0x00, 0x00, 0x00, 0x01, 0xff, 0xff, 0xff, 0xff, 0xff, 0xfe, 0x1f, 0xf8, 0x00, 0x00, 0x00, 0x07, 0xff, 0xff, 0xff, 0xff, 0xff, 0xff, 0x3f, 0xf8,
    0x00, 0x00, 0x00, 0x1f, 0xff, 0xff, 0xff, 0xff, 0xff, 0xff, 0xbf, 0xf8, 0x00, 0x00, 0x00, 0x3f, 0xff, 0xff, 0xff, 0xff, 0xff, 0xff, 0xff, 0xf8,
    0x00, 0x00, 0x00, 0x7f, 0xff, 0xff, 0xff, 0xff, 0xff, 0xff, 0xff, 0xf0, 0x00, 0x00, 0x00, 0xff, 0xff, 0xff, 0xff, 0xff, 0xff, 0xff, 0xff, 0xf0,
    0x00, 0x00, 0x03, 0xff, 0xff, 0xff, 0xff, 0xff, 0xff, 0xff, 0xff, 0xe0, 0x00, 0x00, 0x03, 0xff, 0xff, 0xff, 0xff, 0xff, 0xff, 0xff, 0xff, 0xc0,
    0x00, 0x00, 0x07, 0xff, 0xff, 0xff, 0xff, 0xff, 0xff, 0xff, 0xff, 0x80, 0x00, 0x00, 0x0f, 0xff, 0xff, 0xff, 0xff, 0xff, 0xff, 0xff, 0xfe, 0x00,
    0x00, 0x00, 0x1f, 0xff, 0xff, 0xff, 0xff, 0xff, 0xff, 0xff, 0xfc, 0x00, 0x00, 0x00, 0x3f, 0xff, 0xff, 0xff, 0xff, 0xff, 0xff, 0xff, 0x70, 0x00,
    0x00, 0x00, 0x7f, 0xff, 0xff, 0xff, 0xff, 0xff, 0xff, 0xff, 0x00, 0x00, 0x00, 0x00, 0xff, 0xff, 0xff, 0xff, 0xff, 0xff, 0xff, 0xff, 0x80, 0x00,
    0x00, 0x03, 0xff, 0xff, 0xff, 0xff, 0xff, 0xff, 0xff, 0xff, 0xc0, 0x00, 0x00, 0x07, 0xff, 0xff, 0xff, 0xff, 0xff, 0xff, 0xff, 0xff, 0xe0, 0x00,
    0x00, 0x1f, 0xff, 0xff, 0xff, 0xff, 0xff, 0xff, 0xff, 0xff, 0xe0, 0x00, 0x00, 0x7f, 0xff, 0xff, 0xff, 0xff, 0xff, 0xff, 0xff, 0xff, 0xe0, 0x00,
    0x07, 0xff, 0xff, 0xff, 0xff, 0xff, 0xff, 0xff, 0xff, 0xff, 0xe0, 0x00, 0x3f, 0xff, 0xff, 0xff, 0xff, 0xe0, 0x0f, 0xff, 0xff, 0xff, 0xe0, 0x00,
    0x7f, 0xff, 0xff, 0xff, 0xff, 0x80, 0x00, 0x00, 0x01, 0xff, 0xe0, 0x00, 0xff, 0xff, 0xff, 0xff, 0xff, 0x00, 0x00, 0x00, 0x01, 0xff, 0xc0, 0x00,
    0xff, 0xff, 0xff, 0xff, 0xfc, 0x00, 0x00, 0x00, 0x01, 0xff, 0xc0, 0x00, 0xff, 0xff, 0xff, 0xff, 0xf8, 0x00, 0x00, 0x00, 0x01, 0xff, 0x80, 0x00,
    0xff, 0xff, 0xff, 0xff, 0xe0, 0x00, 0x00, 0x00, 0x03, 0xff, 0x00, 0x00, 0xff, 0xff, 0xff, 0xff, 0xc0, 0x00, 0x00, 0x00, 0x01, 0xfe, 0x00, 0x00,
    0x7f, 0xff, 0xff, 0xff, 0x80, 0x00, 0x00, 0x00, 0x00, 0xfc, 0x00, 0x00, 0x00, 0x7f, 0xff, 0xf0, 0x00, 0x00, 0x00, 0x00, 0x00, 0x78, 0x00, 0x00,
    0x00, 0x7f, 0xff, 0xc0, 0x00, 0x00, 0x00, 0x00, 0x00, 0x30, 0x00, 0x00, 0x00, 0xff, 0xff, 0x80, 0x00, 0x00, 0x00, 0x00, 0x00, 0x00, 0x00, 0x00,
    0x00, 0xff, 0xfe, 0x00, 0x00, 0x00, 0x00, 0x00, 0x00, 0x00, 0x00, 0x00, 0x01, 0xff, 0xfc, 0x00, 0x00, 0x00, 0x00, 0x00, 0x00, 0x00, 0x00, 0x00,
    0x01, 0xff, 0xf8, 0x00, 0x00, 0x00, 0x00, 0x00, 0x00, 0x00, 0x00, 0x00, 0x03, 0xff, 0xf0, 0x00, 0x00, 0x00, 0x00, 0x00, 0x00, 0x00, 0x00, 0x00,
    0x01, 0xff, 0xf0, 0x00, 0x00, 0x00, 0x00, 0x00, 0x00, 0x00, 0x00, 0x00, 0x00, 0xff, 0xc0, 0x00, 0x00, 0x00, 0x00, 0x00, 0x00, 0x00, 0x00, 0x00,
    0x00, 0x0f, 0x80, 0x00, 0x00, 0x00, 0x00, 0x00, 0x00, 0x00, 0x00, 0x00, 0x00, 0x00, 0x00, 0x00, 0x00, 0x00, 0x00, 0x00, 0x00, 0x00, 0x00, 0x00,
    0x00, 0x00, 0x00, 0x00, 0x00, 0x00, 0x00, 0x00, 0x00, 0x00, 0x00, 0x00, 0x00, 0x00, 0x00, 0x00, 0x00, 0x00, 0x00, 0x00, 0x00, 0x00, 0x00, 0x00,
  }},
};
constexpr RunCatBitmap kRunner1[] = { // rabbit
  {{
    0x00, 0x00, 0x00, 0x00, 0x00, 0x00, 0x00, 0x00, 0x00, 0x00, 0x00, 0x00, 0x00, 0x00, 0x00, 0x00, 0x00, 0x00, 0x00, 0x00, 0x00, 0x00, 0x00, 0x00,
    0x00, 0x00, 0x00, 0x00, 0x00, 0x00, 0x00, 0x00, 0x00, 0x00, 0x00, 0x00, 0x00, 0x00, 0x00, 0x00, 0x00, 0x00, 0x00, 0x00, 0x00, 0x00, 0x00, 0x00,
    0x00, 0x00, 0x00, 0x00, 0x00, 0x00, 0x00, 0x00, 0x00, 0x00, 0x00, 0x00, 0x00, 0x00, 0x00, 0x00, 0x00, 0x00, 0x00, 0x00, 0x00, 0x00, 0x00, 0x00,
    0x00, 0x00, 0x00, 0x00, 0x00, 0x00, 0x00, 0x00, 0x00, 0x00, 0x00, 0x00, 0x00, 0x00, 0x00, 0x00, 0x00, 0x00, 0x00, 0x00, 0x00, 0x00, 0x00, 0x00,
    0x00, 0x00, 0x00, 0x00, 0x00, 0x00, 0x00, 0x00, 0x00, 0x00, 0x00, 0x00, 0x00, 0x00, 0x00, 0x00, 0x00, 0x00, 0x00, 0x00, 0x00, 0x00, 0x00, 0x00,
    0x00, 0x00, 0x00, 0x00, 0x00, 0x00, 0x00, 0x00, 0x00, 0x00, 0x00, 0x00, 0x00, 0x00, 0x00, 0x00, 0x00, 0x00, 0x00, 0x00, 0x00, 0x00, 0x00, 0x00,
    0x00, 0x00, 0x00, 0x00, 0x00, 0x00, 0x00, 0x00, 0x00, 0x00, 0x00, 0x00, 0x00, 0x00, 0x00, 0x00, 0x00, 0x00, 0x00, 0x00, 0x00, 0x00, 0x00, 0x00,
    0x00, 0x00, 0x00, 0x00, 0x00, 0x00, 0x00, 0x00, 0x60, 0x00, 0x00, 0x00, 0x00, 0x00, 0x00, 0x00, 0x00, 0x00, 0x00, 0x00, 0xf0, 0x80, 0x00, 0x00,
    0x00, 0x00, 0x00, 0x00, 0x00, 0x00, 0x00, 0x01, 0xf1, 0xc0, 0x00, 0x00, 0x00, 0x00, 0x00, 0x00, 0x00, 0x00, 0x00, 0x01, 0xfb, 0xc0, 0x00, 0x00,
    0x00, 0x00, 0x00, 0x00, 0x00, 0x00, 0x00, 0x01, 0xff, 0xe0, 0x00, 0x00, 0x00, 0x00, 0x00, 0x00, 0x00, 0x00, 0x00, 0x01, 0xff, 0xe0, 0x00, 0x00,
    0x00, 0x00, 0x00, 0x00, 0x00, 0x00, 0x00, 0x01, 0xff, 0xc0, 0x00, 0x00, 0x00, 0x00, 0x00, 0x00, 0x00, 0x00, 0x00, 0x01, 0xff, 0xc0, 0x00, 0x00,
    0x00, 0x00, 0x00, 0x00, 0x00, 0x00, 0x00, 0x01, 0xff, 0xc0, 0x00, 0x00, 0x00, 0x00, 0x00, 0x00, 0x00, 0x00, 0x00, 0x01, 0xff, 0xc0, 0x00, 0x00,
    0x00, 0x00, 0x00, 0x01, 0xff, 0x00, 0x00, 0x01, 0xff, 0xc0, 0x00, 0x00, 0x00, 0x00, 0x00, 0x1f, 0xff, 0xf0, 0x00, 0x01, 0xff, 0x80, 0x00, 0x00,
    0x00, 0x00, 0x00, 0x3f, 0xff, 0xfc, 0x00, 0x01, 0xff, 0x80, 0x00, 0x00, 0x00, 0x00, 0x00, 0xff, 0xff, 0xff, 0x80, 0x00, 0xff, 0x00, 0x00, 0x00,
    0x00, 0x00, 0x00, 0xff, 0xff, 0xff, 0xf0, 0x00, 0xff, 0x80, 0x00, 0x00, 0x00, 0x00, 0x01, 0xff, 0xff, 0xff, 0xff, 0x80, 0xff, 0xc0, 0x00, 0x00,
    0x00, 0x00, 0x07, 0xff, 0xff, 0xff, 0xff, 0xff, 0xff, 0xe0, 0x00, 0x00, 0x00, 0x00, 0x0f, 0xff, 0xff, 0xff, 0xff, 0xff, 0xff, 0xe0, 0x00, 0x00,
    0x00, 0x00, 0x1f, 0xff, 0xff, 0xff, 0xff, 0xff, 0xff, 0xf0, 0x00, 0x00, 0x00, 0x00, 0x1f, 0xff, 0xff, 0xff, 0xff, 0xff, 0xff, 0xf0, 0x00, 0x00,
    0x00, 0x00, 0x1f, 0xff, 0xff, 0xff, 0xff, 0xff, 0xff, 0xf8, 0x00, 0x00, 0x00, 0x00, 0x1f, 0xff, 0xff, 0xff, 0xff, 0xff, 0xff, 0xf8, 0x00, 0x00,
    0x00, 0x00, 0x1f, 0xff, 0xff, 0xff, 0xff, 0xff, 0xff, 0xf8, 0x00, 0x00, 0x00, 0x00, 0x1f, 0xff, 0xff, 0xff, 0xff, 0xff, 0xff, 0xf8, 0x00, 0x00,
    0x00, 0x00, 0x0f, 0xff, 0xff, 0xff, 0xff, 0xff, 0xff, 0xf8, 0x00, 0x00, 0x00, 0x00, 0x00, 0xff, 0xff, 0xff, 0xff, 0xff, 0xff, 0xf8, 0x00, 0x00,
    0x00, 0x00, 0x00, 0x7f, 0xff, 0xff, 0xff, 0xff, 0xff, 0xf8, 0x00, 0x00, 0x00, 0x00, 0x00, 0x3f, 0xff, 0xff, 0xff, 0xff, 0xff, 0xf8, 0x00, 0x00,
    0x00, 0x00, 0x00, 0x3f, 0xff, 0xff, 0xff, 0xff, 0xff, 0xf0, 0x00, 0x00, 0x00, 0x00, 0x00, 0x0f, 0xff, 0xff, 0xff, 0xff, 0xe0, 0x00, 0x00, 0x00,
    0x00, 0x00, 0x00, 0x07, 0xff, 0xff, 0xff, 0xff, 0xc0, 0x00, 0x00, 0x00, 0x00, 0x00, 0x00, 0x01, 0xff, 0xff, 0xff, 0xff, 0x80, 0x00, 0x00, 0x00,
    0x00, 0x00, 0x00, 0x00, 0x7f, 0xff, 0xff, 0xfe, 0x00, 0x00, 0x00, 0x00, 0x00, 0x00, 0x00, 0x00, 0x3f, 0xff, 0xff, 0xf8, 0x00, 0x00, 0x00, 0x00,
    0x00, 0x00, 0x00, 0x00, 0x1f, 0xff, 0xff, 0x80, 0x00, 0x00, 0x00, 0x00, 0x00, 0x00, 0x00, 0x00, 0x1f, 0xff, 0xff, 0x80, 0x00, 0x00, 0x00, 0x00,
    0x00, 0x00, 0x00, 0x00, 0x1f, 0xff, 0xff, 0x80, 0x00, 0x00, 0x00, 0x00, 0x00, 0x00, 0x00, 0x00, 0x1f, 0xff, 0xff, 0xc0, 0x00, 0x00, 0x00, 0x00,
    0x00, 0x00, 0x00, 0x00, 0x1f, 0xff, 0xff, 0xe0, 0x00, 0x00, 0x00, 0x00, 0x00, 0x00, 0x00, 0x00, 0x1f, 0xff, 0xff, 0xf0, 0x00, 0x00, 0x00, 0x00,
    0x00, 0x00, 0x00, 0x00, 0x1f, 0xff, 0xff, 0xf0, 0x00, 0x00, 0x00, 0x00, 0x00, 0x00, 0x00, 0x00, 0x1f, 0xff, 0xff, 0xf0, 0x00, 0x00, 0x00, 0x00,
    0x00, 0x00, 0x00, 0x00, 0x1f, 0xff, 0xff, 0xe0, 0x00, 0x00, 0x00, 0x00, 0x00, 0x00, 0x00, 0x00, 0x00, 0xff, 0xff, 0xc0, 0x00, 0x00, 0x00, 0x00,
    0x00, 0x00, 0x00, 0x00, 0x00, 0x0f, 0xff, 0xc0, 0x00, 0x00, 0x00, 0x00, 0x00, 0x00, 0x00, 0x00, 0x00, 0x0f, 0xff, 0xc0, 0x00, 0x00, 0x00, 0x00,
    0x00, 0x00, 0x00, 0x00, 0x00, 0x07, 0xff, 0xc0, 0x00, 0x00, 0x00, 0x00, 0x00, 0x00, 0x00, 0x00, 0x00, 0x03, 0xe3, 0x80, 0x00, 0x00, 0x00, 0x00,
    0x00, 0x00, 0x00, 0x00, 0x00, 0x00, 0x00, 0x00, 0x00, 0x00, 0x00, 0x00, 0x00, 0x00, 0x00, 0x00, 0x00, 0x00, 0x00, 0x00, 0x00, 0x00, 0x00, 0x00,
  }},
  {{
    0x00, 0x00, 0x00, 0x00, 0x00, 0x00, 0x00, 0x00, 0x00, 0x00, 0x00, 0x00, 0x00, 0x00, 0x00, 0x00, 0x00, 0x00, 0x00, 0x00, 0x00, 0x00, 0x00, 0x00,
    0x00, 0x00, 0x00, 0x00, 0x00, 0x00, 0x00, 0x00, 0x00, 0x00, 0x00, 0x00, 0x00, 0x00, 0x00, 0x00, 0x00, 0x00, 0x00, 0x00, 0x00, 0x00, 0x00, 0x00,
    0x00, 0x00, 0x00, 0x00, 0x00, 0x00, 0x00, 0x00, 0x03, 0x00, 0x00, 0x00, 0x00, 0x00, 0x00, 0x00, 0x00, 0x00, 0x00, 0x00, 0x07, 0x00, 0x00, 0x00,
    0x00, 0x00, 0x00, 0x00, 0x00, 0x00, 0x00, 0x00, 0x07, 0x8e, 0x00, 0x00, 0x00, 0x00, 0x00, 0x00, 0x00, 0x00, 0x00, 0x00, 0x0f, 0x9e, 0x00, 0x00,
    0x00, 0x00, 0x00, 0x00, 0x00, 0x00, 0x00, 0x00, 0x0f, 0xfe, 0x00, 0x00, 0x00, 0x00, 0x00, 0x00, 0x00, 0x00, 0x00, 0x00, 0x0f, 0xfe, 0x00, 0x00,
    0x00, 0x00, 0x00, 0x00, 0x00, 0x00, 0x00, 0x00, 0x1f, 0xfe, 0x00, 0x00, 0x00, 0x00, 0x00, 0x00, 0x00, 0x00, 0x00, 0x00, 0x1f, 0xfe, 0x00, 0x00,
    0x00, 0x00, 0x00, 0x00, 0x00, 0x00, 0x00, 0x00, 0x1f, 0xfc, 0x00, 0x00, 0x00, 0x00, 0x00, 0x00, 0x00, 0x00, 0x00, 0x00, 0x1f, 0xfc, 0x00, 0x00,
    0x00, 0x00, 0x00, 0x00, 0x00, 0x00, 0x00, 0x00, 0x1f, 0xfc, 0x00, 0x00, 0x00, 0x00, 0x00, 0x00, 0x00, 0x00, 0x00, 0x00, 0x0f, 0xf8, 0x00, 0x00,
    0x00, 0x00, 0x00, 0x00, 0x00, 0x00, 0x00, 0x00, 0x0f, 0xf8, 0x00, 0x00, 0x00, 0x00, 0x00, 0x00, 0x00, 0x00, 0x00, 0x00, 0x0f, 0xf8, 0x00, 0x00,
    0x00, 0x00, 0x00, 0x00, 0x00, 0x00, 0x00, 0x00, 0x0f, 0xf8, 0x00, 0x00, 0x00, 0x00, 0x00, 0x00, 0x00, 0x00, 0x00, 0x00, 0x0f, 0xfc, 0x00, 0x00,
    0x00, 0x00, 0x00, 0x00, 0x00, 0x00, 0x00, 0x00, 0x0f, 0xfe, 0x00, 0x00, 0x00, 0x00, 0x00, 0x00, 0x00, 0x00, 0x00, 0x00, 0x3f, 0xff, 0x00, 0x00,
    0x00, 0x00, 0x00, 0x00, 0x00, 0x00, 0x00, 0x7f, 0xff, 0xff, 0x80, 0x00, 0x00, 0x00, 0x00, 0x00, 0x00, 0x00, 0x07, 0xff, 0xff, 0xff, 0x80, 0x00,
    0x00, 0x00, 0x00, 0x00, 0x00, 0x00, 0x3f, 0xff, 0xff, 0xff, 0xc0, 0x00, 0x00, 0x00, 0x00, 0x00, 0x00, 0x03, 0xff, 0xff, 0xff, 0xff, 0xc0, 0x00,
    0x00, 0x00, 0x00, 0x00, 0x00, 0x3f, 0xff, 0xff, 0xff, 0xff, 0xc0, 0x00, 0x00, 0x00, 0x00, 0x00, 0x07, 0xff, 0xff, 0xff, 0xff, 0xff, 0xc0, 0x00,
    0x00, 0x00, 0x00, 0x01, 0xff, 0xff, 0xff, 0xff, 0xff, 0xff, 0xc0, 0x00, 0x00, 0x00, 0x00, 0x07, 0xff, 0xff, 0xff, 0xff, 0xff, 0xff, 0xc0, 0x00,
    0x00, 0x00, 0x00, 0x0f, 0xff, 0xff, 0xff, 0xff, 0xff, 0xff, 0xc0, 0x00, 0x00, 0x00, 0x07, 0x1f, 0xff, 0xff, 0xff, 0xff, 0xff, 0xff, 0xc0, 0x00,
    0x00, 0x00, 0x0f, 0xff, 0xff, 0xff, 0xff, 0xff, 0xff, 0xff, 0x00, 0x00, 0x00, 0x00, 0x1f, 0xff, 0xff, 0xff, 0xff, 0xff, 0xff, 0x00, 0x00, 0x00,
    0x00, 0x00, 0x1f, 0xff, 0xff, 0xff, 0xff, 0xff, 0xfe, 0x00, 0x00, 0x00, 0x00, 0x00, 0x0f, 0xff, 0xff, 0xff, 0xff, 0xff, 0xfc, 0x00, 0x00, 0x00,
    0x00, 0x00, 0x0f, 0xff, 0xff, 0xff, 0xff, 0xff, 0xfc, 0x00, 0x00, 0x00, 0x00, 0x00, 0x07, 0xff, 0xff, 0xff, 0xff, 0xff, 0xf0, 0x00, 0x00, 0x00,
    0x00, 0x00, 0x07, 0xff, 0xff, 0xff, 0xff, 0xff, 0xf0, 0x00, 0x00, 0x00, 0x00, 0x00, 0x07, 0xff, 0xff, 0xff, 0xff, 0xff, 0xe0, 0x00, 0x00, 0x00,
    0x00, 0x00, 0x0f, 0xff, 0xff, 0xff, 0xff, 0xff, 0xe0, 0x00, 0x00, 0x00, 0x00, 0x00, 0x0f, 0xff, 0xff, 0xff, 0xff, 0xff, 0xe0, 0x00, 0x00, 0x00,
    0x00, 0x00, 0x07, 0xff, 0xff, 0xff, 0xf3, 0xff, 0xc0, 0x00, 0x00, 0x00, 0x00, 0x00, 0x03, 0xff, 0xff, 0xff, 0x01, 0xff, 0x80, 0x00, 0x00, 0x00,
    0x00, 0x00, 0x03, 0xff, 0xff, 0xfc, 0x01, 0xff, 0x80, 0x00, 0x00, 0x00, 0x00, 0x00, 0x01, 0xff, 0xff, 0xc0, 0x03, 0xff, 0x00, 0x00, 0x00, 0x00,
    0x00, 0x00, 0x00, 0xff, 0xfe, 0x00, 0x03, 0xfe, 0x00, 0x00, 0x00, 0x00, 0x00, 0x00, 0x00, 0xff, 0xfc, 0x00, 0x01, 0xfc, 0x00, 0x00, 0x00, 0x00,
    0x00, 0x00, 0x00, 0x7f, 0xfc, 0x00, 0x00, 0x00, 0x00, 0x00, 0x00, 0x00, 0x00, 0x00, 0x00, 0xff, 0xf8, 0x00, 0x00, 0x00, 0x00, 0x00, 0x00, 0x00,
    0x00, 0x00, 0x00, 0xff, 0xf8, 0x00, 0x00, 0x00, 0x00, 0x00, 0x00, 0x00, 0x00, 0x00, 0x01, 0xff, 0xf0, 0x00, 0x00, 0x00, 0x00, 0x00, 0x00, 0x00,
    0x00, 0x00, 0x03, 0xff, 0xf0, 0x00, 0x00, 0x00, 0x00, 0x00, 0x00, 0x00, 0x00, 0x00, 0x07, 0xff, 0xe0, 0x00, 0x00, 0x00, 0x00, 0x00, 0x00, 0x00,
    0x00, 0x00, 0x07, 0xff, 0x80, 0x00, 0x00, 0x00, 0x00, 0x00, 0x00, 0x00, 0x00, 0x00, 0x0f, 0xfe, 0x00, 0x00, 0x00, 0x00, 0x00, 0x00, 0x00, 0x00,
    0x00, 0x00, 0x1f, 0xfc, 0x00, 0x00, 0x00, 0x00, 0x00, 0x00, 0x00, 0x00, 0x00, 0x00, 0x1f, 0xfc, 0x00, 0x00, 0x00, 0x00, 0x00, 0x00, 0x00, 0x00,
    0x00, 0x00, 0x3f, 0xf8, 0x00, 0x00, 0x00, 0x00, 0x00, 0x00, 0x00, 0x00, 0x00, 0x00, 0x7f, 0xf8, 0x00, 0x00, 0x00, 0x00, 0x00, 0x00, 0x00, 0x00,
    0x00, 0x00, 0xff, 0xf0, 0x00, 0x00, 0x00, 0x00, 0x00, 0x00, 0x00, 0x00, 0x00, 0x01, 0xff, 0xc0, 0x00, 0x00, 0x00, 0x00, 0x00, 0x00, 0x00, 0x00,
    0x00, 0x01, 0xff, 0x00, 0x00, 0x00, 0x00, 0x00, 0x00, 0x00, 0x00, 0x00, 0x00, 0x01, 0xf8, 0x00, 0x00, 0x00, 0x00, 0x00, 0x00, 0x00, 0x00, 0x00,
  }},
  {{
    0x00, 0x00, 0x00, 0x00, 0x00, 0x00, 0x00, 0x00, 0x00, 0x80, 0x00, 0x00, 0x00, 0x00, 0x00, 0x00, 0x00, 0x00, 0x00, 0x00, 0x00, 0xc0, 0x00, 0x00,
    0x00, 0x00, 0x00, 0x00, 0x00, 0x00, 0x00, 0x00, 0x38, 0xe0, 0x00, 0x00, 0x00, 0x00, 0x00, 0x00, 0x00, 0x00, 0x00, 0x00, 0x3f, 0xe0, 0x00, 0x00,
    0x00, 0x00, 0x00, 0x00, 0x00, 0x00, 0x00, 0x00, 0x3f, 0xf0, 0x00, 0x00, 0x00, 0x00, 0x00, 0x00, 0x00, 0x00, 0x00, 0x00, 0x3f, 0xf0, 0x00, 0x00,
    0x00, 0x00, 0x00, 0x00, 0x00, 0x00, 0x00, 0x00, 0x3f, 0xf8, 0x00, 0x00, 0x00, 0x00, 0x00, 0x00, 0x00, 0x00, 0x00, 0x00, 0x1f, 0xf8, 0x00, 0x00,
    0x00, 0x00, 0x00, 0x00, 0x00, 0x00, 0x00, 0x00, 0x1f, 0xfc, 0x00, 0x00, 0x00, 0x00, 0x00, 0x00, 0x00, 0x00, 0x00, 0x00, 0x0f, 0xfc, 0x00, 0x00,
    0x00, 0x00, 0x00, 0x00, 0x00, 0x00, 0x00, 0x00, 0x0f, 0xfc, 0x00, 0x00, 0x00, 0x00, 0x00, 0x00, 0x00, 0x00, 0x00, 0x00, 0x07, 0xfe, 0x00, 0x00,
    0x00, 0x00, 0x00, 0x00, 0x00, 0x00, 0x00, 0x00, 0x03, 0xfe, 0x00, 0x00, 0x00, 0x00, 0x00, 0x00, 0x00, 0x00, 0x00, 0x00, 0x01, 0xff, 0x00, 0x00,
    0x00, 0x00, 0x00, 0x00, 0x00, 0x00, 0x00, 0x00, 0x00, 0xff, 0x80, 0x00, 0x00, 0x00, 0x00, 0x00, 0x00, 0x00, 0x00, 0x00, 0x00, 0xff, 0xc0, 0x00,
    0x00, 0x00, 0x00, 0x00, 0x00, 0x00, 0x00, 0x00, 0x01, 0xff, 0xe0, 0x00, 0x00, 0x00, 0x00, 0x00, 0x00, 0x00, 0x00, 0x00, 0x07, 0xff, 0xf0, 0x00,
    0x00, 0x00, 0x00, 0x00, 0x00, 0x00, 0x00, 0x00, 0x3f, 0xff, 0xf0, 0x00, 0x00, 0x00, 0x00, 0x00, 0x00, 0x00, 0x00, 0x03, 0xff, 0xff, 0xf8, 0x00,
    0x00, 0x00, 0x00, 0x00, 0x00, 0x00, 0x00, 0x3f, 0xff, 0xff, 0xf8, 0x00, 0x00, 0x00, 0x00, 0x00, 0x00, 0x00, 0x03, 0xff, 0xff, 0xff, 0xfc, 0x00,
    0x00, 0x00, 0x00, 0x01, 0xf8, 0x00, 0x3f, 0xff, 0xff, 0xff, 0xfc, 0x00, 0x00, 0x00, 0x07, 0xf7, 0xff, 0xff, 0xff, 0xff, 0xff, 0xff, 0xfc, 0x00,
    0x00, 0x00, 0x0f, 0xff, 0xff, 0xff, 0xff, 0xff, 0xff, 0xff, 0xfc, 0x00, 0x00, 0x00, 0x0f, 0xff, 0xff, 0xff, 0xff, 0xff, 0xff, 0xff, 0xfc, 0x00,
    0x00, 0x00, 0x07, 0xff, 0xff, 0xff, 0xff, 0xff, 0xff, 0xff, 0xf8, 0x00, 0x00, 0x00, 0x03, 0xff, 0xff, 0xff, 0xff, 0xff, 0xff, 0xff, 0xf0, 0x00,
    0x00, 0x00, 0x01, 0xff, 0xff, 0xff, 0xff, 0xff, 0xff, 0xfe, 0x00, 0x00, 0x00, 0x00, 0x01, 0xff, 0xff, 0xff, 0xff, 0xff, 0xff, 0xf8, 0x00, 0x00,
    0x00, 0x00, 0x00, 0xff, 0xff, 0xff, 0xff, 0xff, 0xff, 0xf8, 0x00, 0x00, 0x00, 0x00, 0x00, 0xff, 0xff, 0xff, 0xff, 0xff, 0xff, 0xf8, 0x00, 0x00,
    0x00, 0x00, 0x00, 0xff, 0xff, 0xff, 0xff, 0xff, 0xff, 0xfc, 0x00, 0x00, 0x00, 0x00, 0x00, 0xff, 0xff, 0xff, 0xff, 0xff, 0xff, 0xfe, 0x00, 0x00,
    0x00, 0x00, 0x01, 0xff, 0xff, 0xff, 0xff, 0xff, 0xff, 0xfe, 0x00, 0x00, 0x00, 0x00, 0x03, 0xff, 0xff, 0xff, 0xff, 0xff, 0x8f, 0xff, 0x00, 0x00,
    0x00, 0x00, 0x07, 0xff, 0xff, 0xff, 0xff, 0xf8, 0x03, 0xff, 0x80, 0x00, 0x00, 0x00, 0x7f, 0xff, 0xff, 0xff, 0xf0, 0x00, 0x03, 0xff, 0x80, 0x00,
    0x00, 0x07, 0xff, 0xff, 0xff, 0xff, 0x00, 0x00, 0x03, 0xff, 0x80, 0x00, 0x00, 0x3f, 0xff, 0xff, 0xff, 0xf0, 0x00, 0x00, 0x03, 0xff, 0x80, 0x00,
    0x00, 0x3f, 0xff, 0xff, 0xff, 0x80, 0x00, 0x00, 0x07, 0xff, 0x80, 0x00, 0x00, 0x3f, 0xff, 0xff, 0x80, 0x00, 0x00, 0x00, 0x07, 0xff, 0x80, 0x00,
    0x00, 0x3f, 0xff, 0xff, 0x00, 0x00, 0x00, 0x00, 0x03, 0xff, 0x80, 0x00, 0x00, 0x07, 0xff, 0xfc, 0x00, 0x00, 0x00, 0x00, 0x03, 0xff, 0x00, 0x00,
    0x00, 0x03, 0xff, 0xf8, 0x00, 0x00, 0x00, 0x00, 0x00, 0x0e, 0x00, 0x00, 0x00, 0x01, 0xff, 0xf0, 0x00, 0x00, 0x00, 0x00, 0x00, 0x00, 0x00, 0x00,
    0x00, 0x00, 0xff, 0x80, 0x00, 0x00, 0x00, 0x00, 0x00, 0x00, 0x00, 0x00, 0x00, 0x00, 0x7e, 0x00, 0x00, 0x00, 0x00, 0x00, 0x00, 0x00, 0x00, 0x00,
    0x00, 0x00, 0x00, 0x00, 0x00, 0x00, 0x00, 0x00, 0x00, 0x00, 0x00, 0x00, 0x00, 0x00, 0x00, 0x00, 0x00, 0x00, 0x00, 0x00, 0x00, 0x00, 0x00, 0x00,
    0x00, 0x00, 0x00, 0x00, 0x00, 0x00, 0x00, 0x00, 0x00, 0x00, 0x00, 0x00, 0x00, 0x00, 0x00, 0x00, 0x00, 0x00, 0x00, 0x00, 0x00, 0x00, 0x00, 0x00,
    0x00, 0x00, 0x00, 0x00, 0x00, 0x00, 0x00, 0x00, 0x00, 0x00, 0x00, 0x00, 0x00, 0x00, 0x00, 0x00, 0x00, 0x00, 0x00, 0x00, 0x00, 0x00, 0x00, 0x00,
    0x00, 0x00, 0x00, 0x00, 0x00, 0x00, 0x00, 0x00, 0x00, 0x00, 0x00, 0x00, 0x00, 0x00, 0x00, 0x00, 0x00, 0x00, 0x00, 0x00, 0x00, 0x00, 0x00, 0x00,
    0x00, 0x00, 0x00, 0x00, 0x00, 0x00, 0x00, 0x00, 0x00, 0x00, 0x00, 0x00, 0x00, 0x00, 0x00, 0x00, 0x00, 0x00, 0x00, 0x00, 0x00, 0x00, 0x00, 0x00,
    0x00, 0x00, 0x00, 0x00, 0x00, 0x00, 0x00, 0x00, 0x00, 0x00, 0x00, 0x00, 0x00, 0x00, 0x00, 0x00, 0x00, 0x00, 0x00, 0x00, 0x00, 0x00, 0x00, 0x00,
    0x00, 0x00, 0x00, 0x00, 0x00, 0x00, 0x00, 0x00, 0x00, 0x00, 0x00, 0x00, 0x00, 0x00, 0x00, 0x00, 0x00, 0x00, 0x00, 0x00, 0x00, 0x00, 0x00, 0x00,
    0x00, 0x00, 0x00, 0x00, 0x00, 0x00, 0x00, 0x00, 0x00, 0x00, 0x00, 0x00, 0x00, 0x00, 0x00, 0x00, 0x00, 0x00, 0x00, 0x00, 0x00, 0x00, 0x00, 0x00,
  }},
  {{
    0x00, 0x00, 0x00, 0x00, 0x00, 0x00, 0x00, 0x00, 0x00, 0x00, 0x00, 0x00, 0x00, 0x00, 0x00, 0x00, 0x00, 0x00, 0x00, 0x00, 0x00, 0x00, 0x00, 0x00,
    0x00, 0x00, 0x00, 0x00, 0x00, 0x00, 0x00, 0x00, 0x00, 0x00, 0x00, 0x00, 0x00, 0x00, 0x00, 0x00, 0x00, 0x00, 0x00, 0x00, 0x00, 0x00, 0x00, 0x00,
    0x00, 0x00, 0x00, 0x00, 0x00, 0x00, 0x00, 0x00, 0x60, 0x80, 0x00, 0x00, 0x00, 0x00, 0x00, 0x00, 0x00, 0x00, 0x00, 0x00, 0x71, 0xc0, 0x00, 0x00,
    0x00, 0x00, 0x00, 0x00, 0x00, 0x00, 0x00, 0x00, 0x71, 0xc0, 0x00, 0x00, 0x00, 0x00, 0x00, 0x00, 0x00, 0x00, 0x00, 0x00, 0xfb, 0xc0, 0x00, 0x00,
    0x00, 0x00, 0x00, 0x00, 0x00, 0x00, 0x00, 0x00, 0xff, 0xc0, 0x00, 0x00, 0x00, 0x00, 0x00, 0x00, 0x00, 0x00, 0x00, 0x00, 0xff, 0xc0, 0x00, 0x00,
    0x00, 0x00, 0x00, 0x00, 0x00, 0x00, 0x00, 0x00, 0xff, 0xc0, 0x00, 0x00, 0x00, 0x00, 0x00, 0x00, 0x00, 0x00, 0x00, 0x00, 0xff, 0xc0, 0x00, 0x00,
    0x00, 0x00, 0x00, 0x00, 0x00, 0x00, 0x00, 0x00, 0xff, 0xc0, 0x00, 0x00, 0x00, 0x00, 0x00, 0x00, 0x00, 0x00, 0x00, 0x00, 0xff, 0xc0, 0x00, 0x00,
    0x00, 0x00, 0x00, 0x00, 0x00, 0x00, 0x00, 0x00, 0xff, 0xc0, 0x00, 0x00, 0x00, 0x00, 0x02, 0x00, 0x00, 0x00, 0x00, 0x00, 0x7f, 0x80, 0x00, 0x00,
    0x00, 0x00, 0x0f, 0x87, 0xc0, 0x00, 0x00, 0x00, 0x7f, 0xc0, 0x00, 0x00, 0x00, 0x00, 0x1f, 0xff, 0xf0, 0x00, 0x00, 0x00, 0x7f, 0xc0, 0x00, 0x00,
    0x00, 0x00, 0x3f, 0xff, 0xfe, 0x00, 0x00, 0x00, 0x7f, 0xe0, 0x00, 0x00, 0x00, 0x00, 0x1f, 0xff, 0xff, 0x80, 0x00, 0x00, 0x7f, 0xf0, 0x00, 0x00,
    0x00, 0x00, 0x0f, 0xff, 0xff, 0xf0, 0x00, 0x00, 0x7f, 0xf8, 0x00, 0x00, 0x00, 0x00, 0x07, 0xff, 0xff, 0xfc, 0x00, 0x00, 0xff, 0xf8, 0x00, 0x00,
    0x00, 0x00, 0x03, 0xff, 0xff, 0xff, 0x00, 0x01, 0xff, 0xfc, 0x00, 0x00, 0x00, 0x00, 0x03, 0xff, 0xff, 0xff, 0xf8, 0x1f, 0xff, 0xfc, 0x00, 0x00,
    0x00, 0x00, 0x07, 0xff, 0xff, 0xff, 0xff, 0xff, 0xff, 0xfe, 0x00, 0x00, 0x00, 0x00, 0x07, 0xff, 0xff, 0xff, 0xff, 0xff, 0xff, 0xfe, 0x00, 0x00,
    0x00, 0x00, 0x0f, 0xff, 0xff, 0xff, 0xff, 0xff, 0xff, 0xfe, 0x00, 0x00, 0x00, 0x01, 0xff, 0xff, 0xff, 0xff, 0xff, 0xff, 0xff, 0xff, 0x00, 0x00,
    0x00, 0x03, 0xff, 0xff, 0xff, 0xff, 0xff, 0xff, 0xff, 0xff, 0x00, 0x00, 0x00, 0x03, 0xff, 0xff, 0xff, 0xff, 0xff, 0xff, 0xff, 0xfe, 0x00, 0x00,
    0x00, 0x03, 0xff, 0xff, 0xff, 0xff, 0xff, 0xff, 0xff, 0xfe, 0x00, 0x00, 0x00, 0x07, 0xff, 0xff, 0xff, 0xff, 0xff, 0xff, 0xff, 0xfc, 0x00, 0x00,
    0x00, 0x07, 0xff, 0xff, 0xff, 0xff, 0xff, 0xff, 0xff, 0x80, 0x00, 0x00, 0x00, 0x07, 0xff, 0xff, 0xff, 0xff, 0xff, 0xff, 0xff, 0x80, 0x00, 0x00,
    0x00, 0x07, 0xff, 0xff, 0xff, 0xff, 0xff, 0xff, 0xff, 0x80, 0x00, 0x00, 0x00, 0x0f, 0xff, 0xfc, 0x3f, 0xff, 0xff, 0xff, 0xff, 0xc0, 0x00, 0x00,
    0x00, 0x0f, 0xff, 0xf0, 0x07, 0xff, 0xff, 0xff, 0xff, 0xc0, 0x00, 0x00, 0x00, 0x0f, 0xff, 0xc0, 0x00, 0xff, 0xff, 0xff, 0xff, 0xe0, 0x00, 0x00,
    0x00, 0x01, 0xf8, 0x00, 0x00, 0x07, 0xff, 0xfc, 0x7f, 0xf0, 0x00, 0x00, 0x00, 0x01, 0xe0, 0x00, 0x00, 0x00, 0x00, 0x00, 0x3f, 0xfc, 0x00, 0x00,
    0x00, 0x03, 0xc0, 0x00, 0x00, 0x00, 0x00, 0x00, 0x1f, 0xfe, 0x00, 0x00, 0x00, 0x03, 0x80, 0x00, 0x00, 0x00, 0x00, 0x00, 0x0f, 0xff, 0x80, 0x00,
    0x00, 0x00, 0x00, 0x00, 0x00, 0x00, 0x00, 0x00, 0x07, 0xff, 0xc0, 0x00, 0x00, 0x00, 0x00, 0x00, 0x00, 0x00, 0x00, 0x00, 0x01, 0xff, 0xf0, 0x00,
    0x00, 0x00, 0x00, 0x00, 0x00, 0x00, 0x00, 0x00, 0x00, 0xff, 0xf0, 0x00, 0x00, 0x00, 0x00, 0x00, 0x00, 0x00, 0x00, 0x00, 0x00, 0x3f, 0xf0, 0x00,
    0x00, 0x00, 0x00, 0x00, 0x00, 0x00, 0x00, 0x00, 0x00, 0x00, 0x00, 0x00, 0x00, 0x00, 0x00, 0x00, 0x00, 0x00, 0x00, 0x00, 0x00, 0x00, 0x00, 0x00,
    0x00, 0x00, 0x00, 0x00, 0x00, 0x00, 0x00, 0x00, 0x00, 0x00, 0x00, 0x00, 0x00, 0x00, 0x00, 0x00, 0x00, 0x00, 0x00, 0x00, 0x00, 0x00, 0x00, 0x00,
    0x00, 0x00, 0x00, 0x00, 0x00, 0x00, 0x00, 0x00, 0x00, 0x00, 0x00, 0x00, 0x00, 0x00, 0x00, 0x00, 0x00, 0x00, 0x00, 0x00, 0x00, 0x00, 0x00, 0x00,
    0x00, 0x00, 0x00, 0x00, 0x00, 0x00, 0x00, 0x00, 0x00, 0x00, 0x00, 0x00, 0x00, 0x00, 0x00, 0x00, 0x00, 0x00, 0x00, 0x00, 0x00, 0x00, 0x00, 0x00,
    0x00, 0x00, 0x00, 0x00, 0x00, 0x00, 0x00, 0x00, 0x00, 0x00, 0x00, 0x00, 0x00, 0x00, 0x00, 0x00, 0x00, 0x00, 0x00, 0x00, 0x00, 0x00, 0x00, 0x00,
    0x00, 0x00, 0x00, 0x00, 0x00, 0x00, 0x00, 0x00, 0x00, 0x00, 0x00, 0x00, 0x00, 0x00, 0x00, 0x00, 0x00, 0x00, 0x00, 0x00, 0x00, 0x00, 0x00, 0x00,
    0x00, 0x00, 0x00, 0x00, 0x00, 0x00, 0x00, 0x00, 0x00, 0x00, 0x00, 0x00, 0x00, 0x00, 0x00, 0x00, 0x00, 0x00, 0x00, 0x00, 0x00, 0x00, 0x00, 0x00,
    0x00, 0x00, 0x00, 0x00, 0x00, 0x00, 0x00, 0x00, 0x00, 0x00, 0x00, 0x00, 0x00, 0x00, 0x00, 0x00, 0x00, 0x00, 0x00, 0x00, 0x00, 0x00, 0x00, 0x00,
    0x00, 0x00, 0x00, 0x00, 0x00, 0x00, 0x00, 0x00, 0x00, 0x00, 0x00, 0x00, 0x00, 0x00, 0x00, 0x00, 0x00, 0x00, 0x00, 0x00, 0x00, 0x00, 0x00, 0x00,
  }},
  {{
    0x00, 0x00, 0x00, 0x00, 0x00, 0x00, 0x00, 0x00, 0x00, 0x00, 0x00, 0x00, 0x00, 0x00, 0x00, 0x00, 0x00, 0x00, 0x00, 0x00, 0x00, 0x00, 0x00, 0x00,
    0x00, 0x00, 0x00, 0x00, 0x00, 0x00, 0x00, 0x00, 0x00, 0x00, 0x00, 0x00, 0x00, 0x00, 0x00, 0x00, 0x00, 0x00, 0x00, 0x00, 0x00, 0x00, 0x00, 0x00,
    0x00, 0x00, 0x00, 0x00, 0x00, 0x00, 0x00, 0x00, 0x00, 0x00, 0x00, 0x00, 0x00, 0x00, 0x00, 0x00, 0x00, 0x00, 0x00, 0x00, 0x00, 0x00, 0x00, 0x00,
    0x00, 0x00, 0x00, 0x00, 0x00, 0x00, 0x00, 0x00, 0x00, 0x00, 0x00, 0x00, 0x00, 0x00, 0x00, 0x00, 0x00, 0x00, 0x00, 0x00, 0x00, 0x00, 0x00, 0x00,
    0x00, 0x00, 0x00, 0x00, 0x00, 0x00, 0x00, 0x00, 0x00, 0x00, 0x00, 0x00, 0x00, 0x00, 0x00, 0x00, 0x00, 0x00, 0x00, 0x00, 0x80, 0x00, 0x00, 0x00,
    0x00, 0x00, 0x00, 0x00, 0x00, 0x00, 0x00, 0x01, 0xc0, 0x00, 0x00, 0x00, 0x00, 0x00, 0x00, 0x00, 0x00, 0x00, 0x00, 0x01, 0xc3, 0x80, 0x00, 0x00,
    0x00, 0x00, 0x00, 0x00, 0x00, 0x00, 0x00, 0x01, 0xe3, 0x80, 0x00, 0x00, 0x00, 0x00, 0x00, 0x00, 0x00, 0x00, 0x00, 0x03, 0xe7, 0x00, 0x00, 0x00,
    0x00, 0x00, 0x00, 0x00, 0x00, 0x00, 0x00, 0x03, 0xff, 0x00, 0x00, 0x00, 0x00, 0x00, 0x00, 0x00, 0x00, 0x00, 0x00, 0x03, 0xff, 0x00, 0x00, 0x00,
    0x00, 0x00, 0x00, 0x00, 0x00, 0x00, 0x00, 0x03, 0xff, 0x00, 0x00, 0x00, 0x00, 0x00, 0x00, 0x00, 0x00, 0x00, 0x00, 0x03, 0xff, 0x00, 0x00, 0x00,
    0x00, 0x00, 0x00, 0x00, 0x00, 0x00, 0x00, 0x03, 0xff, 0x00, 0x00, 0x00, 0x00, 0x00, 0x00, 0x00, 0x00, 0x00, 0x00, 0x03, 0xff, 0x00, 0x00, 0x00,
    0x00, 0x00, 0x00, 0x01, 0xfe, 0x00, 0x00, 0x01, 0xff, 0x00, 0x00, 0x00, 0x00, 0x00, 0x00, 0x07, 0xff, 0xf0, 0x00, 0x01, 0xff, 0x00, 0x00, 0x00,
    0x00, 0x00, 0x00, 0x0f, 0xff, 0xff, 0x00, 0x01, 0xff, 0x00, 0x00, 0x00, 0x00, 0x00, 0x00, 0x3f, 0xff, 0xff, 0xe0, 0x01, 0xff, 0x00, 0x00, 0x00,
    0x00, 0x00, 0x00, 0x3f, 0xff, 0xff, 0xf8, 0x00, 0xff, 0x80, 0x00, 0x00, 0x00, 0x00, 0x00, 0x7f, 0xff, 0xff, 0xfe, 0x01, 0xff, 0xc0, 0x00, 0x00,
    0x00, 0x00, 0x00, 0x7f, 0xff, 0xff, 0xff, 0x01, 0xff, 0xe0, 0x00, 0x00, 0x00, 0x00, 0x00, 0xff, 0xff, 0xff, 0xff, 0xc3, 0xff, 0xe0, 0x00, 0x00,
    0x00, 0x00, 0x00, 0xff, 0xff, 0xff, 0xff, 0xf3, 0xff, 0xf0, 0x00, 0x00, 0x00, 0x00, 0x01, 0xff, 0xff, 0xff, 0xff, 0xff, 0xff, 0xf0, 0x00, 0x00,
    0x00, 0x00, 0x03, 0xff, 0xff, 0xff, 0xff, 0xff, 0xff, 0xf8, 0x00, 0x00, 0x00, 0x00, 0x07, 0xff, 0xff, 0xff, 0xff, 0xff, 0xff, 0xf8, 0x00, 0x00,
    0x00, 0x00, 0x0f, 0xff, 0xff, 0xff, 0xff, 0xff, 0xff, 0xf8, 0x00, 0x00, 0x00, 0x00, 0x1f, 0xff, 0xff, 0xff, 0xff, 0xff, 0xff, 0xf8, 0x00, 0x00,
    0x00, 0x00, 0x1f, 0xff, 0xff, 0xff, 0xff, 0xff, 0xff, 0xf8, 0x00, 0x00, 0x00, 0x00, 0x1f, 0xff, 0xff, 0xff, 0xff, 0xff, 0xff, 0xf8, 0x00, 0x00,
    0x00, 0x00, 0x1f, 0xff, 0xff, 0xff, 0xff, 0xff, 0xff, 0xf8, 0x00, 0x00, 0x00, 0x00, 0x0f, 0xff, 0xff, 0xff, 0xff, 0xff, 0xff, 0xe0, 0x00, 0x00,
    0x00, 0x00, 0x00, 0x7f, 0xff, 0xff, 0xff, 0xff, 0xf8, 0x00, 0x00, 0x00, 0x00, 0x00, 0x00, 0x3f, 0xff, 0xff, 0xff, 0xff, 0xe0, 0x00, 0x00, 0x00,
    0x00, 0x00, 0x00, 0x3f, 0xff, 0xff, 0xff, 0xff, 0xe0, 0x00, 0x00, 0x00, 0x00, 0x00, 0x00, 0x3f, 0xff, 0xff, 0xff, 0xff, 0xc0, 0x00, 0x00, 0x00,
    0x00, 0x00, 0x00, 0x3f, 0xf8, 0x07, 0xff, 0xff, 0xe0, 0x00, 0x00, 0x00, 0x00, 0x00, 0x00, 0x3f, 0xf0, 0x00, 0x00, 0x3f, 0xe0, 0x00, 0x00, 0x00,
    0x00, 0x00, 0x00, 0x7f, 0xf0, 0x00, 0x00, 0x1f, 0xe0, 0x00, 0x00, 0x00, 0x00, 0x00, 0x00, 0xff, 0xe0, 0x00, 0x00, 0x0f, 0xe0, 0x00, 0x00, 0x00,
    0x00, 0x00, 0x00, 0xff, 0xc0, 0x00, 0x00, 0x0f, 0xe0, 0x00, 0x00, 0x00, 0x00, 0x00, 0x00, 0xff, 0xc0, 0x00, 0x00, 0x0f, 0xf0, 0x00, 0x00, 0x00,
    0x00, 0x00, 0x00, 0xff, 0x80, 0x00, 0x00, 0x07, 0xf0, 0x00, 0x00, 0x00, 0x00, 0x00, 0x00, 0x7f, 0xc0, 0x00, 0x00, 0x07, 0xf0, 0x00, 0x00, 0x00,
    0x00, 0x00, 0x00, 0x3f, 0xc0, 0x00, 0x00, 0x03, 0xf8, 0x00, 0x00, 0x00, 0x00, 0x00, 0x00, 0x3f, 0xe0, 0x00, 0x00, 0x01, 0xf8, 0x00, 0x00, 0x00,
    0x00, 0x00, 0x00, 0x3f, 0xe0, 0x00, 0x00, 0x01, 0xfc, 0x00, 0x00, 0x00, 0x00, 0x00, 0x00, 0x1f, 0xe0, 0x00, 0x00, 0x00, 0xfc, 0x00, 0x00, 0x00,
    0x00, 0x00, 0x00, 0x1f, 0xe0, 0x00, 0x00, 0x00, 0xfe, 0x00, 0x00, 0x00, 0x00, 0x00, 0x00, 0x1f, 0xe0, 0x00, 0x00, 0x00, 0x7e, 0x00, 0x00, 0x00,
    0x00, 0x00, 0x00, 0x0f, 0xe0, 0x00, 0x00, 0x00, 0x3f, 0x00, 0x00, 0x00, 0x00, 0x00, 0x00, 0x0f, 0xe0, 0x00, 0x00, 0x00, 0x3f, 0x00, 0x00, 0x00,
    0x00, 0x00, 0x00, 0x0f, 0xc0, 0x00, 0x00, 0x00, 0x1f, 0x00, 0x00, 0x00, 0x00, 0x00, 0x00, 0x0f, 0x80, 0x00, 0x00, 0x00, 0x0f, 0x00, 0x00, 0x00,
    0x00, 0x00, 0x00, 0x0f, 0x80, 0x00, 0x00, 0x00, 0x06, 0x00, 0x00, 0x00, 0x00, 0x00, 0x00, 0x07, 0x80, 0x00, 0x00, 0x00, 0x00, 0x00, 0x00, 0x00,
    0x00, 0x00, 0x00, 0x00, 0x00, 0x00, 0x00, 0x00, 0x00, 0x00, 0x00, 0x00, 0x00, 0x00, 0x00, 0x00, 0x00, 0x00, 0x00, 0x00, 0x00, 0x00, 0x00, 0x00,
  }},
};
constexpr RunCatBitmap kRunner2[] = { // welsh-corgi
  {{
    0x00, 0x00, 0x00, 0x00, 0x00, 0x00, 0x00, 0x00, 0x00, 0x00, 0x00, 0x00, 0x00, 0x00, 0x00, 0x00, 0x00, 0x00, 0x00, 0x00, 0x00, 0x10, 0x00, 0x00,
    0x00, 0x00, 0x00, 0x00, 0x00, 0x00, 0x00, 0x00, 0x00, 0xfc, 0x00, 0x00, 0x00, 0x00, 0x00, 0x00, 0x00, 0x00, 0x00, 0x00, 0x00, 0xfc, 0x00, 0x00,
    0x00, 0x00, 0x00, 0x00, 0x00, 0x00, 0x00, 0x00, 0x00, 0xfc, 0x00, 0x00, 0x00, 0x00, 0x00, 0x00, 0x00, 0x00, 0x00, 0x00, 0x00, 0xfe, 0x00, 0x00,
    0x00, 0x00, 0x00, 0x00, 0x00, 0x00, 0x00, 0x00, 0x00, 0xfe, 0x00, 0x00, 0x00, 0x00, 0x00, 0x00, 0x00, 0x00, 0x00, 0x00, 0x00, 0xff, 0x00, 0x00,
    0x00, 0x00, 0x00, 0x00, 0x00, 0x00, 0x00, 0x00, 0x00, 0xff, 0x00, 0x00, 0x00, 0x00, 0x00, 0x00, 0x00, 0x00, 0x00, 0x00, 0x00, 0xff, 0xc0, 0x00,
    0x00, 0x00, 0x00, 0x00, 0x00, 0x00, 0x00, 0x00, 0x00, 0xff, 0xe0, 0x00, 0x00, 0x00, 0x00, 0x00, 0x00, 0x00, 0x00, 0x00, 0x01, 0xff, 0xf8, 0x00,
    0x00, 0x00, 0x00, 0x00, 0x00, 0x00, 0x00, 0x00, 0x03, 0xff, 0xfc, 0x00, 0x00, 0x00, 0x00, 0x00, 0x00, 0x00, 0x00, 0x00, 0x0f, 0xff, 0xfc, 0x00,
    0x00, 0x00, 0x00, 0x00, 0x00, 0x00, 0x00, 0x00, 0x1f, 0xff, 0xfc, 0x00, 0x00, 0x00, 0x00, 0x00, 0x00, 0x00, 0x00, 0x00, 0x7f, 0xff, 0xfe, 0x00,
    0x00, 0x00, 0x00, 0x00, 0x00, 0x00, 0x00, 0x01, 0xff, 0xff, 0xfe, 0x00, 0x00, 0x00, 0x00, 0x00, 0x00, 0x00, 0x00, 0x03, 0xff, 0xff, 0xff, 0x00,
    0x00, 0x00, 0x00, 0x00, 0x00, 0x00, 0x00, 0x07, 0xff, 0xff, 0xff, 0x80, 0x00, 0x00, 0x00, 0x00, 0x00, 0x00, 0x00, 0x0f, 0xff, 0xff, 0xff, 0xc0,
    0x00, 0x00, 0x00, 0x00, 0x00, 0x00, 0x00, 0x3f, 0xff, 0xff, 0xff, 0xf0, 0x00, 0x00, 0x00, 0x00, 0x00, 0x00, 0x00, 0x7f, 0xff, 0xff, 0xff, 0xf8,
    0x00, 0x00, 0x00, 0x00, 0x00, 0x00, 0x01, 0xff, 0xff, 0xff, 0xff, 0xf8, 0x00, 0x00, 0x00, 0x00, 0x03, 0xf8, 0x0f, 0xff, 0xff, 0xff, 0xff, 0xf8,
    0x00, 0x00, 0x00, 0x00, 0xff, 0xff, 0xff, 0xff, 0xff, 0xff, 0xfc, 0xe0, 0x00, 0x00, 0x00, 0x7f, 0xff, 0xff, 0xff, 0xff, 0xff, 0xff, 0xfc, 0x00,
    0x00, 0x00, 0x03, 0xff, 0xff, 0xff, 0xff, 0xff, 0xff, 0xff, 0xfe, 0x00, 0x00, 0x00, 0x0f, 0xff, 0xff, 0xff, 0xff, 0xff, 0xff, 0xff, 0xff, 0x00,
    0x00, 0x00, 0x3f, 0xff, 0xff, 0xff, 0xff, 0xff, 0xff, 0xff, 0xff, 0x00, 0x00, 0x00, 0xff, 0xff, 0xff, 0xff, 0xff, 0xff, 0xff, 0xff, 0x1e, 0x00,
    0x00, 0x03, 0xff, 0xff, 0xff, 0xff, 0xff, 0xff, 0xff, 0xfe, 0x00, 0x00, 0x00, 0x0f, 0xff, 0xff, 0xff, 0xff, 0xff, 0xff, 0xff, 0xfc, 0x00, 0x00,
    0x00, 0x3f, 0xff, 0xff, 0xff, 0xff, 0xff, 0xff, 0xff, 0xfc, 0x00, 0x00, 0x00, 0x3f, 0xff, 0xff, 0xff, 0xff, 0xff, 0xff, 0xff, 0xfc, 0x00, 0x00,
    0x00, 0x3f, 0xff, 0xff, 0xff, 0xff, 0xff, 0xff, 0xff, 0xf8, 0x00, 0x00, 0x00, 0x3f, 0xff, 0xff, 0xff, 0xff, 0xff, 0xff, 0xff, 0xf8, 0x00, 0x00,
    0x00, 0x3f, 0xff, 0xff, 0xff, 0xff, 0xff, 0xff, 0xff, 0xf0, 0x00, 0x00, 0x00, 0x3f, 0xff, 0xff, 0xff, 0xff, 0xff, 0xff, 0xff, 0xf0, 0x00, 0x00,
    0x00, 0x3f, 0xff, 0xff, 0xff, 0xff, 0xff, 0xff, 0xff, 0xf0, 0x00, 0x00, 0x00, 0x7f, 0xff, 0xff, 0xff, 0xff, 0xff, 0xff, 0xff, 0xf0, 0x00, 0x00,
    0x00, 0x7f, 0xff, 0xff, 0xff, 0xff, 0xff, 0xff, 0xff, 0xe0, 0x00, 0x00, 0x00, 0xff, 0xff, 0xff, 0xff, 0xff, 0xff, 0xff, 0xff, 0xe0, 0x00, 0x00,
    0x00, 0xff, 0xff, 0xff, 0xff, 0xff, 0xff, 0xff, 0xff, 0xf0, 0x00, 0x00, 0x00, 0xff, 0xff, 0xff, 0xff, 0xff, 0xff, 0xff, 0xff, 0xfc, 0x00, 0x00,
    0x00, 0xff, 0xff, 0xff, 0xff, 0xff, 0xff, 0xff, 0xff, 0xff, 0x00, 0x00, 0x00, 0xff, 0xff, 0xff, 0xf3, 0xff, 0xff, 0xff, 0xff, 0xff, 0x80, 0x00,
    0x00, 0xff, 0xff, 0xff, 0xe0, 0x3f, 0xff, 0xff, 0xff, 0xff, 0xc0, 0x00, 0x00, 0xff, 0xff, 0xff, 0xe0, 0x07, 0xff, 0xff, 0xff, 0xff, 0xe0, 0x00,
    0x00, 0xff, 0xff, 0xff, 0xc0, 0x00, 0x1f, 0xff, 0xff, 0xff, 0xf8, 0x00, 0x00, 0xff, 0xff, 0xff, 0xc0, 0x00, 0x00, 0x01, 0xff, 0xff, 0xfc, 0x00,
    0x00, 0xff, 0xff, 0xff, 0xc0, 0x00, 0x00, 0x00, 0xff, 0x01, 0xfe, 0x00, 0x00, 0x7f, 0xe1, 0xff, 0xc0, 0x00, 0x00, 0x00, 0x7e, 0x00, 0xfe, 0x00,
    0x00, 0x7f, 0x80, 0x3f, 0xe0, 0x00, 0x00, 0x00, 0x3e, 0x00, 0x7c, 0x00, 0x00, 0x7e, 0x00, 0x1f, 0xe0, 0x00, 0x00, 0x00, 0x3c, 0x00, 0x00, 0x00,
    0x00, 0xf8, 0x00, 0x0f, 0xe0, 0x00, 0x00, 0x00, 0x3c, 0x00, 0x00, 0x00, 0x00, 0xf8, 0x00, 0x0f, 0xe0, 0x00, 0x00, 0x00, 0x7c, 0x00, 0x00, 0x00,
    0x01, 0xf0, 0x00, 0x0f, 0xf0, 0x00, 0x00, 0x00, 0x7c, 0x00, 0x00, 0x00, 0x01, 0xf0, 0x00, 0x07, 0xf0, 0x00, 0x00, 0x00, 0xfc, 0x00, 0x00, 0x00,
    0x01, 0xf0, 0x00, 0x03, 0xf8, 0x00, 0x00, 0x00, 0xf8, 0x00, 0x00, 0x00, 0x01, 0xf0, 0x00, 0x03, 0xfc, 0x00, 0x00, 0x00, 0xf0, 0x00, 0x00, 0x00,
    0x01, 0xf0, 0x00, 0x01, 0xfe, 0x00, 0x00, 0x00, 0x20, 0x00, 0x00, 0x00, 0x00, 0x60, 0x00, 0x00, 0xfe, 0x00, 0x00, 0x00, 0x00, 0x00, 0x00, 0x00,
    0x00, 0x00, 0x00, 0x00, 0x3e, 0x00, 0x00, 0x00, 0x00, 0x00, 0x00, 0x00, 0x00, 0x00, 0x00, 0x00, 0x18, 0x00, 0x00, 0x00, 0x00, 0x00, 0x00, 0x00,
  }},
  {{
    0x00, 0x00, 0x00, 0x00, 0x00, 0x00, 0x00, 0x00, 0x00, 0x00, 0x00, 0x00, 0x00, 0x00, 0x00, 0x00, 0x00, 0x00, 0x00, 0x00, 0x00, 0x00, 0x00, 0x00,
    0x00, 0x00, 0x00, 0x00, 0x00, 0x00, 0x00, 0x00, 0x00, 0x00, 0x00, 0x00, 0x00, 0x00, 0x00, 0x00, 0x00, 0x00, 0x00, 0x00, 0x00, 0x1f, 0x00, 0x00,
    0x00, 0x00, 0x00, 0x00, 0x00, 0x00, 0x00, 0x00, 0x00, 0x1f, 0x80, 0x00, 0x00, 0x00, 0x00, 0x00, 0x00, 0x00, 0x00, 0x00, 0x00, 0x1f, 0x80, 0x00,
    0x00, 0x00, 0x00, 0x00, 0x00, 0x00, 0x00, 0x00, 0x00, 0x1f, 0x80, 0x00, 0x00, 0x00, 0x00, 0x00, 0x00, 0x00, 0x00, 0x00, 0x00, 0x1f, 0x80, 0x00,
    0x00, 0x00, 0x00, 0x00, 0x00, 0x00, 0x00, 0x00, 0x00, 0x1f, 0x80, 0x00, 0x00, 0x00, 0x00, 0x00, 0x00, 0x00, 0x00, 0x00, 0x00, 0x1f, 0xc0, 0x00,
    0x00, 0x00, 0x00, 0x00, 0x00, 0x00, 0x00, 0x00, 0x00, 0x1f, 0xe0, 0x00, 0x00, 0x00, 0x00, 0x00, 0x00, 0x00, 0x00, 0x00, 0x00, 0x3f, 0xf0, 0x00,
    0x00, 0x00, 0x00, 0x00, 0x00, 0x00, 0x00, 0x00, 0x00, 0x7f, 0xfc, 0x00, 0x00, 0x00, 0x00, 0x00, 0x00, 0x00, 0x00, 0x00, 0x00, 0xff, 0xfe, 0x00,
    0x00, 0x00, 0x00, 0x00, 0x00, 0x00, 0x00, 0x00, 0x03, 0xff, 0xff, 0x00, 0x00, 0x00, 0x00, 0x00, 0x00, 0x00, 0x00, 0x00, 0x07, 0xff, 0xff, 0x00,
    0x00, 0x00, 0x00, 0x00, 0x00, 0x00, 0x00, 0x00, 0x1f, 0xff, 0xff, 0x00, 0x00, 0x00, 0x00, 0x00, 0x00, 0x00, 0x00, 0x00, 0x3f, 0xff, 0xff, 0x00,
    0x00, 0x00, 0x00, 0x00, 0x00, 0x00, 0x00, 0x00, 0x7f, 0xff, 0xff, 0x80, 0x00, 0x00, 0x00, 0x00, 0x00, 0x00, 0x00, 0x00, 0xff, 0xff, 0xff, 0xc0,
    0x00, 0x00, 0x00, 0x00, 0x00, 0x00, 0x00, 0x01, 0xff, 0xff, 0xff, 0xf0, 0x00, 0x00, 0x00, 0x00, 0x00, 0x00, 0x00, 0x07, 0xff, 0xff, 0xff, 0xf8,
    0x00, 0x00, 0x00, 0x38, 0x00, 0x00, 0x00, 0x0f, 0xff, 0xff, 0xff, 0xfc, 0x00, 0x00, 0x07, 0xff, 0xf0, 0x00, 0x00, 0x1f, 0xff, 0xff, 0xff, 0xfe,
    0x00, 0x00, 0x0f, 0xff, 0xff, 0x00, 0x00, 0x7f, 0xff, 0xff, 0xff, 0xfe, 0x00, 0x00, 0x3f, 0xff, 0xff, 0xf0, 0x03, 0xff, 0xff, 0xff, 0xfe, 0x3c,
    0x00, 0x01, 0xff, 0xff, 0xff, 0xff, 0xff, 0xff, 0xff, 0xff, 0xff, 0x00, 0x00, 0x03, 0xff, 0xff, 0xff, 0xff, 0xff, 0xff, 0xff, 0xff, 0xff, 0x80,
    0x00, 0x07, 0xff, 0xff, 0xff, 0xff, 0xff, 0xff, 0xff, 0xff, 0xff, 0x80, 0x00, 0x07, 0xff, 0xff, 0xff, 0xff, 0xff, 0xff, 0xff, 0xff, 0xff, 0xc0,
    0x00, 0x07, 0xff, 0xff, 0xff, 0xff, 0xff, 0xff, 0xff, 0xff, 0x83, 0x80, 0x00, 0x07, 0xff, 0xff, 0xff, 0xff, 0xff, 0xff, 0xff, 0xff, 0x00, 0x00,
    0x00, 0x07, 0xff, 0xff, 0xff, 0xff, 0xff, 0xff, 0xff, 0xff, 0x00, 0x00, 0x00, 0x0f, 0xff, 0xff, 0xff, 0xff, 0xff, 0xff, 0xff, 0xff, 0x00, 0x00,
    0x00, 0x0f, 0xff, 0xff, 0xff, 0xff, 0xff, 0xff, 0xff, 0xff, 0x00, 0x00, 0x00, 0x1f, 0xff, 0xff, 0xff, 0xff, 0xff, 0xff, 0xff, 0xff, 0x00, 0x00,
    0x00, 0x1f, 0xff, 0xff, 0xff, 0xff, 0xff, 0xff, 0xff, 0xff, 0x00, 0x00, 0x00, 0x1f, 0xff, 0xff, 0xff, 0xff, 0xff, 0xff, 0xff, 0xff, 0x00, 0x00,
    0x00, 0x1f, 0xff, 0xff, 0xff, 0xff, 0xff, 0xff, 0xff, 0xff, 0x00, 0x00, 0x00, 0x1f, 0xff, 0xff, 0xff, 0xff, 0xff, 0xff, 0xff, 0xff, 0x00, 0x00,
    0x00, 0x1f, 0xff, 0xff, 0xff, 0xff, 0xff, 0xff, 0xff, 0xff, 0x80, 0x00, 0x00, 0x1f, 0xff, 0xff, 0xff, 0xff, 0xff, 0xff, 0xff, 0xff, 0xc0, 0x00,
    0x00, 0x3f, 0xff, 0xff, 0xff, 0xff, 0xff, 0xff, 0xff, 0xff, 0xe0, 0x00, 0x00, 0x3f, 0xff, 0xfc, 0xff, 0xff, 0xff, 0xff, 0xff, 0xff, 0xf8, 0x00,
    0x00, 0x7f, 0xff, 0xf0, 0x1f, 0xff, 0xff, 0xff, 0xff, 0xff, 0xfe, 0x00, 0x00, 0x7f, 0xff, 0xe0, 0x01, 0xff, 0xff, 0xff, 0xff, 0xff, 0xff, 0xde,
    0x00, 0xff, 0xff, 0xe0, 0x00, 0x3f, 0xff, 0xff, 0xff, 0xff, 0xff, 0xfe, 0x01, 0xff, 0xff, 0xc0, 0x00, 0x0f, 0xff, 0xff, 0xff, 0xff, 0xff, 0xfc,
    0x03, 0xff, 0xff, 0xc0, 0x00, 0x00, 0xff, 0xff, 0xfc, 0x3f, 0xff, 0xf8, 0x07, 0xff, 0xff, 0x80, 0x00, 0x00, 0x07, 0xff, 0xe0, 0x0f, 0xf0, 0xf0,
    0x1f, 0xc7, 0xff, 0x00, 0x00, 0x00, 0x00, 0x00, 0x00, 0x00, 0x00, 0x00, 0x3f, 0x03, 0xfe, 0x00, 0x00, 0x00, 0x00, 0x00, 0x00, 0x00, 0x00, 0x00,
    0x3e, 0x03, 0xfc, 0x00, 0x00, 0x00, 0x00, 0x00, 0x00, 0x00, 0x00, 0x00, 0x7c, 0x03, 0xf8, 0x00, 0x00, 0x00, 0x00, 0x00, 0x00, 0x00, 0x00, 0x00,
    0x78, 0x03, 0xf0, 0x00, 0x00, 0x00, 0x00, 0x00, 0x00, 0x00, 0x00, 0x00, 0x60, 0x03, 0xe0, 0x00, 0x00, 0x00, 0x00, 0x00, 0x00, 0x00, 0x00, 0x00,
    0x00, 0x03, 0xe0, 0x00, 0x00, 0x00, 0x00, 0x00, 0x00, 0x00, 0x00, 0x00, 0x00, 0x03, 0xe0, 0x00, 0x00, 0x00, 0x00, 0x00, 0x00, 0x00, 0x00, 0x00,
    0x00, 0x03, 0xe0, 0x00, 0x00, 0x00, 0x00, 0x00, 0x00, 0x00, 0x00, 0x00, 0x00, 0x03, 0xe0, 0x00, 0x00, 0x00, 0x00, 0x00, 0x00, 0x00, 0x00, 0x00,
    0x00, 0x03, 0xe0, 0x00, 0x00, 0x00, 0x00, 0x00, 0x00, 0x00, 0x00, 0x00, 0x00, 0x01, 0xe0, 0x00, 0x00, 0x00, 0x00, 0x00, 0x00, 0x00, 0x00, 0x00,
    0x00, 0x01, 0xe0, 0x00, 0x00, 0x00, 0x00, 0x00, 0x00, 0x00, 0x00, 0x00, 0x00, 0x00, 0xc0, 0x00, 0x00, 0x00, 0x00, 0x00, 0x00, 0x00, 0x00, 0x00,
  }},
  {{
    0x00, 0x00, 0x00, 0x00, 0x00, 0x00, 0x00, 0x00, 0x00, 0x00, 0x00, 0x00, 0x00, 0x00, 0x00, 0x00, 0x00, 0x00, 0x00, 0x00, 0x00, 0x00, 0x00, 0x00,
    0x00, 0x00, 0x00, 0x00, 0x00, 0x00, 0x00, 0x00, 0x00, 0x00, 0x00, 0x00, 0x00, 0x00, 0x00, 0x00, 0x00, 0x00, 0x00, 0x00, 0x00, 0x00, 0x00, 0x00,
    0x00, 0x00, 0x00, 0x00, 0x00, 0x00, 0x00, 0x00, 0x00, 0x00, 0x00, 0x00, 0x00, 0x00, 0x00, 0x00, 0x00, 0x00, 0x00, 0x00, 0x00, 0x00, 0x00, 0x00,
    0x00, 0x00, 0x00, 0x00, 0x00, 0x00, 0x00, 0x00, 0x00, 0x7e, 0x00, 0x00, 0x00, 0x00, 0x00, 0x00, 0x00, 0x00, 0x00, 0x00, 0x00, 0x7e, 0x00, 0x00,
    0x00, 0x00, 0x00, 0x00, 0x00, 0x00, 0x00, 0x00, 0x00, 0x7e, 0x00, 0x00, 0x00, 0x00, 0x00, 0x00, 0x00, 0x00, 0x00, 0x00, 0x00, 0x7f, 0x00, 0x00,
    0x00, 0x00, 0x00, 0x00, 0x00, 0x00, 0x00, 0x00, 0x00, 0x7f, 0x00, 0x00, 0x00, 0x00, 0x00, 0x00, 0x00, 0x00, 0x00, 0x00, 0x00, 0x7f, 0x00, 0x00,
    0x00, 0x00, 0x00, 0x00, 0x00, 0x00, 0x00, 0x00, 0x00, 0xff, 0x00, 0x00, 0x00, 0x00, 0x00, 0x00, 0x00, 0x00, 0x00, 0x00, 0x00, 0xff, 0xc0, 0x00,
    0x00, 0x00, 0x00, 0x00, 0x00, 0x00, 0x00, 0x00, 0x03, 0xff, 0xf0, 0x00, 0x00, 0x00, 0x00, 0x00, 0x00, 0x00, 0x00, 0x00, 0x07, 0xff, 0xf8, 0x00,
    0x00, 0x00, 0x00, 0x00, 0x00, 0x00, 0x00, 0x00, 0x0f, 0xff, 0xfc, 0x00, 0x00, 0x00, 0x00, 0x00, 0x00, 0x00, 0x00, 0x00, 0x1f, 0xff, 0xfc, 0x00,
    0x00, 0x00, 0x07, 0xfe, 0x00, 0x00, 0x00, 0x00, 0x3f, 0xff, 0xfc, 0x00, 0x00, 0x01, 0xff, 0xff, 0xc0, 0x00, 0x00, 0x00, 0x7f, 0xff, 0xfe, 0x00,
    0x00, 0x07, 0xff, 0xff, 0xf0, 0x00, 0x00, 0x01, 0xff, 0xff, 0xfe, 0x00, 0x00, 0x07, 0xff, 0xff, 0xfc, 0x00, 0x00, 0x03, 0xff, 0xff, 0xff, 0x00,
    0x00, 0x0f, 0xff, 0xff, 0xff, 0x00, 0x00, 0x07, 0xff, 0xff, 0xff, 0xc0, 0x00, 0x0f, 0xff, 0xff, 0xff, 0xe0, 0x00, 0x0f, 0xff, 0xff, 0xff, 0xf0,
    0x00, 0x0f, 0xff, 0xff, 0xff, 0xf8, 0x00, 0x1f, 0xff, 0xff, 0xff, 0xf8, 0x00, 0x0f, 0xff, 0xff, 0xff, 0xff, 0x80, 0x7f, 0xff, 0xff, 0xff, 0xf8,
    0x00, 0x1f, 0xff, 0xff, 0xff, 0xff, 0xff, 0xff, 0xff, 0xff, 0xff, 0xf8, 0x00, 0x1f, 0xff, 0xff, 0xff, 0xff, 0xff, 0xff, 0xff, 0xff, 0xfc, 0xf0,
    0x00, 0x1f, 0xff, 0xff, 0xff, 0xff, 0xff, 0xff, 0xff, 0xff, 0xfc, 0x00, 0x00, 0x1f, 0xff, 0xff, 0xff, 0xff, 0xff, 0xff, 0xff, 0xff, 0xfe, 0x00,
    0x00, 0x3f, 0xff, 0xff, 0xff, 0xff, 0xff, 0xff, 0xff, 0xff, 0xff, 0x00, 0x00, 0x3f, 0xff, 0xff, 0xff, 0xff, 0xff, 0xff, 0xff, 0xff, 0xdf, 0x00,
    0x00, 0x1f, 0xff, 0xff, 0xff, 0xff, 0xff, 0xff, 0xff, 0xff, 0x02, 0x00, 0x00, 0x1f, 0xff, 0xff, 0xff, 0xff, 0xff, 0xff, 0xff, 0xfe, 0x00, 0x00,
    0x00, 0x1f, 0xff, 0xff, 0xff, 0xff, 0xff, 0xff, 0xff, 0xfc, 0x00, 0x00, 0x00, 0x3f, 0xff, 0xff, 0xff, 0xff, 0xff, 0xff, 0xff, 0xfc, 0x00, 0x00,
    0x00, 0x3f, 0xff, 0xff, 0xff, 0xff, 0xff, 0xff, 0xff, 0xfc, 0x00, 0x00, 0x00, 0x3f, 0xff, 0xff, 0xff, 0xff, 0xff, 0xff, 0xff, 0xfc, 0x00, 0x00,
    0x00, 0x3f, 0xff, 0xfd, 0xff, 0xff, 0xff, 0xff, 0xff, 0xfc, 0x00, 0x00, 0x00, 0x7f, 0xff, 0xf0, 0xff, 0xff, 0xff, 0xff, 0xff, 0xfc, 0x00, 0x00,
    0x00, 0x7f, 0xff, 0xf0, 0x7f, 0xff, 0xff, 0xff, 0xff, 0xfc, 0x00, 0x00, 0x00, 0xff, 0xff, 0xe0, 0x3f, 0xff, 0xff, 0xff, 0xff, 0xfc, 0x00, 0x00,
    0x00, 0xff, 0xff, 0xc0, 0x0f, 0xff, 0xff, 0xff, 0xff, 0xfe, 0x00, 0x00, 0x00, 0xff, 0xff, 0x00, 0x03, 0xff, 0xff, 0xff, 0xff, 0xff, 0x80, 0x00,
    0x01, 0xff, 0xf8, 0x00, 0x00, 0xff, 0xff, 0xff, 0xff, 0xff, 0xe0, 0x00, 0x07, 0xff, 0x80, 0x00, 0x00, 0x3f, 0xff, 0xff, 0xff, 0xff, 0xf0, 0x00,
    0x1f, 0xf0, 0x00, 0x00, 0x00, 0x07, 0xff, 0xff, 0xff, 0xff, 0xff, 0xf0, 0x3f, 0xc0, 0x00, 0x00, 0x00, 0x01, 0xff, 0xff, 0xff, 0xff, 0xff, 0xf0,
    0x3f, 0x80, 0x00, 0x00, 0x00, 0x00, 0x3f, 0xff, 0xfb, 0xff, 0xff, 0xf0, 0x7e, 0x00, 0x00, 0x00, 0x00, 0x00, 0x03, 0xff, 0x80, 0xff, 0xff, 0xe0,
    0xf8, 0x00, 0x00, 0x00, 0x00, 0x00, 0x00, 0x00, 0x00, 0x7f, 0xc7, 0xc0, 0x60, 0x00, 0x00, 0x00, 0x00, 0x00, 0x00, 0x00, 0x00, 0x3f, 0xc0, 0x00,
    0x00, 0x00, 0x00, 0x00, 0x00, 0x00, 0x00, 0x00, 0x00, 0x1f, 0xe0, 0x00, 0x00, 0x00, 0x00, 0x00, 0x00, 0x00, 0x00, 0x00, 0x00, 0x0f, 0xf8, 0x00,
    0x00, 0x00, 0x00, 0x00, 0x00, 0x00, 0x00, 0x00, 0x00, 0x03, 0xff, 0x80, 0x00, 0x00, 0x00, 0x00, 0x00, 0x00, 0x00, 0x00, 0x00, 0x01, 0xff, 0xc0,
    0x00, 0x00, 0x00, 0x00, 0x00, 0x00, 0x00, 0x00, 0x00, 0x00, 0x7f, 0xc0, 0x00, 0x00, 0x00, 0x00, 0x00, 0x00, 0x00, 0x00, 0x00, 0x00, 0x1f, 0x80,
    0x00, 0x00, 0x00, 0x00, 0x00, 0x00, 0x00, 0x00, 0x00, 0x00, 0x00, 0x00, 0x00, 0x00, 0x00, 0x00, 0x00, 0x00, 0x00, 0x00, 0x00, 0x00, 0x00, 0x00,
    0x00, 0x00, 0x00, 0x00, 0x00, 0x00, 0x00, 0x00, 0x00, 0x00, 0x00, 0x00, 0x00, 0x00, 0x00, 0x00, 0x00, 0x00, 0x00, 0x00, 0x00, 0x00, 0x00, 0x00,
    0x00, 0x00, 0x00, 0x00, 0x00, 0x00, 0x00, 0x00, 0x00, 0x00, 0x00, 0x00, 0x00, 0x00, 0x00, 0x00, 0x00, 0x00, 0x00, 0x00, 0x00, 0x00, 0x00, 0x00,
  }},
  {{
    0x00, 0x00, 0x00, 0x00, 0x00, 0x00, 0x00, 0x00, 0x00, 0x00, 0x00, 0x00, 0x00, 0x00, 0x00, 0x00, 0x00, 0x00, 0x00, 0x00, 0x00, 0x00, 0x00, 0x00,
    0x00, 0x00, 0x00, 0x00, 0x00, 0x00, 0x00, 0x00, 0x00, 0x00, 0x00, 0x00, 0x00, 0x00, 0x00, 0x00, 0x00, 0x00, 0x00, 0x00, 0x00, 0x00, 0x00, 0x00,
    0x00, 0x00, 0x00, 0x00, 0x00, 0x00, 0x00, 0x00, 0x00, 0x00, 0x00, 0x00, 0x00, 0x00, 0x00, 0x00, 0x00, 0x00, 0x00, 0x00, 0x00, 0x00, 0x00, 0x00,
    0x00, 0x00, 0x00, 0x00, 0x00, 0x00, 0x00, 0x00, 0x00, 0xf0, 0x00, 0x00, 0x00, 0x00, 0x00, 0x00, 0x00, 0x00, 0x00, 0x00, 0x01, 0xf8, 0x00, 0x00,
    0x00, 0x00, 0x00, 0x00, 0x00, 0x00, 0x00, 0x00, 0x01, 0xf8, 0x00, 0x00, 0x00, 0x00, 0x00, 0x00, 0x00, 0x00, 0x00, 0x00, 0x01, 0xf8, 0x00, 0x00,
    0x00, 0x00, 0x00, 0x00, 0x00, 0x00, 0x00, 0x00, 0x01, 0xfc, 0x00, 0x00, 0x00, 0x00, 0x00, 0x00, 0x00, 0x00, 0x00, 0x00, 0x01, 0xfc, 0x00, 0x00,
    0x00, 0x00, 0x00, 0x00, 0x00, 0x00, 0x00, 0x00, 0x01, 0xfe, 0x00, 0x00, 0x00, 0x00, 0x00, 0x00, 0x00, 0x00, 0x00, 0x00, 0x03, 0xff, 0x80, 0x00,
    0x00, 0x00, 0x00, 0x00, 0x00, 0x00, 0x00, 0x00, 0x03, 0xff, 0xe0, 0x00, 0x00, 0x00, 0x00, 0xfc, 0x00, 0x00, 0x00, 0x00, 0x0f, 0xff, 0xf0, 0x00,
    0x00, 0x00, 0x1f, 0xff, 0xc0, 0x00, 0x00, 0x00, 0x1f, 0xff, 0xf0, 0x00, 0x00, 0x00, 0xff, 0xff, 0xf8, 0x00, 0x00, 0x00, 0x7f, 0xff, 0xf8, 0x00,
    0x00, 0x07, 0xff, 0xff, 0xff, 0x00, 0x00, 0x00, 0xff, 0xff, 0xf8, 0x00, 0x00, 0x07, 0xff, 0xff, 0xff, 0xc0, 0x00, 0x01, 0xff, 0xff, 0xfc, 0x00,
    0x00, 0x0f, 0xff, 0xff, 0xff, 0xf8, 0x00, 0x03, 0xff, 0xff, 0xfe, 0x00, 0x00, 0x0f, 0xff, 0xff, 0xff, 0xfe, 0x00, 0x07, 0xff, 0xff, 0xff, 0x80,
    0x00, 0x0f, 0xff, 0xff, 0xff, 0xff, 0xc0, 0x1f, 0xff, 0xff, 0xff, 0xc0, 0x00, 0x0f, 0xff, 0xff, 0xff, 0xff, 0xff, 0xff, 0xff, 0xff, 0xff, 0xf0,
    0x00, 0x0f, 0xff, 0xff, 0xff, 0xff, 0xff, 0xff, 0xff, 0xff, 0xff, 0xf0, 0x00, 0x1f, 0xff, 0xff, 0xff, 0xff, 0xff, 0xff, 0xff, 0xff, 0xff, 0xf0,
    0x00, 0x1f, 0xff, 0xff, 0xff, 0xff, 0xff, 0xff, 0xff, 0xff, 0xff, 0xe0, 0x00, 0x1f, 0xff, 0xff, 0xff, 0xff, 0xff, 0xff, 0xff, 0xff, 0xff, 0xc0,
    0x00, 0x1f, 0xff, 0xff, 0xff, 0xff, 0xff, 0xff, 0xff, 0xff, 0xfc, 0x00, 0x00, 0x1f, 0xff, 0xff, 0xff, 0xff, 0xff, 0xff, 0xff, 0xff, 0xfc, 0x00,
    0x00, 0x1f, 0xff, 0xff, 0xff, 0xff, 0xff, 0xff, 0xff, 0xff, 0xfe, 0x00, 0x00, 0x1f, 0xff, 0xff, 0xff, 0xff, 0xff, 0xff, 0xff, 0xff, 0x3e, 0x00,
    0x00, 0x0f, 0xff, 0xff, 0xff, 0xff, 0xff, 0xff, 0xff, 0xfc, 0x00, 0x00, 0x00, 0x0f, 0xff, 0xff, 0xff, 0xff, 0xff, 0xff, 0xff, 0xf8, 0x00, 0x00,
    0x00, 0x0f, 0xff, 0xff, 0xff, 0xff, 0xff, 0xff, 0xff, 0xf0, 0x00, 0x00, 0x00, 0x0f, 0xff, 0xff, 0xff, 0xff, 0xff, 0xff, 0xff, 0xf0, 0x00, 0x00,
    0x00, 0x0f, 0xff, 0xff, 0xff, 0xff, 0xff, 0xff, 0xff, 0xf0, 0x00, 0x00, 0x00, 0x1f, 0xff, 0xf8, 0xff, 0xff, 0xff, 0xff, 0xff, 0xf0, 0x00, 0x00,
    0x00, 0x1f, 0xff, 0xf0, 0x7f, 0xff, 0xff, 0xff, 0xff, 0xf0, 0x00, 0x00, 0x00, 0x1f, 0xff, 0xc0, 0x1f, 0xff, 0xff, 0xff, 0xff, 0xf0, 0x00, 0x00,
    0x00, 0x3f, 0xfe, 0x00, 0x07, 0xff, 0xff, 0xff, 0xff, 0xf0, 0x00, 0x00, 0x00, 0x7e, 0xf8, 0x00, 0x01, 0xff, 0xff, 0xff, 0xff, 0xf0, 0x00, 0x00,
    0x00, 0xfc, 0xf8, 0x00, 0x00, 0x7f, 0xff, 0xff, 0xff, 0xf0, 0x00, 0x00, 0x00, 0xf8, 0x78, 0x00, 0x00, 0x1f, 0xff, 0xff, 0xff, 0xf8, 0x00, 0x00,
    0x01, 0xf8, 0x7c, 0x00, 0x00, 0x07, 0xff, 0xff, 0xff, 0xfc, 0x00, 0x00, 0x01, 0xf0, 0x7c, 0x00, 0x00, 0x03, 0xff, 0xff, 0xff, 0xfc, 0x00, 0x00,
    0x01, 0xe0, 0x3c, 0x00, 0x00, 0x00, 0xff, 0xff, 0xff, 0xff, 0x00, 0x00, 0x01, 0xc0, 0x00, 0x00, 0x00, 0x00, 0x3f, 0xff, 0xff, 0xff, 0x80, 0x00,
    0x01, 0xc0, 0x00, 0x00, 0x00, 0x00, 0x07, 0xff, 0xe0, 0x7f, 0xc0, 0x00, 0x01, 0x80, 0x00, 0x00, 0x00, 0x00, 0x01, 0xff, 0xc0, 0x3f, 0xe0, 0x00,
    0x00, 0x00, 0x00, 0x00, 0x00, 0x00, 0x00, 0x3f, 0xc0, 0x1f, 0xf0, 0x80, 0x00, 0x00, 0x00, 0x00, 0x00, 0x00, 0x00, 0x1f, 0x80, 0x07, 0xff, 0x80,
    0x00, 0x00, 0x00, 0x00, 0x00, 0x00, 0x00, 0x1f, 0x80, 0x03, 0xff, 0x80, 0x00, 0x00, 0x00, 0x00, 0x00, 0x00, 0x00, 0x1f, 0x80, 0x01, 0xff, 0x80,
    0x00, 0x00, 0x00, 0x00, 0x00, 0x00, 0x00, 0x1f, 0xc0, 0x00, 0xff, 0x00, 0x00, 0x00, 0x00, 0x00, 0x00, 0x00, 0x00, 0x0f, 0xc0, 0x00, 0x1e, 0x00,
    0x00, 0x00, 0x00, 0x00, 0x00, 0x00, 0x00, 0x0f, 0xc0, 0x00, 0x00, 0x00, 0x00, 0x00, 0x00, 0x00, 0x00, 0x00, 0x00, 0x0f, 0xc0, 0x00, 0x00, 0x00,
    0x00, 0x00, 0x00, 0x00, 0x00, 0x00, 0x00, 0x0f, 0xc0, 0x00, 0x00, 0x00, 0x00, 0x00, 0x00, 0x00, 0x00, 0x00, 0x00, 0x07, 0xe0, 0x00, 0x00, 0x00,
    0x00, 0x00, 0x00, 0x00, 0x00, 0x00, 0x00, 0x07, 0xe0, 0x00, 0x00, 0x00, 0x00, 0x00, 0x00, 0x00, 0x00, 0x00, 0x00, 0x03, 0xf0, 0x00, 0x00, 0x00,
    0x00, 0x00, 0x00, 0x00, 0x00, 0x00, 0x00, 0x01, 0xf0, 0x00, 0x00, 0x00, 0x00, 0x00, 0x00, 0x00, 0x00, 0x00, 0x00, 0x00, 0xf0, 0x00, 0x00, 0x00,
  }},
  {{
    0x00, 0x00, 0x00, 0x00, 0x00, 0x00, 0x00, 0x00, 0x00, 0x00, 0x00, 0x00, 0x00, 0x00, 0x00, 0x00, 0x00, 0x00, 0x00, 0x00, 0x00, 0x00, 0x00, 0x00,
    0x00, 0x00, 0x00, 0x00, 0x00, 0x00, 0x00, 0x00, 0x00, 0x00, 0x00, 0x00, 0x00, 0x00, 0x00, 0x00, 0x00, 0x00, 0x00, 0x00, 0x00, 0x00, 0x00, 0x00,
    0x00, 0x00, 0x00, 0x00, 0x00, 0x00, 0x00, 0x00, 0x00, 0x00, 0x00, 0x00, 0x00, 0x00, 0x00, 0x00, 0x00, 0x00, 0x00, 0x00, 0x00, 0x00, 0x00, 0x00,
    0x00, 0x00, 0x00, 0x00, 0x00, 0x00, 0x00, 0x00, 0x00, 0x00, 0x00, 0x00, 0x00, 0x00, 0x00, 0x00, 0x00, 0x00, 0x00, 0x00, 0x00, 0x00, 0x00, 0x00,
    0x00, 0x00, 0x00, 0x00, 0x00, 0x00, 0x00, 0x00, 0x08, 0xc0, 0x00, 0x00, 0x00, 0x00, 0x00, 0x00, 0x00, 0x00, 0x00, 0x00, 0x1f, 0xe0, 0x00, 0x00,
    0x00, 0x00, 0x00, 0x00, 0x00, 0x00, 0x00, 0x00, 0x1f, 0xe0, 0x00, 0x00, 0x00, 0x00, 0x00, 0x00, 0x00, 0x00, 0x00, 0x00, 0x1f, 0xf0, 0x00, 0x00,
    0x00, 0x00, 0x00, 0x00, 0x00, 0x00, 0x00, 0x00, 0x0f, 0xf0, 0x00, 0x00, 0x00, 0x00, 0x00, 0x00, 0x00, 0x00, 0x00, 0x00, 0x0f, 0xf8, 0x00, 0x00,
    0x00, 0x00, 0x00, 0x00, 0x00, 0x00, 0x00, 0x00, 0x0f, 0xff, 0x00, 0x00, 0x00, 0x00, 0x00, 0x00, 0x00, 0x00, 0x00, 0x00, 0x0f, 0xff, 0xc0, 0x00,
    0x00, 0x00, 0x00, 0x00, 0x00, 0x00, 0x00, 0x00, 0x0f, 0xff, 0xe0, 0x00, 0x00, 0x00, 0x03, 0xff, 0xc0, 0x00, 0x00, 0x00, 0x0f, 0xff, 0xf0, 0x00,
    0x00, 0x00, 0x3f, 0xff, 0xfc, 0x00, 0x00, 0x00, 0x1f, 0xff, 0xf0, 0x00, 0x00, 0x03, 0xff, 0xff, 0xff, 0x80, 0x00, 0x00, 0x7f, 0xff, 0xf8, 0x00,
    0x00, 0x07, 0xff, 0xff, 0xff, 0xf0, 0x00, 0x03, 0xff, 0xff, 0xf8, 0x00, 0x00, 0x0f, 0xff, 0xff, 0xff, 0xfc, 0x00, 0x3f, 0xff, 0xff, 0xfe, 0x00,
    0x00, 0x0f, 0xff, 0xff, 0xff, 0xff, 0xff, 0xff, 0xff, 0xff, 0xff, 0x00, 0x00, 0x0f, 0xff, 0xff, 0xff, 0xff, 0xff, 0xff, 0xff, 0xff, 0xff, 0xc0,
    0x00, 0x0f, 0xff, 0xff, 0xff, 0xff, 0xff, 0xff, 0xff, 0xff, 0xff, 0xe0, 0x00, 0x0f, 0xff, 0xff, 0xff, 0xff, 0xff, 0xff, 0xff, 0xff, 0xff, 0xf0,
    0x00, 0x1f, 0xff, 0xff, 0xff, 0xff, 0xff, 0xff, 0xff, 0xff, 0xff, 0xf0, 0x00, 0x1f, 0xff, 0xff, 0xff, 0xff, 0xff, 0xff, 0xff, 0xff, 0xff, 0xe0,
    0x00, 0x1f, 0xff, 0xff, 0xff, 0xff, 0xff, 0xff, 0xff, 0xff, 0xfd, 0xc0, 0x00, 0x1f, 0xff, 0xff, 0xff, 0xff, 0xff, 0xff, 0xff, 0xff, 0xf8, 0x00,
    0x00, 0x3f, 0xff, 0xff, 0xff, 0xff, 0xff, 0xff, 0xff, 0xff, 0xfc, 0x00, 0x00, 0x3f, 0xff, 0xff, 0xff, 0xff, 0xff, 0xff, 0xff, 0xff, 0xfe, 0x00,
    0x00, 0x3f, 0xff, 0xff, 0xff, 0xff, 0xff, 0xff, 0xff, 0xfe, 0x3e, 0x00, 0x00, 0x1f, 0xff, 0xff, 0xff, 0xff, 0xff, 0xff, 0xff, 0xfc, 0x00, 0x00,
    0x00, 0x1f, 0xff, 0xff, 0xff, 0xff, 0xff, 0xff, 0xff, 0xe0, 0x00, 0x00, 0x00, 0x1f, 0xff, 0xff, 0xff, 0xff, 0xff, 0xff, 0xff, 0x80, 0x00, 0x00,
    0x00, 0x1f, 0xff, 0xff, 0xff, 0xff, 0xff, 0xff, 0xff, 0x80, 0x00, 0x00, 0x00, 0x0f, 0xff, 0xff, 0xff, 0xff, 0xff, 0xff, 0xff, 0x00, 0x00, 0x00,
    0x00, 0x0f, 0xff, 0xff, 0xff, 0xff, 0xff, 0xff, 0xff, 0x00, 0x00, 0x00, 0x00, 0x07, 0xff, 0xff, 0xff, 0xff, 0xff, 0xff, 0xfe, 0x00, 0x00, 0x00,
    0x00, 0x03, 0xff, 0xf0, 0x0f, 0xff, 0xff, 0xff, 0xfe, 0x00, 0x00, 0x00, 0x00, 0x01, 0xff, 0x80, 0x03, 0xff, 0xff, 0xff, 0xfc, 0x00, 0x00, 0x00,
    0x00, 0x00, 0xff, 0x80, 0x01, 0xff, 0xff, 0xff, 0xf8, 0x00, 0x00, 0x00, 0x00, 0x00, 0xff, 0x80, 0x00, 0xff, 0xff, 0xff, 0xf0, 0x00, 0x00, 0x00,
    0x00, 0x00, 0xff, 0xe0, 0x00, 0x7f, 0xff, 0xff, 0xf0, 0x00, 0x00, 0x00, 0x00, 0x00, 0xff, 0xfe, 0x00, 0x3f, 0xff, 0xff, 0xe0, 0x00, 0x00, 0x00,
    0x00, 0x00, 0xff, 0xfe, 0x00, 0x1f, 0xff, 0xff, 0xe0, 0x00, 0x00, 0x00, 0x00, 0x00, 0x7c, 0xfe, 0x00, 0x1f, 0xff, 0xff, 0xc0, 0x00, 0x00, 0x00,
    0x00, 0x00, 0x7c, 0x7c, 0x00, 0x1f, 0xff, 0xff, 0x80, 0x00, 0x00, 0x00, 0x00, 0x00, 0x7c, 0x00, 0x00, 0x1f, 0xff, 0xff, 0x80, 0x00, 0x00, 0x00,
    0x00, 0x00, 0x7c, 0x00, 0x00, 0x3f, 0xff, 0xff, 0x00, 0x00, 0x00, 0x00, 0x00, 0x00, 0x3c, 0x00, 0x00, 0x3f, 0xff, 0xff, 0x00, 0x00, 0x00, 0x00,
    0x00, 0x00, 0x38, 0x00, 0x00, 0x3f, 0x01, 0xff, 0x00, 0x00, 0x00, 0x00, 0x00, 0x00, 0x18, 0x00, 0x00, 0x7e, 0x00, 0xff, 0x00, 0x00, 0x00, 0x00,
    0x00, 0x00, 0x00, 0x00, 0x00, 0x7c, 0x00, 0x7f, 0x00, 0x00, 0x00, 0x00, 0x00, 0x00, 0x00, 0x00, 0x00, 0x7c, 0x00, 0x7f, 0x00, 0x00, 0x00, 0x00,
    0x00, 0x00, 0x00, 0x00, 0x00, 0xfc, 0x00, 0x3f, 0x80, 0x00, 0x00, 0x00, 0x00, 0x00, 0x00, 0x00, 0x07, 0xf8, 0x00, 0x3f, 0x80, 0x00, 0x00, 0x00,
    0x00, 0x00, 0x00, 0x00, 0x07, 0xf0, 0x00, 0x1f, 0x80, 0x00, 0x00, 0x00, 0x00, 0x00, 0x00, 0x00, 0x03, 0xe0, 0x00, 0x0f, 0x80, 0x00, 0x00, 0x00,
    0x00, 0x00, 0x00, 0x00, 0x00, 0x00, 0x00, 0x0f, 0x80, 0x00, 0x00, 0x00, 0x00, 0x00, 0x00, 0x00, 0x00, 0x00, 0x00, 0x07, 0x80, 0x00, 0x00, 0x00,
    0x00, 0x00, 0x00, 0x00, 0x00, 0x00, 0x00, 0x03, 0x80, 0x00, 0x00, 0x00, 0x00, 0x00, 0x00, 0x00, 0x00, 0x00, 0x00, 0x01, 0x80, 0x00, 0x00, 0x00,
  }},
  {{
    0x00, 0x00, 0x00, 0x00, 0x00, 0x00, 0x00, 0x00, 0x00, 0x00, 0x00, 0x00, 0x00, 0x00, 0x00, 0x00, 0x00, 0x00, 0x00, 0x00, 0x00, 0x00, 0x00, 0x00,
    0x00, 0x00, 0x00, 0x00, 0x00, 0x00, 0x00, 0x00, 0x00, 0x00, 0x00, 0x00, 0x00, 0x00, 0x00, 0x00, 0x00, 0x00, 0x00, 0x00, 0x00, 0x00, 0x00, 0x00,
    0x00, 0x00, 0x00, 0x00, 0x00, 0x00, 0x00, 0x00, 0x00, 0x00, 0x00, 0x00, 0x00, 0x00, 0x00, 0x00, 0x00, 0x00, 0x00, 0x00, 0x00, 0x00, 0x00, 0x00,
    0x00, 0x00, 0x00, 0x00, 0x00, 0x00, 0x00, 0x00, 0x00, 0x00, 0x00, 0x00, 0x00, 0x00, 0x00, 0x00, 0x00, 0x00, 0x00, 0x00, 0x00, 0x30, 0x00, 0x00,
    0x00, 0x00, 0x00, 0x00, 0x00, 0x00, 0x00, 0x00, 0x00, 0x38, 0x00, 0x00, 0x00, 0x00, 0x00, 0x00, 0x00, 0x00, 0x00, 0x00, 0x00, 0x78, 0x00, 0x00,
    0x00, 0x00, 0x00, 0x00, 0x00, 0x00, 0x00, 0x00, 0x01, 0xfc, 0x00, 0x00, 0x00, 0x00, 0x00, 0x00, 0x00, 0x00, 0x00, 0x00, 0x03, 0xfc, 0x00, 0x00,
    0x00, 0x00, 0x00, 0x00, 0x00, 0x00, 0x00, 0x00, 0x03, 0xfe, 0x00, 0x00, 0x00, 0x00, 0x00, 0x00, 0x00, 0x00, 0x00, 0x00, 0x01, 0xff, 0x80, 0x00,
    0x00, 0x00, 0x00, 0x00, 0x00, 0x00, 0x00, 0x00, 0x01, 0xff, 0xf0, 0x00, 0x00, 0x00, 0x00, 0x00, 0x00, 0x00, 0x00, 0x00, 0x01, 0xff, 0xf8, 0x00,
    0x00, 0x00, 0x00, 0x00, 0x00, 0x00, 0x00, 0x00, 0x07, 0xff, 0xfc, 0x00, 0x00, 0x00, 0x00, 0x00, 0x00, 0x00, 0x00, 0x00, 0x3f, 0xff, 0xfc, 0x00,
    0x00, 0x00, 0x00, 0x03, 0xf8, 0x00, 0x00, 0x01, 0xff, 0xff, 0xfc, 0x00, 0x00, 0x00, 0x00, 0xff, 0xff, 0xf8, 0x00, 0x0f, 0xff, 0xff, 0xfe, 0x00,
    0x00, 0x00, 0x03, 0xff, 0xff, 0xff, 0x80, 0xff, 0xff, 0xff, 0xff, 0x00, 0x00, 0x00, 0x07, 0xff, 0xff, 0xff, 0xff, 0xff, 0xff, 0xff, 0xff, 0xc0,
    0x00, 0x00, 0x0f, 0xff, 0xff, 0xff, 0xff, 0xff, 0xff, 0xff, 0xff, 0xf0, 0x00, 0x00, 0x1f, 0xff, 0xff, 0xff, 0xff, 0xff, 0xff, 0xff, 0xff, 0xf8,
    0x00, 0x00, 0x3f, 0xff, 0xff, 0xff, 0xff, 0xff, 0xff, 0xff, 0xff, 0xf8, 0x00, 0x00, 0x7f, 0xff, 0xff, 0xff, 0xff, 0xff, 0xff, 0xff, 0xff, 0xf8,
    0x00, 0x01, 0xff, 0xff, 0xff, 0xff, 0xff, 0xff, 0xff, 0xff, 0xff, 0xf0, 0x00, 0x03, 0xff, 0xff, 0xff, 0xff, 0xff, 0xff, 0xff, 0xff, 0xff, 0x40,
    0x00, 0x03, 0xff, 0xff, 0xff, 0xff, 0xff, 0xff, 0xff, 0xff, 0xff, 0x00, 0x00, 0x07, 0xff, 0xff, 0xff, 0xff, 0xff, 0xff, 0xff, 0xff, 0xff, 0x00,
    0x00, 0x07, 0xff, 0xff, 0xff, 0xff, 0xff, 0xff, 0xff, 0xff, 0x3f, 0x80, 0x00, 0x07, 0xff, 0xff, 0xff, 0xff, 0xff, 0xff, 0xff, 0xfc, 0x07, 0x80,
    0x00, 0x07, 0xff, 0xff, 0xff, 0xff, 0xff, 0xff, 0xff, 0xf8, 0x00, 0x00, 0x00, 0x03, 0xff, 0xff, 0xff, 0xff, 0xff, 0xff, 0xff, 0xf0, 0x00, 0x00,
    0x00, 0x03, 0xff, 0xff, 0xff, 0xff, 0xff, 0xff, 0xff, 0xe0, 0x00, 0x00, 0x00, 0x03, 0xff, 0xff, 0xff, 0xff, 0xff, 0xff, 0xff, 0xc0, 0x00, 0x00,
    0x00, 0x03, 0xff, 0xff, 0xff, 0xff, 0xff, 0xff, 0xff, 0x80, 0x00, 0x00, 0x00, 0x03, 0xff, 0xff, 0xff, 0xff, 0xff, 0xff, 0xff, 0x00, 0x00, 0x00,
    0x00, 0x03, 0xff, 0xff, 0xff, 0xff, 0xff, 0xff, 0xff, 0x00, 0x00, 0x00, 0x00, 0x03, 0xff, 0xff, 0xff, 0xff, 0xff, 0xff, 0xfe, 0x00, 0x00, 0x00,
    0x00, 0x03, 0xff, 0xff, 0xff, 0xff, 0xff, 0xff, 0xfc, 0x00, 0x00, 0x00, 0x00, 0x03, 0xff, 0xff, 0xff, 0xff, 0xff, 0xff, 0xf8, 0x00, 0x00, 0x00,
    0x00, 0x01, 0xff, 0xff, 0xe1, 0xff, 0xff, 0xff, 0xf0, 0x00, 0x00, 0x00, 0x00, 0x01, 0xff, 0xff, 0xc0, 0xff, 0xff, 0xff, 0xe0, 0x00, 0x00, 0x00,
    0x00, 0x00, 0xff, 0xff, 0xc0, 0x7f, 0xff, 0xff, 0x80, 0x00, 0x00, 0x00, 0x00, 0x00, 0x3f, 0xff, 0xc0, 0x0f, 0xff, 0xf8, 0x00, 0x00, 0x00, 0x00,
    0x00, 0x00, 0x0f, 0xff, 0xf0, 0x07, 0xff, 0xf0, 0x00, 0x00, 0x00, 0x00, 0x00, 0x00, 0x01, 0xff, 0xf8, 0x07, 0xff, 0xf0, 0x00, 0x00, 0x00, 0x00,
    0x00, 0x00, 0x00, 0x1f, 0xfc, 0x43, 0xff, 0xf0, 0x00, 0x00, 0x00, 0x00, 0x00, 0x00, 0x00, 0x0f, 0xff, 0xf3, 0xff, 0xe0, 0x00, 0x00, 0x00, 0x00,
    0x00, 0x00, 0x00, 0x0f, 0xff, 0xf3, 0xff, 0xe0, 0x00, 0x00, 0x00, 0x00, 0x00, 0x00, 0x00, 0x07, 0xff, 0xe3, 0xff, 0xe0, 0x00, 0x00, 0x00, 0x00,
    0x00, 0x00, 0x00, 0x00, 0x7f, 0xc7, 0xff, 0xc0, 0x00, 0x00, 0x00, 0x00, 0x00, 0x00, 0x00, 0x00, 0x07, 0x87, 0xff, 0x80, 0x00, 0x00, 0x00, 0x00,
    0x00, 0x00, 0x00, 0x00, 0x00, 0x07, 0xc0, 0x00, 0x00, 0x00, 0x00, 0x00, 0x00, 0x00, 0x00, 0x00, 0x00, 0x07, 0xc0, 0x00, 0x00, 0x00, 0x00, 0x00,
    0x00, 0x00, 0x00, 0x00, 0x00, 0x07, 0xc0, 0x00, 0x00, 0x00, 0x00, 0x00, 0x00, 0x00, 0x00, 0x00, 0x00, 0x01, 0xc0, 0x00, 0x00, 0x00, 0x00, 0x00,
    0x00, 0x00, 0x00, 0x00, 0x00, 0x00, 0x00, 0x00, 0x00, 0x00, 0x00, 0x00, 0x00, 0x00, 0x00, 0x00, 0x00, 0x00, 0x00, 0x00, 0x00, 0x00, 0x00, 0x00,
    0x00, 0x00, 0x00, 0x00, 0x00, 0x00, 0x00, 0x00, 0x00, 0x00, 0x00, 0x00, 0x00, 0x00, 0x00, 0x00, 0x00, 0x00, 0x00, 0x00, 0x00, 0x00, 0x00, 0x00,
    0x00, 0x00, 0x00, 0x00, 0x00, 0x00, 0x00, 0x00, 0x00, 0x00, 0x00, 0x00, 0x00, 0x00, 0x00, 0x00, 0x00, 0x00, 0x00, 0x00, 0x00, 0x00, 0x00, 0x00,
  }},
  {{
    0x00, 0x00, 0x00, 0x00, 0x00, 0x00, 0x00, 0x00, 0x00, 0x00, 0x00, 0x00, 0x00, 0x00, 0x00, 0x00, 0x00, 0x00, 0x00, 0x00, 0x00, 0x30, 0x00, 0x00,
    0x00, 0x00, 0x00, 0x00, 0x00, 0x00, 0x00, 0x00, 0x00, 0xf8, 0x00, 0x00, 0x00, 0x00, 0x00, 0x00, 0x00, 0x00, 0x00, 0x00, 0x03, 0xf8, 0x00, 0x00,
    0x00, 0x00, 0x00, 0x00, 0x00, 0x00, 0x00, 0x00, 0x03, 0xf8, 0x00, 0x00, 0x00, 0x00, 0x00, 0x00, 0x00, 0x00, 0x00, 0x00, 0x03, 0xfc, 0x00, 0x00,
    0x00, 0x00, 0x00, 0x00, 0x00, 0x00, 0x00, 0x00, 0x03, 0xfc, 0x00, 0x00, 0x00, 0x00, 0x00, 0x00, 0x00, 0x00, 0x00, 0x00, 0x03, 0xfc, 0x00, 0x00,
    0x00, 0x00, 0x00, 0x00, 0x00, 0x00, 0x00, 0x00, 0x03, 0xfc, 0x00, 0x00, 0x00, 0x00, 0x00, 0x00, 0x00, 0x00, 0x00, 0x00, 0x03, 0xff, 0x80, 0x00,
    0x00, 0x00, 0x00, 0x00, 0x00, 0x00, 0x00, 0x00, 0x03, 0xff, 0xc0, 0x00, 0x00, 0x00, 0x00, 0x00, 0x00, 0x00, 0x00, 0x00, 0x07, 0xff, 0xe0, 0x00,
    0x00, 0x00, 0x00, 0x00, 0x00, 0x00, 0x00, 0x00, 0x0f, 0xff, 0xf0, 0x00, 0x00, 0x00, 0x00, 0x00, 0x00, 0x00, 0x00, 0x00, 0x1f, 0xff, 0xf8, 0x00,
    0x00, 0x00, 0x00, 0x00, 0x00, 0x00, 0x00, 0x00, 0xff, 0xff, 0xf8, 0x00, 0x00, 0x00, 0x00, 0x00, 0x00, 0x00, 0x00, 0x01, 0xff, 0xff, 0xf8, 0x00,
    0x00, 0x00, 0x00, 0x00, 0x00, 0x00, 0x00, 0x07, 0xff, 0xff, 0xfc, 0x00, 0x00, 0x00, 0x00, 0x00, 0x00, 0x00, 0x00, 0x1f, 0xff, 0xff, 0xfe, 0x00,
    0x00, 0x00, 0x00, 0x00, 0x00, 0x00, 0x00, 0x3f, 0xff, 0xff, 0xff, 0x00, 0x00, 0x00, 0x00, 0x00, 0x00, 0x00, 0x00, 0x7f, 0xff, 0xff, 0xff, 0xc0,
    0x00, 0x00, 0x00, 0x00, 0x7f, 0xfe, 0x01, 0xff, 0xff, 0xff, 0xff, 0xe0, 0x00, 0x00, 0x00, 0x0f, 0xff, 0xff, 0xff, 0xff, 0xff, 0xff, 0xff, 0xf0,
    0x00, 0x00, 0x00, 0x3f, 0xff, 0xff, 0xff, 0xff, 0xff, 0xff, 0xff, 0xf0, 0x00, 0x00, 0x01, 0xff, 0xff, 0xff, 0xff, 0xff, 0xff, 0xff, 0xff, 0xe0,
    0x00, 0x00, 0x07, 0xff, 0xff, 0xff, 0xff, 0xff, 0xff, 0xff, 0xf9, 0xc0, 0x00, 0x00, 0x1f, 0xff, 0xff, 0xff, 0xff, 0xff, 0xff, 0xff, 0xf8, 0x00,
    0x00, 0x00, 0x3f, 0xff, 0xff, 0xff, 0xff, 0xff, 0xff, 0xff, 0xfc, 0x00, 0x00, 0x00, 0x7f, 0xff, 0xff, 0xff, 0xff, 0xff, 0xff, 0xff, 0xfc, 0x00,
    0x00, 0x00, 0xff, 0xff, 0xff, 0xff, 0xff, 0xff, 0xff, 0xf0, 0x7c, 0x00, 0x00, 0x01, 0xff, 0xff, 0xff, 0xff, 0xff, 0xff, 0xff, 0xe0, 0x38, 0x00,
    0x00, 0x03, 0xff, 0xff, 0xff, 0xff, 0xff, 0xff, 0xff, 0xc0, 0x00, 0x00, 0x00, 0x03, 0xff, 0xff, 0xff, 0xff, 0xff, 0xff, 0xff, 0x80, 0x00, 0x00,
    0x00, 0x07, 0xff, 0xff, 0xff, 0xff, 0xff, 0xff, 0xff, 0x80, 0x00, 0x00, 0x00, 0x0f, 0xff, 0xff, 0xff, 0xff, 0xff, 0xff, 0xff, 0x80, 0x00, 0x00,
    0x00, 0x1f, 0xff, 0xff, 0xff, 0xff, 0xff, 0xff, 0xff, 0x80, 0x00, 0x00, 0x00, 0x1f, 0xff, 0xff, 0xff, 0xff, 0xff, 0xff, 0xff, 0x80, 0x00, 0x00,
    0x00, 0x1f, 0xff, 0xff, 0xff, 0xff, 0xff, 0xff, 0xff, 0x00, 0x00, 0x00, 0x00, 0x1f, 0xff, 0xff, 0xff, 0xff, 0xff, 0xff, 0xff, 0x00, 0x00, 0x00,
    0x00, 0x0f, 0xff, 0xff, 0xff, 0xff, 0xff, 0xff, 0xfe, 0x00, 0x00, 0x00, 0x00, 0x0f, 0xff, 0xff, 0xff, 0xff, 0xff, 0xff, 0xfe, 0x00, 0x00, 0x00,
    0x00, 0x07, 0xff, 0xff, 0xff, 0xff, 0xff, 0xff, 0xfe, 0x00, 0x00, 0x00, 0x00, 0x07, 0xff, 0xff, 0xff, 0xff, 0xff, 0xff, 0xfc, 0x00, 0x00, 0x00,
    0x00, 0x03, 0xff, 0xff, 0xff, 0xff, 0xff, 0xff, 0xfc, 0x00, 0x00, 0x00, 0x00, 0x03, 0xff, 0xff, 0xff, 0xff, 0xff, 0xff, 0xf8, 0x00, 0x00, 0x00,
    0x00, 0x03, 0xff, 0xff, 0xfe, 0x1f, 0xff, 0xff, 0xf8, 0x00, 0x00, 0x00, 0x00, 0x01, 0xff, 0xff, 0xfe, 0x07, 0xff, 0xff, 0xfc, 0x00, 0x00, 0x00,
    0x00, 0x01, 0xff, 0xff, 0xff, 0x00, 0xff, 0xff, 0xfe, 0x00, 0x00, 0x00, 0x00, 0x01, 0xff, 0xff, 0xff, 0x00, 0x1f, 0xff, 0xff, 0x00, 0x00, 0x00,
    0x00, 0x00, 0xff, 0xff, 0xff, 0x80, 0x07, 0xff, 0xff, 0x00, 0x00, 0x00, 0x00, 0x00, 0x7f, 0xff, 0xff, 0xe0, 0x07, 0xff, 0xff, 0x00, 0x00, 0x00,
    0x00, 0x00, 0x3f, 0xff, 0xff, 0xff, 0x83, 0xff, 0xff, 0x00, 0x00, 0x00, 0x00, 0x00, 0x1f, 0xff, 0xff, 0xff, 0x83, 0xf8, 0xff, 0x00, 0x00, 0x00,
    0x00, 0x00, 0x0f, 0xfc, 0x00, 0xff, 0x83, 0xf8, 0x1f, 0x00, 0x00, 0x00, 0x00, 0x00, 0x0f, 0xf0, 0x00, 0x3f, 0x03, 0xf8, 0x0f, 0x00, 0x00, 0x00,
    0x00, 0x00, 0x07, 0xf0, 0x00, 0x1e, 0x07, 0xf0, 0x0f, 0x00, 0x00, 0x00, 0x00, 0x00, 0x03, 0xf8, 0x00, 0x00, 0x1f, 0xf0, 0x0f, 0x00, 0x00, 0x00,
    0x00, 0x00, 0x01, 0xf8, 0x00, 0x00, 0x3f, 0x80, 0x0f, 0x00, 0x00, 0x00, 0x00, 0x00, 0x01, 0xfc, 0x00, 0x00, 0x7e, 0x00, 0x0f, 0x00, 0x00, 0x00,
    0x00, 0x00, 0x00, 0xfc, 0x00, 0x00, 0x7c, 0x00, 0x0e, 0x00, 0x00, 0x00, 0x00, 0x00, 0x00, 0x7e, 0x00, 0x00, 0x00, 0x00, 0x06, 0x00, 0x00, 0x00,
    0x00, 0x00, 0x00, 0x3f, 0x00, 0x00, 0x00, 0x00, 0x00, 0x00, 0x00, 0x00, 0x00, 0x00, 0x00, 0x1f, 0x00, 0x00, 0x00, 0x00, 0x00, 0x00, 0x00, 0x00,
    0x00, 0x00, 0x00, 0x00, 0x00, 0x00, 0x00, 0x00, 0x00, 0x00, 0x00, 0x00, 0x00, 0x00, 0x00, 0x00, 0x00, 0x00, 0x00, 0x00, 0x00, 0x00, 0x00, 0x00,
  }},
};
constexpr RunCatBitmap kRunner3[] = { // bird
  {{
    0x00, 0x00, 0x00, 0x00, 0x00, 0x00, 0x7f, 0x80, 0x00, 0x00, 0x00, 0x00, 0x00, 0x00, 0x00, 0x00, 0x00, 0x00, 0x7f, 0x80, 0x00, 0x00, 0x00, 0x00,
    0x00, 0x00, 0x00, 0x00, 0x00, 0x00, 0xff, 0xe0, 0x00, 0x00, 0x00, 0x00, 0x00, 0x00, 0x00, 0x00, 0x00, 0x01, 0xff, 0xf0, 0x00, 0x00, 0x00, 0x00,
    0x00, 0x00, 0x00, 0x00, 0x00, 0x01, 0xff, 0xf8, 0x00, 0x00, 0x00, 0x00, 0x00, 0x00, 0x00, 0x00, 0x00, 0x01, 0xff, 0xfc, 0x00, 0x00, 0x00, 0x00,
    0x00, 0x00, 0x00, 0x00, 0x00, 0x03, 0xff, 0xfc, 0x00, 0x00, 0x00, 0x00, 0x00, 0x00, 0x00, 0x00, 0x00, 0x07, 0xff, 0xfe, 0x00, 0x00, 0x00, 0x00,
    0x00, 0x00, 0x00, 0x00, 0x00, 0x0f, 0xff, 0xff, 0x00, 0x00, 0x00, 0x00, 0x00, 0x00, 0x00, 0x00, 0x00, 0x0f, 0xff, 0xff, 0x00, 0x00, 0x00, 0x00,
    0x00, 0x00, 0x00, 0x00, 0x00, 0x0f, 0xff, 0xff, 0x00, 0x00, 0x00, 0x00, 0x00, 0x00, 0x00, 0x00, 0x00, 0x0f, 0xff, 0xff, 0x00, 0x00, 0x00, 0x00,
    0x00, 0x00, 0x00, 0x00, 0x00, 0x0f, 0xff, 0xff, 0x00, 0x00, 0x00, 0x00, 0x00, 0x00, 0x00, 0x00, 0x60, 0x0f, 0xff, 0xff, 0x00, 0x00, 0x00, 0x00,
    0x00, 0x00, 0x00, 0x00, 0x31, 0x0f, 0xff, 0xff, 0x00, 0x00, 0x00, 0x00, 0x00, 0x00, 0x00, 0x01, 0x1d, 0x8f, 0xff, 0xff, 0x80, 0x00, 0x00, 0x00,
    0x00, 0x00, 0x00, 0x01, 0xdf, 0xdf, 0xff, 0xff, 0x80, 0x00, 0x00, 0x00, 0x00, 0x00, 0x00, 0x03, 0xff, 0xff, 0xff, 0xff, 0x80, 0x00, 0x00, 0x00,
    0x00, 0x00, 0x00, 0x0f, 0xff, 0xff, 0xff, 0xff, 0xc0, 0x00, 0x00, 0x00, 0x00, 0x00, 0x00, 0x0f, 0xff, 0xff, 0xff, 0xff, 0xc0, 0x00, 0x00, 0x00,
    0x00, 0x00, 0x00, 0x07, 0xff, 0xff, 0xff, 0xff, 0x80, 0x00, 0x00, 0x00, 0x00, 0x00, 0x00, 0x03, 0xff, 0xff, 0xff, 0xff, 0x80, 0x00, 0x00, 0x00,
    0x00, 0x00, 0x00, 0x01, 0xff, 0xff, 0xff, 0xff, 0x00, 0x00, 0x00, 0x00, 0x00, 0x00, 0x00, 0x01, 0xff, 0xff, 0xff, 0xff, 0x00, 0x00, 0x00, 0x00,
    0x00, 0x00, 0x00, 0x00, 0xff, 0xff, 0xff, 0xfe, 0x00, 0x00, 0x00, 0x00, 0x00, 0x00, 0x00, 0x00, 0x7f, 0xff, 0xff, 0xfc, 0x00, 0x00, 0x00, 0x00,
    0x00, 0x00, 0x00, 0x00, 0x7f, 0xff, 0xff, 0xfc, 0x00, 0x00, 0x00, 0x00, 0x00, 0x00, 0x00, 0x00, 0x3f, 0xff, 0xff, 0xfe, 0x00, 0x00, 0x00, 0x00,
    0x00, 0x00, 0x00, 0x00, 0x3f, 0xff, 0xff, 0xff, 0xe0, 0x00, 0x00, 0x00, 0x00, 0x00, 0x00, 0x00, 0x1f, 0xff, 0xff, 0xff, 0xf0, 0x00, 0x00, 0x00,
    0x00, 0x00, 0x00, 0x00, 0x07, 0xff, 0xff, 0xff, 0xfc, 0x00, 0x00, 0x00, 0x00, 0x00, 0x00, 0x00, 0x07, 0xff, 0xff, 0xff, 0xff, 0x00, 0x00, 0x00,
    0x00, 0x00, 0x00, 0x00, 0x07, 0xff, 0xff, 0xff, 0xff, 0x80, 0x00, 0x00, 0x00, 0x00, 0x00, 0x00, 0x0f, 0xff, 0xff, 0xff, 0xff, 0x80, 0x00, 0x00,
    0x00, 0x00, 0x00, 0x00, 0xff, 0xff, 0xff, 0xff, 0x00, 0x00, 0x00, 0x00, 0x00, 0x00, 0x00, 0x07, 0xff, 0xff, 0xff, 0xf0, 0x00, 0x00, 0x00, 0x00,
    0x00, 0x00, 0x00, 0x1f, 0xff, 0xff, 0xff, 0xc0, 0x00, 0x00, 0x00, 0x00, 0x00, 0x00, 0x00, 0x01, 0xff, 0xff, 0xfe, 0x00, 0x00, 0x00, 0x00, 0x00,
    0x00, 0x00, 0x00, 0x00, 0x01, 0xff, 0xf0, 0x00, 0x00, 0x00, 0x00, 0x00, 0x00, 0x00, 0x00, 0x00, 0x00, 0x0e, 0x00, 0x00, 0x00, 0x00, 0x00, 0x00,
    0x00, 0x00, 0x00, 0x00, 0x00, 0x00, 0x00, 0x00, 0x00, 0x00, 0x00, 0x00, 0x00, 0x00, 0x00, 0x00, 0x00, 0x00, 0x00, 0x00, 0x00, 0x00, 0x00, 0x00,
    0x00, 0x00, 0x00, 0x00, 0x00, 0x00, 0x00, 0x00, 0x00, 0x00, 0x00, 0x00, 0x00, 0x00, 0x00, 0x00, 0x00, 0x00, 0x00, 0x00, 0x00, 0x00, 0x00, 0x00,
    0x00, 0x00, 0x00, 0x00, 0x00, 0x00, 0x00, 0x00, 0x00, 0x00, 0x00, 0x00, 0x00, 0x00, 0x00, 0x00, 0x00, 0x00, 0x00, 0x00, 0x00, 0x00, 0x00, 0x00,
    0x00, 0x00, 0x00, 0x00, 0x00, 0x00, 0x00, 0x00, 0x00, 0x00, 0x00, 0x00, 0x00, 0x00, 0x00, 0x00, 0x00, 0x00, 0x00, 0x00, 0x00, 0x00, 0x00, 0x00,
    0x00, 0x00, 0x00, 0x00, 0x00, 0x00, 0x00, 0x00, 0x00, 0x00, 0x00, 0x00, 0x00, 0x00, 0x00, 0x00, 0x00, 0x00, 0x00, 0x00, 0x00, 0x00, 0x00, 0x00,
    0x00, 0x00, 0x00, 0x00, 0x00, 0x00, 0x00, 0x00, 0x00, 0x00, 0x00, 0x00, 0x00, 0x00, 0x00, 0x00, 0x00, 0x00, 0x00, 0x00, 0x00, 0x00, 0x00, 0x00,
    0x00, 0x00, 0x00, 0x00, 0x00, 0x00, 0x00, 0x00, 0x00, 0x00, 0x00, 0x00, 0x00, 0x00, 0x00, 0x00, 0x00, 0x00, 0x00, 0x00, 0x00, 0x00, 0x00, 0x00,
    0x00, 0x00, 0x00, 0x00, 0x00, 0x00, 0x00, 0x00, 0x00, 0x00, 0x00, 0x00, 0x00, 0x00, 0x00, 0x00, 0x00, 0x00, 0x00, 0x00, 0x00, 0x00, 0x00, 0x00,
    0x00, 0x00, 0x00, 0x00, 0x00, 0x00, 0x00, 0x00, 0x00, 0x00, 0x00, 0x00, 0x00, 0x00, 0x00, 0x00, 0x00, 0x00, 0x00, 0x00, 0x00, 0x00, 0x00, 0x00,
    0x00, 0x00, 0x00, 0x00, 0x00, 0x00, 0x00, 0x00, 0x00, 0x00, 0x00, 0x00, 0x00, 0x00, 0x00, 0x00, 0x00, 0x00, 0x00, 0x00, 0x00, 0x00, 0x00, 0x00,
    0x00, 0x00, 0x00, 0x00, 0x00, 0x00, 0x00, 0x00, 0x00, 0x00, 0x00, 0x00, 0x00, 0x00, 0x00, 0x00, 0x00, 0x00, 0x00, 0x00, 0x00, 0x00, 0x00, 0x00,
    0x00, 0x00, 0x00, 0x00, 0x00, 0x00, 0x00, 0x00, 0x00, 0x00, 0x00, 0x00, 0x00, 0x00, 0x00, 0x00, 0x00, 0x00, 0x00, 0x00, 0x00, 0x00, 0x00, 0x00,
  }},
  {{
    0x00, 0x00, 0x00, 0x00, 0x00, 0x00, 0x00, 0x00, 0x00, 0x00, 0x00, 0x00, 0x00, 0x00, 0x00, 0x00, 0x00, 0x00, 0x00, 0x00, 0x00, 0x00, 0x00, 0x00,
    0x00, 0x00, 0x00, 0x00, 0x00, 0x00, 0x00, 0x00, 0x00, 0x00, 0x00, 0x00, 0x00, 0x00, 0x00, 0x00, 0x00, 0x00, 0x00, 0x00, 0x00, 0x00, 0x00, 0x00,
    0x00, 0x00, 0x00, 0x00, 0x00, 0x00, 0x00, 0x00, 0x00, 0x00, 0x00, 0x00, 0x00, 0x00, 0x00, 0x00, 0x00, 0x00, 0x00, 0x00, 0x1c, 0x00, 0x00, 0x00,
    0x00, 0x00, 0x00, 0x00, 0x00, 0x00, 0x00, 0x00, 0xfc, 0x00, 0x00, 0x00, 0x00, 0x00, 0x00, 0x00, 0x00, 0x00, 0x00, 0x01, 0xfe, 0x00, 0x00, 0x00,
    0x00, 0x00, 0x00, 0x00, 0x00, 0x00, 0x00, 0x01, 0xfe, 0x00, 0x00, 0x00, 0x00, 0x00, 0x00, 0x00, 0x00, 0x00, 0x00, 0x1f, 0xff, 0x00, 0x00, 0x00,
    0x00, 0x00, 0x00, 0x00, 0x00, 0x00, 0x00, 0x1f, 0xff, 0x00, 0x00, 0x00, 0x00, 0x00, 0x00, 0x00, 0x00, 0x00, 0x00, 0x9f, 0xff, 0x00, 0x00, 0x00,
    0x00, 0x00, 0x00, 0x00, 0x00, 0x00, 0x01, 0xff, 0xff, 0x00, 0x00, 0x00, 0x00, 0x00, 0x00, 0x00, 0x00, 0x00, 0x01, 0xff, 0xff, 0x00, 0x00, 0x00,
    0x00, 0x00, 0x00, 0x00, 0x00, 0x00, 0x03, 0xff, 0xff, 0x00, 0x00, 0x00, 0x00, 0x00, 0x00, 0x00, 0x00, 0x00, 0x07, 0xff, 0xff, 0x00, 0x00, 0x00,
    0x00, 0x00, 0x00, 0x00, 0x00, 0x00, 0x0f, 0xff, 0xff, 0x00, 0x00, 0x00, 0x00, 0x00, 0x00, 0x00, 0x00, 0x00, 0x1f, 0xff, 0xfe, 0x00, 0x00, 0x00,
    0x00, 0x00, 0x00, 0x00, 0x00, 0x00, 0x3f, 0xff, 0xfe, 0x00, 0x00, 0x00, 0x00, 0x00, 0x00, 0x00, 0x00, 0x00, 0x7f, 0xff, 0xfc, 0x00, 0x00, 0x00,
    0x00, 0x00, 0x00, 0x00, 0x00, 0x01, 0xff, 0xff, 0xf8, 0x00, 0x00, 0x00, 0x00, 0x00, 0x00, 0x00, 0x00, 0x03, 0xff, 0xff, 0xf0, 0x00, 0x00, 0x00,
    0x00, 0x00, 0x00, 0x00, 0x00, 0x07, 0xff, 0xff, 0xe0, 0x00, 0x00, 0x00, 0x00, 0x00, 0x00, 0x00, 0x00, 0x0f, 0xff, 0xff, 0xe0, 0x00, 0x00, 0x00,
    0x00, 0x00, 0x00, 0x00, 0x00, 0x1f, 0xff, 0xff, 0xc0, 0x00, 0x00, 0x00, 0x00, 0x00, 0x00, 0x00, 0x00, 0x1f, 0xff, 0xff, 0x80, 0x00, 0x00, 0x00,
    0x00, 0x00, 0x00, 0x00, 0x00, 0x3f, 0xff, 0xff, 0x00, 0x00, 0x00, 0x00, 0x00, 0x00, 0x00, 0x00, 0x00, 0x3f, 0xff, 0xff, 0x00, 0x00, 0x00, 0x00,
    0x00, 0x00, 0x00, 0x00, 0x00, 0x7f, 0xff, 0xff, 0xc0, 0x00, 0x00, 0x00, 0x00, 0x00, 0x00, 0x00, 0x00, 0xff, 0xff, 0xff, 0xf8, 0x00, 0x00, 0x00,
    0x00, 0x00, 0x00, 0x00, 0x01, 0xff, 0xff, 0xff, 0xfc, 0x00, 0x00, 0x00, 0x00, 0x00, 0x00, 0x00, 0x03, 0xff, 0xff, 0xff, 0xff, 0x00, 0x00, 0x00,
    0x00, 0x00, 0x00, 0x00, 0x0f, 0xff, 0xff, 0xff, 0xff, 0x80, 0x00, 0x00, 0x00, 0x00, 0x00, 0x00, 0x3f, 0xff, 0xff, 0xff, 0xff, 0xc0, 0x00, 0x00,
    0x00, 0x00, 0x00, 0x01, 0xff, 0xff, 0xff, 0xff, 0x81, 0x80, 0x00, 0x00, 0x00, 0x00, 0x00, 0x0f, 0xff, 0xff, 0xff, 0xf8, 0x00, 0x00, 0x00, 0x00,
    0x00, 0x00, 0x00, 0x7f, 0xff, 0xff, 0xff, 0xc0, 0x00, 0x00, 0x00, 0x00, 0x00, 0x00, 0x00, 0x00, 0x03, 0xff, 0xfc, 0x00, 0x00, 0x00, 0x00, 0x00,
    0x00, 0x00, 0x00, 0x00, 0x00, 0x0f, 0x00, 0x00, 0x00, 0x00, 0x00, 0x00, 0x00, 0x00, 0x00, 0x00, 0x00, 0x00, 0x00, 0x00, 0x00, 0x00, 0x00, 0x00,
    0x00, 0x00, 0x00, 0x00, 0x00, 0x00, 0x00, 0x00, 0x00, 0x00, 0x00, 0x00, 0x00, 0x00, 0x00, 0x00, 0x00, 0x00, 0x00, 0x00, 0x00, 0x00, 0x00, 0x00,
    0x00, 0x00, 0x00, 0x00, 0x00, 0x00, 0x00, 0x00, 0x00, 0x00, 0x00, 0x00, 0x00, 0x00, 0x00, 0x00, 0x00, 0x00, 0x00, 0x00, 0x00, 0x00, 0x00, 0x00,
    0x00, 0x00, 0x00, 0x00, 0x00, 0x00, 0x00, 0x00, 0x00, 0x00, 0x00, 0x00, 0x00, 0x00, 0x00, 0x00, 0x00, 0x00, 0x00, 0x00, 0x00, 0x00, 0x00, 0x00,
    0x00, 0x00, 0x00, 0x00, 0x00, 0x00, 0x00, 0x00, 0x00, 0x00, 0x00, 0x00, 0x00, 0x00, 0x00, 0x00, 0x00, 0x00, 0x00, 0x00, 0x00, 0x00, 0x00, 0x00,
    0x00, 0x00, 0x00, 0x00, 0x00, 0x00, 0x00, 0x00, 0x00, 0x00, 0x00, 0x00, 0x00, 0x00, 0x00, 0x00, 0x00, 0x00, 0x00, 0x00, 0x00, 0x00, 0x00, 0x00,
    0x00, 0x00, 0x00, 0x00, 0x00, 0x00, 0x00, 0x00, 0x00, 0x00, 0x00, 0x00, 0x00, 0x00, 0x00, 0x00, 0x00, 0x00, 0x00, 0x00, 0x00, 0x00, 0x00, 0x00,
    0x00, 0x00, 0x00, 0x00, 0x00, 0x00, 0x00, 0x00, 0x00, 0x00, 0x00, 0x00, 0x00, 0x00, 0x00, 0x00, 0x00, 0x00, 0x00, 0x00, 0x00, 0x00, 0x00, 0x00,
    0x00, 0x00, 0x00, 0x00, 0x00, 0x00, 0x00, 0x00, 0x00, 0x00, 0x00, 0x00, 0x00, 0x00, 0x00, 0x00, 0x00, 0x00, 0x00, 0x00, 0x00, 0x00, 0x00, 0x00,
    0x00, 0x00, 0x00, 0x00, 0x00, 0x00, 0x00, 0x00, 0x00, 0x00, 0x00, 0x00, 0x00, 0x00, 0x00, 0x00, 0x00, 0x00, 0x00, 0x00, 0x00, 0x00, 0x00, 0x00,
    0x00, 0x00, 0x00, 0x00, 0x00, 0x00, 0x00, 0x00, 0x00, 0x00, 0x00, 0x00, 0x00, 0x00, 0x00, 0x00, 0x00, 0x00, 0x00, 0x00, 0x00, 0x00, 0x00, 0x00,
    0x00, 0x00, 0x00, 0x00, 0x00, 0x00, 0x00, 0x00, 0x00, 0x00, 0x00, 0x00, 0x00, 0x00, 0x00, 0x00, 0x00, 0x00, 0x00, 0x00, 0x00, 0x00, 0x00, 0x00,
    0x00, 0x00, 0x00, 0x00, 0x00, 0x00, 0x00, 0x00, 0x00, 0x00, 0x00, 0x00, 0x00, 0x00, 0x00, 0x00, 0x00, 0x00, 0x00, 0x00, 0x00, 0x00, 0x00, 0x00,
  }},
  {{
    0x00, 0x00, 0x00, 0x00, 0x00, 0x00, 0x00, 0x00, 0x00, 0x00, 0x00, 0x00, 0x00, 0x00, 0x00, 0x00, 0x00, 0x00, 0x00, 0x00, 0x00, 0x00, 0x00, 0x00,
    0x00, 0x00, 0x00, 0x00, 0x00, 0x00, 0x00, 0x00, 0x00, 0x00, 0x00, 0x00, 0x00, 0x00, 0x00, 0x00, 0x00, 0x00, 0x00, 0x00, 0x00, 0x00, 0x00, 0x00,
    0x00, 0x00, 0x00, 0x00, 0x00, 0x00, 0x00, 0x00, 0x00, 0x00, 0x00, 0x00, 0x00, 0x00, 0x00, 0x00, 0x00, 0x00, 0x00, 0x00, 0x00, 0x00, 0x00, 0x00,
    0x00, 0x00, 0x00, 0x00, 0x00, 0x00, 0x00, 0x00, 0x00, 0x00, 0x00, 0x00, 0x00, 0x00, 0x00, 0x00, 0x00, 0x00, 0x00, 0x00, 0x00, 0x00, 0x00, 0x00,
    0x00, 0x00, 0x00, 0x00, 0x00, 0x00, 0x00, 0x00, 0x00, 0x00, 0x00, 0x00, 0x00, 0x00, 0x00, 0x00, 0x00, 0x00, 0x00, 0x00, 0x00, 0x00, 0x00, 0x00,
    0x00, 0x00, 0x00, 0x00, 0x00, 0x00, 0x00, 0x00, 0x00, 0x00, 0x00, 0x00, 0x00, 0x00, 0x00, 0x00, 0x00, 0x00, 0x00, 0x00, 0x00, 0x00, 0x00, 0x00,
    0x00, 0x00, 0x00, 0x00, 0x00, 0x00, 0x00, 0x00, 0x00, 0x00, 0x00, 0x00, 0x00, 0x00, 0x00, 0x00, 0x00, 0x00, 0x00, 0x00, 0x00, 0x00, 0x00, 0x00,
    0x00, 0x00, 0x00, 0x00, 0x00, 0x00, 0x00, 0x00, 0x00, 0x00, 0x00, 0x00, 0x00, 0x00, 0x00, 0x00, 0x00, 0x00, 0x00, 0x00, 0x00, 0x00, 0x00, 0x00,
    0x00, 0x00, 0x00, 0x00, 0x00, 0x00, 0x00, 0x00, 0x00, 0x00, 0x00, 0x00, 0x00, 0x00, 0x00, 0x00, 0x00, 0x00, 0x00, 0x00, 0x00, 0x00, 0x00, 0x00,
    0x00, 0x00, 0x00, 0x00, 0x00, 0x00, 0x00, 0x00, 0x00, 0x00, 0x00, 0x00, 0x00, 0x00, 0x00, 0x00, 0x00, 0x00, 0x00, 0x00, 0x00, 0x00, 0x00, 0x00,
    0x00, 0x00, 0x00, 0x00, 0x00, 0x00, 0x00, 0x00, 0x00, 0x00, 0x00, 0x00, 0x00, 0x00, 0x00, 0x00, 0x00, 0x00, 0x00, 0x00, 0x00, 0x00, 0x00, 0x00,
    0x00, 0x00, 0x00, 0x00, 0x00, 0x00, 0x00, 0x00, 0x00, 0x00, 0x00, 0x00, 0x00, 0x00, 0x00, 0x00, 0x00, 0x00, 0x00, 0x00, 0x00, 0x00, 0x00, 0x00,
    0x00, 0x00, 0x00, 0x00, 0x00, 0x00, 0x00, 0x00, 0x00, 0x00, 0x00, 0x00, 0x00, 0x00, 0x00, 0x00, 0x00, 0x00, 0x00, 0x00, 0x00, 0x00, 0x00, 0x00,
    0x00, 0x00, 0x00, 0x00, 0x00, 0x00, 0x00, 0x00, 0x00, 0x00, 0x00, 0x00, 0x00, 0x00, 0x00, 0x00, 0x00, 0x00, 0x1f, 0xfe, 0x00, 0x00, 0x00, 0x00,
    0x00, 0x00, 0x00, 0x00, 0x00, 0x03, 0xff, 0xff, 0xe0, 0x00, 0x00, 0x00, 0x00, 0x00, 0x00, 0x00, 0x00, 0x0f, 0xff, 0xff, 0xf8, 0x00, 0x00, 0x00,
    0x00, 0x00, 0x00, 0x00, 0x00, 0x7f, 0xff, 0xff, 0xfc, 0x00, 0x00, 0x00, 0x00, 0x00, 0x00, 0x00, 0x01, 0xff, 0xff, 0xff, 0xff, 0x00, 0x00, 0x00,
    0x00, 0x00, 0x00, 0x00, 0x0f, 0xff, 0xff, 0xff, 0xff, 0xc0, 0x00, 0x00, 0x00, 0x00, 0x00, 0x00, 0x3f, 0xff, 0xff, 0xff, 0xff, 0xc0, 0x00, 0x00,
    0x00, 0x00, 0x00, 0x03, 0xff, 0xff, 0xff, 0xff, 0xc0, 0x00, 0x00, 0x00, 0x00, 0x00, 0x00, 0x1f, 0xff, 0xff, 0xff, 0xff, 0xc0, 0x00, 0x00, 0x00,
    0x00, 0x00, 0x00, 0x7f, 0xff, 0xff, 0xff, 0xff, 0xc0, 0x00, 0x00, 0x00, 0x00, 0x00, 0x00, 0x00, 0x1f, 0xff, 0xff, 0xff, 0xc0, 0x00, 0x00, 0x00,
    0x00, 0x00, 0x00, 0x00, 0x0f, 0xff, 0xff, 0xff, 0xc0, 0x00, 0x00, 0x00, 0x00, 0x00, 0x00, 0x00, 0x0f, 0xff, 0xff, 0xff, 0xc0, 0x00, 0x00, 0x00,
    0x00, 0x00, 0x00, 0x00, 0x0f, 0xff, 0xff, 0xff, 0xc0, 0x00, 0x00, 0x00, 0x00, 0x00, 0x00, 0x00, 0x0f, 0xff, 0xff, 0xff, 0xc0, 0x00, 0x00, 0x00,
    0x00, 0x00, 0x00, 0x00, 0x0f, 0xff, 0xff, 0xff, 0xe0, 0x00, 0x00, 0x00, 0x00, 0x00, 0x00, 0x00, 0x07, 0xff, 0xff, 0xff, 0xe0, 0x00, 0x00, 0x00,
    0x00, 0x00, 0x00, 0x00, 0x07, 0xff, 0xff, 0xff, 0xe0, 0x00, 0x00, 0x00, 0x00, 0x00, 0x00, 0x00, 0x0f, 0xff, 0xff, 0xff, 0xe0, 0x00, 0x00, 0x00,
    0x00, 0x00, 0x00, 0x00, 0x0f, 0xff, 0xff, 0xff, 0xe0, 0x00, 0x00, 0x00, 0x00, 0x00, 0x00, 0x00, 0x0f, 0xff, 0xff, 0xff, 0xc0, 0x00, 0x00, 0x00,
    0x00, 0x00, 0x00, 0x00, 0x0f, 0xff, 0xff, 0xff, 0xc0, 0x00, 0x00, 0x00, 0x00, 0x00, 0x00, 0x00, 0x0f, 0xff, 0xff, 0xff, 0x80, 0x00, 0x00, 0x00,
    0x00, 0x00, 0x00, 0x00, 0x07, 0xff, 0xff, 0xff, 0x80, 0x00, 0x00, 0x00, 0x00, 0x00, 0x00, 0x00, 0x07, 0xff, 0xff, 0xf0, 0x00, 0x00, 0x00, 0x00,
    0x00, 0x00, 0x00, 0x00, 0x07, 0xff, 0xff, 0xe0, 0x00, 0x00, 0x00, 0x00, 0x00, 0x00, 0x00, 0x00, 0x07, 0xff, 0xff, 0x80, 0x00, 0x00, 0x00, 0x00,
    0x00, 0x00, 0x00, 0x00, 0x0f, 0xff, 0xfe, 0x00, 0x00, 0x00, 0x00, 0x00, 0x00, 0x00, 0x00, 0x00, 0x07, 0xff, 0xfe, 0x00, 0x00, 0x00, 0x00, 0x00,
    0x00, 0x00, 0x00, 0x00, 0x07, 0xff, 0xfc, 0x00, 0x00, 0x00, 0x00, 0x00, 0x00, 0x00, 0x00, 0x00, 0x03, 0xff, 0xf8, 0x00, 0x00, 0x00, 0x00, 0x00,
    0x00, 0x00, 0x00, 0x00, 0x07, 0xff, 0xf0, 0x00, 0x00, 0x00, 0x00, 0x00, 0x00, 0x00, 0x00, 0x00, 0x07, 0xff, 0xe0, 0x00, 0x00, 0x00, 0x00, 0x00,
    0x00, 0x00, 0x00, 0x00, 0x01, 0xff, 0xc0, 0x00, 0x00, 0x00, 0x00, 0x00, 0x00, 0x00, 0x00, 0x00, 0x01, 0xff, 0x80, 0x00, 0x00, 0x00, 0x00, 0x00,
    0x00, 0x00, 0x00, 0x00, 0x01, 0xff, 0x00, 0x00, 0x00, 0x00, 0x00, 0x00, 0x00, 0x00, 0x00, 0x00, 0x00, 0xfe, 0x00, 0x00, 0x00, 0x00, 0x00, 0x00,
  }},
  {{
    0x00, 0x00, 0x00, 0x00, 0x00, 0x00, 0x00, 0x00, 0x00, 0x00, 0x00, 0x00, 0x00, 0x00, 0x00, 0x00, 0x00, 0x00, 0x00, 0x00, 0x00, 0x00, 0x00, 0x00,
    0x00, 0x00, 0x00, 0x00, 0x00, 0x00, 0x00, 0x00, 0x00, 0x00, 0x00, 0x00, 0x00, 0x00, 0x00, 0x00, 0x00, 0x00, 0x00, 0x00, 0x00, 0x00, 0x00, 0x00,
    0x00, 0x00, 0x00, 0x00, 0x00, 0x00, 0x00, 0x00, 0x00, 0x00, 0x00, 0x00, 0x00, 0x00, 0x00, 0x00, 0x00, 0x00, 0x00, 0x00, 0x00, 0x00, 0x00, 0x00,
    0x00, 0x00, 0x00, 0x00, 0x00, 0x00, 0x00, 0x00, 0x00, 0x00, 0x00, 0x00, 0x00, 0x00, 0x00, 0x00, 0x00, 0x00, 0x00, 0x00, 0x00, 0x00, 0x00, 0x00,
    0x00, 0x00, 0x00, 0x00, 0x00, 0x00, 0x00, 0x00, 0x00, 0x00, 0x00, 0x00, 0x00, 0x00, 0x00, 0x00, 0x00, 0x00, 0x00, 0x00, 0x00, 0x00, 0x00, 0x00,
    0x00, 0x00, 0x00, 0x00, 0x00, 0x00, 0x00, 0x00, 0x00, 0x00, 0x00, 0x00, 0x00, 0x00, 0x00, 0x00, 0x00, 0x00, 0x00, 0x00, 0x00, 0x00, 0x00, 0x00,
    0x00, 0x00, 0x00, 0x00, 0x00, 0x00, 0x00, 0x00, 0x00, 0x00, 0x00, 0x00, 0x00, 0x00, 0x00, 0x00, 0x00, 0x00, 0x00, 0x00, 0x00, 0x00, 0x00, 0x00,
    0x00, 0x00, 0x00, 0x00, 0x00, 0x00, 0x00, 0x00, 0x00, 0x00, 0x00, 0x00, 0x00, 0x00, 0x00, 0x00, 0x00, 0x00, 0x00, 0x00, 0x00, 0x00, 0x00, 0x00,
    0x00, 0x00, 0x00, 0x00, 0x00, 0x00, 0x00, 0x00, 0x00, 0x00, 0x00, 0x00, 0x00, 0x00, 0x00, 0x00, 0x00, 0x00, 0x00, 0x00, 0x00, 0x00, 0x00, 0x00,
    0x00, 0x00, 0x00, 0x00, 0x00, 0x00, 0x00, 0x00, 0x00, 0x00, 0x00, 0x00, 0x00, 0x00, 0x00, 0x00, 0x00, 0x00, 0x00, 0x00, 0x00, 0x00, 0x00, 0x00,
    0x00, 0x00, 0x00, 0x00, 0x00, 0x00, 0x00, 0x00, 0x00, 0x00, 0x00, 0x00, 0x00, 0x00, 0x00, 0x00, 0x00, 0x00, 0x00, 0x00, 0x00, 0x00, 0x00, 0x00,
    0x00, 0x00, 0x00, 0x00, 0x00, 0x00, 0x00, 0x00, 0x00, 0x00, 0x00, 0x00, 0x00, 0x00, 0x00, 0x00, 0x00, 0x00, 0x00, 0x00, 0x00, 0x00, 0x00, 0x00,
    0x00, 0x00, 0x00, 0x00, 0x00, 0x00, 0x00, 0x00, 0x00, 0x00, 0x00, 0x00, 0x00, 0x00, 0x00, 0x00, 0x00, 0x00, 0x00, 0xfc, 0x00, 0x00, 0x00, 0x00,
    0x00, 0x00, 0x00, 0x00, 0x00, 0x00, 0x0f, 0xfe, 0x00, 0x00, 0x00, 0x00, 0x00, 0x00, 0x00, 0x00, 0x00, 0x00, 0x3f, 0xff, 0x00, 0x00, 0x00, 0x00,
    0x00, 0x00, 0x00, 0x00, 0x00, 0x03, 0xff, 0xff, 0xe0, 0x00, 0x00, 0x00, 0x00, 0x00, 0x00, 0x00, 0x00, 0x1f, 0xff, 0xff, 0xf0, 0x00, 0x00, 0x00,
    0x00, 0x00, 0x00, 0x00, 0x00, 0xff, 0xff, 0xff, 0xfc, 0x00, 0x00, 0x00, 0x00, 0x00, 0x00, 0x00, 0x03, 0xff, 0xff, 0xff, 0xff, 0x00, 0x00, 0x00,
    0x00, 0x00, 0x00, 0x00, 0x1f, 0xff, 0xff, 0xff, 0xff, 0x80, 0x00, 0x00, 0x00, 0x00, 0x00, 0x00, 0x7f, 0xff, 0xff, 0xff, 0xff, 0x80, 0x00, 0x00,
    0x00, 0x00, 0x00, 0x03, 0xff, 0xff, 0xff, 0xfc, 0x00, 0x00, 0x00, 0x00, 0x00, 0x00, 0x00, 0x3f, 0xff, 0xff, 0xff, 0xf8, 0x00, 0x00, 0x00, 0x00,
    0x00, 0x00, 0x03, 0xff, 0xff, 0xff, 0xff, 0xf0, 0x00, 0x00, 0x00, 0x00, 0x00, 0x00, 0x07, 0xf0, 0x3f, 0xff, 0xff, 0xe0, 0x00, 0x00, 0x00, 0x00,
    0x00, 0x00, 0x03, 0x00, 0x7f, 0xff, 0xff, 0xc0, 0x00, 0x00, 0x00, 0x00, 0x00, 0x00, 0x00, 0x00, 0x7f, 0xff, 0xff, 0x80, 0x00, 0x00, 0x00, 0x00,
    0x00, 0x00, 0x00, 0x00, 0xff, 0xff, 0xff, 0x00, 0x00, 0x00, 0x00, 0x00, 0x00, 0x00, 0x00, 0x00, 0xff, 0xff, 0xfc, 0x00, 0x00, 0x00, 0x00, 0x00,
    0x00, 0x00, 0x00, 0x01, 0xff, 0xff, 0xf8, 0x00, 0x00, 0x00, 0x00, 0x00, 0x00, 0x00, 0x00, 0x01, 0xff, 0xff, 0xf0, 0x00, 0x00, 0x00, 0x00, 0x00,
    0x00, 0x00, 0x00, 0x01, 0xff, 0xff, 0xe0, 0x00, 0x00, 0x00, 0x00, 0x00, 0x00, 0x00, 0x00, 0x03, 0xff, 0xff, 0x80, 0x00, 0x00, 0x00, 0x00, 0x00,
    0x00, 0x00, 0x00, 0x03, 0xff, 0xfc, 0x00, 0x00, 0x00, 0x00, 0x00, 0x00, 0x00, 0x00, 0x00, 0x07, 0xff, 0xe0, 0x00, 0x00, 0x00, 0x00, 0x00, 0x00,
    0x00, 0x00, 0x00, 0x03, 0xff, 0x00, 0x00, 0x00, 0x00, 0x00, 0x00, 0x00, 0x00, 0x00, 0x00, 0x01, 0xfc, 0x00, 0x00, 0x00, 0x00, 0x00, 0x00, 0x00,
    0x00, 0x00, 0x00, 0x00, 0xf8, 0x00, 0x00, 0x00, 0x00, 0x00, 0x00, 0x00, 0x00, 0x00, 0x00, 0x00, 0x00, 0x00, 0x00, 0x00, 0x00, 0x00, 0x00, 0x00,
    0x00, 0x00, 0x00, 0x00, 0x00, 0x00, 0x00, 0x00, 0x00, 0x00, 0x00, 0x00, 0x00, 0x00, 0x00, 0x00, 0x00, 0x00, 0x00, 0x00, 0x00, 0x00, 0x00, 0x00,
    0x00, 0x00, 0x00, 0x00, 0x00, 0x00, 0x00, 0x00, 0x00, 0x00, 0x00, 0x00, 0x00, 0x00, 0x00, 0x00, 0x00, 0x00, 0x00, 0x00, 0x00, 0x00, 0x00, 0x00,
    0x00, 0x00, 0x00, 0x00, 0x00, 0x00, 0x00, 0x00, 0x00, 0x00, 0x00, 0x00, 0x00, 0x00, 0x00, 0x00, 0x00, 0x00, 0x00, 0x00, 0x00, 0x00, 0x00, 0x00,
    0x00, 0x00, 0x00, 0x00, 0x00, 0x00, 0x00, 0x00, 0x00, 0x00, 0x00, 0x00, 0x00, 0x00, 0x00, 0x00, 0x00, 0x00, 0x00, 0x00, 0x00, 0x00, 0x00, 0x00,
    0x00, 0x00, 0x00, 0x00, 0x00, 0x00, 0x00, 0x00, 0x00, 0x00, 0x00, 0x00, 0x00, 0x00, 0x00, 0x00, 0x00, 0x00, 0x00, 0x00, 0x00, 0x00, 0x00, 0x00,
    0x00, 0x00, 0x00, 0x00, 0x00, 0x00, 0x00, 0x00, 0x00, 0x00, 0x00, 0x00, 0x00, 0x00, 0x00, 0x00, 0x00, 0x00, 0x00, 0x00, 0x00, 0x00, 0x00, 0x00,
  }},
  {{
    0x00, 0x00, 0x00, 0x00, 0x00, 0x00, 0x00, 0x00, 0x00, 0x00, 0x00, 0x00, 0x00, 0x00, 0x00, 0x00, 0x00, 0x00, 0x00, 0x00, 0x00, 0x00, 0x00, 0x00,
    0x00, 0x00, 0x00, 0x00, 0x00, 0x00, 0x00, 0x00, 0x00, 0x00, 0x00, 0x00, 0x00, 0x00, 0x00, 0x00, 0x00, 0x00, 0x00, 0x00, 0x00, 0x00, 0x00, 0x00,
    0x00, 0x00, 0x00, 0x00, 0x00, 0x00, 0x00, 0x00, 0x00, 0x00, 0x00, 0x00, 0x00, 0x00, 0x00, 0x00, 0x00, 0x00, 0x00, 0x00, 0x00, 0x00, 0x00, 0x00,
    0x00, 0x00, 0x00, 0x00, 0x00, 0x00, 0x00, 0x00, 0x00, 0x00, 0x00, 0x00, 0x00, 0x00, 0x00, 0x00, 0x00, 0x00, 0x00, 0x00, 0x00, 0x00, 0x00, 0x00,
    0x00, 0x00, 0x00, 0x00, 0x00, 0x00, 0x00, 0x00, 0x00, 0x00, 0x00, 0x00, 0x00, 0x00, 0x00, 0x00, 0x00, 0x00, 0x00, 0x00, 0x00, 0x00, 0x00, 0x00,
    0x00, 0x00, 0x00, 0x00, 0x00, 0x00, 0x00, 0x00, 0x00, 0x00, 0x00, 0x00, 0x00, 0x00, 0x00, 0x00, 0x00, 0x00, 0x00, 0x00, 0x00, 0x00, 0x00, 0x00,
    0x00, 0x00, 0x00, 0x00, 0x00, 0x00, 0x00, 0x00, 0x00, 0x00, 0x00, 0x00, 0x00, 0x00, 0x00, 0x00, 0x00, 0x00, 0x00, 0x00, 0x00, 0x00, 0x00, 0x00,
    0x00, 0x00, 0x00, 0x00, 0x00, 0x00, 0x00, 0x00, 0x00, 0x00, 0x00, 0x00, 0x00, 0x00, 0x00, 0x00, 0x00, 0x00, 0x00, 0x00, 0x00, 0x00, 0x00, 0x00,
    0x00, 0x00, 0x00, 0x00, 0x00, 0x00, 0x00, 0x00, 0x00, 0x00, 0x00, 0x00, 0x00, 0x00, 0x00, 0x00, 0x00, 0x00, 0x00, 0x00, 0x00, 0x00, 0x00, 0x00,
    0x00, 0x00, 0x00, 0x00, 0x00, 0x00, 0x7f, 0x00, 0x00, 0x00, 0x00, 0x00, 0x00, 0x00, 0x00, 0x00, 0x00, 0x0f, 0xff, 0xf8, 0x00, 0x00, 0x00, 0x00,
    0x00, 0x00, 0x00, 0x00, 0x00, 0x7f, 0xff, 0xfe, 0x00, 0x00, 0x00, 0x00, 0x00, 0x00, 0x00, 0x00, 0x01, 0xff, 0xff, 0xfe, 0x00, 0x00, 0x00, 0x00,
    0x00, 0x00, 0x00, 0x00, 0x07, 0xff, 0xff, 0xfe, 0x00, 0x00, 0x00, 0x00, 0x00, 0x00, 0x00, 0x00, 0x1f, 0xff, 0xff, 0xfc, 0x00, 0x00, 0x00, 0x00,
    0x00, 0x00, 0x00, 0x00, 0x3f, 0xff, 0xff, 0xf8, 0x00, 0x00, 0x00, 0x00, 0x00, 0x00, 0x00, 0x01, 0xff, 0xff, 0xff, 0xf8, 0x00, 0x00, 0x00, 0x00,
    0x00, 0x00, 0x00, 0x07, 0xff, 0xff, 0xff, 0xf8, 0x00, 0x00, 0x00, 0x00, 0x00, 0x00, 0x00, 0x07, 0xff, 0xff, 0xff, 0xff, 0x80, 0x00, 0x00, 0x00,
    0x00, 0x00, 0x00, 0x03, 0xff, 0xff, 0xff, 0xff, 0xe0, 0x00, 0x00, 0x00, 0x00, 0x00, 0x00, 0x00, 0x3f, 0xff, 0xff, 0xff, 0xf8, 0x00, 0x00, 0x00,
    0x00, 0x00, 0x00, 0x00, 0x1f, 0xff, 0xff, 0xff, 0xfc, 0x00, 0x00, 0x00, 0x00, 0x00, 0x00, 0x00, 0x1f, 0xff, 0xff, 0xff, 0xff, 0x00, 0x00, 0x00,
    0x00, 0x00, 0x00, 0x00, 0x3f, 0xff, 0xff, 0xff, 0xff, 0x80, 0x00, 0x00, 0x00, 0x00, 0x00, 0x01, 0xff, 0xff, 0xff, 0xff, 0xff, 0x80, 0x00, 0x00,
    0x00, 0x00, 0x00, 0x1f, 0xff, 0xff, 0xff, 0xfc, 0x00, 0x00, 0x00, 0x00, 0x00, 0x00, 0x01, 0xff, 0xff, 0xff, 0xff, 0xe0, 0x00, 0x00, 0x00, 0x00,
    0x00, 0x00, 0x03, 0xfc, 0x1f, 0xff, 0xff, 0x80, 0x00, 0x00, 0x00, 0x00, 0x00, 0x00, 0x03, 0x80, 0x00, 0x1f, 0xfc, 0x00, 0x00, 0x00, 0x00, 0x00,
    0x00, 0x00, 0x00, 0x00, 0x00, 0x04, 0x00, 0x00, 0x00, 0x00, 0x00, 0x00, 0x00, 0x00, 0x00, 0x00, 0x00, 0x00, 0x00, 0x00, 0x00, 0x00, 0x00, 0x00,
    0x00, 0x00, 0x00, 0x00, 0x00, 0x00, 0x00, 0x00, 0x00, 0x00, 0x00, 0x00, 0x00, 0x00, 0x00, 0x00, 0x00, 0x00, 0x00, 0x00, 0x00, 0x00, 0x00, 0x00,
    0x00, 0x00, 0x00, 0x00, 0x00, 0x00, 0x00, 0x00, 0x00, 0x00, 0x00, 0x00, 0x00, 0x00, 0x00, 0x00, 0x00, 0x00, 0x00, 0x00, 0x00, 0x00, 0x00, 0x00,
    0x00, 0x00, 0x00, 0x00, 0x00, 0x00, 0x00, 0x00, 0x00, 0x00, 0x00, 0x00, 0x00, 0x00, 0x00, 0x00, 0x00, 0x00, 0x00, 0x00, 0x00, 0x00, 0x00, 0x00,
    0x00, 0x00, 0x00, 0x00, 0x00, 0x00, 0x00, 0x00, 0x00, 0x00, 0x00, 0x00, 0x00, 0x00, 0x00, 0x00, 0x00, 0x00, 0x00, 0x00, 0x00, 0x00, 0x00, 0x00,
    0x00, 0x00, 0x00, 0x00, 0x00, 0x00, 0x00, 0x00, 0x00, 0x00, 0x00, 0x00, 0x00, 0x00, 0x00, 0x00, 0x00, 0x00, 0x00, 0x00, 0x00, 0x00, 0x00, 0x00,
    0x00, 0x00, 0x00, 0x00, 0x00, 0x00, 0x00, 0x00, 0x00, 0x00, 0x00, 0x00, 0x00, 0x00, 0x00, 0x00, 0x00, 0x00, 0x00, 0x00, 0x00, 0x00, 0x00, 0x00,
    0x00, 0x00, 0x00, 0x00, 0x00, 0x00, 0x00, 0x00, 0x00, 0x00, 0x00, 0x00, 0x00, 0x00, 0x00, 0x00, 0x00, 0x00, 0x00, 0x00, 0x00, 0x00, 0x00, 0x00,
    0x00, 0x00, 0x00, 0x00, 0x00, 0x00, 0x00, 0x00, 0x00, 0x00, 0x00, 0x00, 0x00, 0x00, 0x00, 0x00, 0x00, 0x00, 0x00, 0x00, 0x00, 0x00, 0x00, 0x00,
    0x00, 0x00, 0x00, 0x00, 0x00, 0x00, 0x00, 0x00, 0x00, 0x00, 0x00, 0x00, 0x00, 0x00, 0x00, 0x00, 0x00, 0x00, 0x00, 0x00, 0x00, 0x00, 0x00, 0x00,
    0x00, 0x00, 0x00, 0x00, 0x00, 0x00, 0x00, 0x00, 0x00, 0x00, 0x00, 0x00, 0x00, 0x00, 0x00, 0x00, 0x00, 0x00, 0x00, 0x00, 0x00, 0x00, 0x00, 0x00,
    0x00, 0x00, 0x00, 0x00, 0x00, 0x00, 0x00, 0x00, 0x00, 0x00, 0x00, 0x00, 0x00, 0x00, 0x00, 0x00, 0x00, 0x00, 0x00, 0x00, 0x00, 0x00, 0x00, 0x00,
    0x00, 0x00, 0x00, 0x00, 0x00, 0x00, 0x00, 0x00, 0x00, 0x00, 0x00, 0x00, 0x00, 0x00, 0x00, 0x00, 0x00, 0x00, 0x00, 0x00, 0x00, 0x00, 0x00, 0x00,
  }},
};
constexpr RunCatBitmap kRunner4[] = { // horse
  {{
    0x00, 0x00, 0x00, 0x00, 0x00, 0x00, 0x00, 0x00, 0x00, 0x00, 0x00, 0x00, 0x00, 0x00, 0x00, 0x00, 0x00, 0x00, 0x00, 0x00, 0x00, 0x00, 0x00, 0x00,
    0x00, 0x00, 0x00, 0x00, 0x00, 0x00, 0x00, 0x00, 0x00, 0x00, 0x00, 0x00, 0x00, 0x00, 0x00, 0x00, 0x00, 0x00, 0x00, 0x00, 0x00, 0x00, 0x00, 0x00,
    0x00, 0x00, 0x00, 0x00, 0x00, 0x00, 0x00, 0x00, 0x00, 0x00, 0x00, 0x00, 0x00, 0x00, 0x00, 0x00, 0x00, 0x00, 0x00, 0x00, 0x00, 0x00, 0x00, 0x00,
    0x00, 0x00, 0x00, 0x00, 0x00, 0x00, 0x00, 0x00, 0x00, 0x00, 0x01, 0x00, 0x00, 0x00, 0x00, 0x00, 0x00, 0x00, 0x00, 0x00, 0x00, 0x00, 0x13, 0x00,
    0x00, 0x00, 0x00, 0x00, 0x00, 0x00, 0x00, 0x00, 0x00, 0x33, 0xff, 0x80, 0x00, 0x00, 0x00, 0x00, 0x00, 0x00, 0x00, 0x00, 0x01, 0xff, 0xff, 0x80,
    0x00, 0x00, 0x00, 0x00, 0x00, 0x00, 0x00, 0x00, 0x33, 0xff, 0xff, 0xc0, 0x00, 0x00, 0x00, 0x00, 0x00, 0x00, 0x00, 0x00, 0x3f, 0xff, 0xff, 0xc0,
    0x00, 0x00, 0x00, 0x00, 0x00, 0x00, 0x00, 0x01, 0xff, 0xff, 0xff, 0xc0, 0x00, 0x00, 0x00, 0x00, 0x00, 0x00, 0x00, 0x01, 0xff, 0xff, 0xff, 0xe0,
    0x00, 0x00, 0x00, 0x00, 0x00, 0x00, 0x00, 0x0f, 0xff, 0xff, 0xff, 0xe0, 0x00, 0x00, 0x00, 0x00, 0x00, 0x00, 0x00, 0x1f, 0xff, 0xff, 0xff, 0xf0,
    0x00, 0x00, 0x00, 0x00, 0x00, 0x00, 0x00, 0x1f, 0xff, 0xff, 0xff, 0xf0, 0x00, 0x00, 0x00, 0x00, 0x3f, 0x00, 0x00, 0x3f, 0xff, 0xff, 0xff, 0xf8,
    0x00, 0x00, 0x00, 0x0f, 0xff, 0xf8, 0x01, 0xff, 0xff, 0xff, 0xff, 0xfc, 0x00, 0x00, 0x01, 0xff, 0xff, 0xff, 0xff, 0xff, 0xff, 0xff, 0xff, 0xfc,
    0x00, 0x00, 0x07, 0xff, 0xff, 0xff, 0xff, 0xff, 0xff, 0xff, 0x9f, 0xfc, 0x00, 0x00, 0x3f, 0xff, 0xff, 0xff, 0xff, 0xff, 0xff, 0xff, 0x03, 0xfe,
    0x00, 0x00, 0xff, 0xff, 0xff, 0xff, 0xff, 0xff, 0xff, 0xfe, 0x01, 0xff, 0x00, 0x03, 0xff, 0xff, 0xff, 0xff, 0xff, 0xff, 0xff, 0xfc, 0x00, 0x7f,
    0x00, 0x0f, 0xff, 0xff, 0xff, 0xff, 0xff, 0xff, 0xff, 0xfc, 0x00, 0x3f, 0x00, 0xff, 0xff, 0x7f, 0xff, 0xff, 0xff, 0xff, 0xff, 0xf0, 0x00, 0x1c,
    0x00, 0xff, 0xfe, 0x7f, 0xff, 0xff, 0xff, 0xff, 0xff, 0xf0, 0x00, 0x18, 0x00, 0xff, 0xf8, 0x7f, 0xff, 0xff, 0xff, 0xff, 0xff, 0xe0, 0x00, 0x00,
    0x01, 0xff, 0xc0, 0x7f, 0xff, 0xff, 0xff, 0xff, 0xff, 0xc0, 0x00, 0x00, 0x03, 0xff, 0x00, 0x7f, 0xff, 0xff, 0xff, 0xff, 0xff, 0xc0, 0x00, 0x00,
    0x03, 0xf8, 0x00, 0x7f, 0xff, 0xff, 0xff, 0xff, 0xff, 0xc0, 0x00, 0x00, 0x03, 0xf0, 0x00, 0x7f, 0xff, 0xff, 0xff, 0xff, 0xff, 0xc0, 0x00, 0x00,
    0x03, 0xc0, 0x00, 0x7f, 0xff, 0xff, 0xff, 0xff, 0xff, 0xc0, 0x00, 0x00, 0x07, 0xc0, 0x00, 0x7f, 0xff, 0xff, 0xff, 0xff, 0xff, 0xc0, 0x00, 0x00,
    0x07, 0x80, 0x00, 0x7f, 0xff, 0xff, 0xff, 0xff, 0xff, 0x80, 0x00, 0x00, 0x07, 0x00, 0x00, 0x7f, 0xf8, 0x7f, 0xff, 0xff, 0xff, 0x80, 0x00, 0x00,
    0x07, 0x00, 0x00, 0x7f, 0xf0, 0x1f, 0xff, 0xff, 0xff, 0x80, 0x00, 0x00, 0x02, 0x00, 0x01, 0xff, 0xe0, 0x03, 0xff, 0xff, 0xff, 0x80, 0x00, 0x00,
    0x00, 0x00, 0x07, 0xff, 0x80, 0x01, 0xff, 0xff, 0xff, 0x80, 0x00, 0x00, 0x00, 0x00, 0x0f, 0xfc, 0x00, 0x00, 0x00, 0x1f, 0xff, 0x80, 0x00, 0x00,
    0x00, 0x00, 0x1f, 0xfc, 0x00, 0x00, 0x00, 0x1f, 0x9f, 0xc0, 0x00, 0x00, 0x00, 0x00, 0x1f, 0xf8, 0x00, 0x00, 0x00, 0x3f, 0x0f, 0xc0, 0x00, 0x00,
    0x00, 0x00, 0x3f, 0xf0, 0x00, 0x00, 0x00, 0x3e, 0x07, 0xe0, 0x00, 0x00, 0x00, 0x00, 0x3f, 0xe0, 0x00, 0x00, 0x00, 0x3e, 0x03, 0xe0, 0x00, 0x00,
    0x00, 0x00, 0x3f, 0xc0, 0x00, 0x00, 0x00, 0x3c, 0x01, 0xf0, 0x00, 0x00, 0x00, 0x00, 0x7f, 0x80, 0x00, 0x00, 0x00, 0x3c, 0x01, 0xf0, 0x00, 0x00,
    0x00, 0x00, 0x7f, 0x00, 0x00, 0x00, 0x00, 0x38, 0x00, 0xf8, 0x00, 0x00, 0x00, 0x00, 0xff, 0x00, 0x00, 0x00, 0x00, 0x78, 0x00, 0x7c, 0x00, 0x00,
    0x00, 0x01, 0xee, 0x00, 0x00, 0x00, 0x00, 0x78, 0x00, 0x3c, 0x00, 0x00, 0x00, 0x01, 0xce, 0x00, 0x00, 0x00, 0x00, 0x70, 0x00, 0x1c, 0x00, 0x00,
    0x00, 0x19, 0xcc, 0x00, 0x00, 0x00, 0x00, 0x70, 0x00, 0x0e, 0x00, 0x00, 0x00, 0x3f, 0x8c, 0x00, 0x00, 0x00, 0x00, 0xe0, 0x00, 0x0e, 0x00, 0x00,
    0x00, 0x3f, 0x1c, 0x00, 0x00, 0x00, 0x00, 0xe0, 0x00, 0x07, 0x00, 0x00, 0x00, 0x38, 0x1c, 0x00, 0x00, 0x00, 0x00, 0xc0, 0x00, 0x03, 0x80, 0x00,
    0x00, 0x00, 0x1c, 0x00, 0x00, 0x00, 0x00, 0xc0, 0x00, 0x03, 0xc0, 0x00, 0x00, 0x00, 0x3c, 0x00, 0x00, 0x00, 0x00, 0xc0, 0x00, 0x01, 0xc0, 0x00,
    0x00, 0x00, 0x3c, 0x00, 0x00, 0x00, 0x01, 0xc0, 0x00, 0x00, 0xe0, 0x00, 0x00, 0x00, 0x1c, 0x00, 0x00, 0x00, 0x01, 0xc0, 0x00, 0x00, 0xf8, 0x00,
    0x00, 0x00, 0x1c, 0x00, 0x00, 0x00, 0x00, 0xe0, 0x00, 0x00, 0x3c, 0x00, 0x00, 0x00, 0x0e, 0x00, 0x00, 0x00, 0x00, 0x70, 0x00, 0x00, 0x3e, 0x00,
    0x00, 0x00, 0x0f, 0x00, 0x00, 0x00, 0x00, 0x78, 0x00, 0x00, 0x1c, 0x00, 0x00, 0x00, 0x0f, 0x00, 0x00, 0x00, 0x00, 0x3c, 0x00, 0x00, 0x00, 0x00,
    0x00, 0x00, 0x06, 0x00, 0x00, 0x00, 0x00, 0x00, 0x00, 0x00, 0x00, 0x00, 0x00, 0x00, 0x00, 0x00, 0x00, 0x00, 0x00, 0x00, 0x00, 0x00, 0x00, 0x00,
  }},
  {{
    0x00, 0x00, 0x00, 0x00, 0x00, 0x00, 0x00, 0x00, 0x00, 0x00, 0x00, 0x00, 0x00, 0x00, 0x00, 0x00, 0x00, 0x00, 0x00, 0x00, 0x00, 0x00, 0x00, 0x00,
    0x00, 0x00, 0x00, 0x00, 0x00, 0x00, 0x00, 0x00, 0x00, 0x00, 0x00, 0x00, 0x00, 0x00, 0x00, 0x00, 0x00, 0x00, 0x00, 0x00, 0x00, 0x00, 0x04, 0x00,
    0x00, 0x00, 0x00, 0x00, 0x00, 0x00, 0x00, 0x00, 0x00, 0x00, 0x0c, 0x00, 0x00, 0x00, 0x00, 0x00, 0x00, 0x00, 0x00, 0x00, 0x00, 0x00, 0xfe, 0x00,
    0x00, 0x00, 0x00, 0x00, 0x00, 0x00, 0x00, 0x00, 0x00, 0x07, 0xfe, 0x00, 0x00, 0x00, 0x00, 0x00, 0x00, 0x00, 0x00, 0x00, 0x00, 0x3f, 0xff, 0x00,
    0x00, 0x00, 0x00, 0x00, 0x00, 0x00, 0x00, 0x00, 0x00, 0x7f, 0xff, 0x00, 0x00, 0x00, 0x00, 0x00, 0x00, 0x00, 0x00, 0x00, 0x01, 0xff, 0xff, 0x80,
    0x00, 0x00, 0x00, 0x00, 0x00, 0x00, 0x00, 0x00, 0x07, 0xff, 0xff, 0x80, 0x00, 0x00, 0x00, 0x00, 0x00, 0x00, 0x00, 0x00, 0x0f, 0xff, 0xff, 0xc0,
    0x00, 0x00, 0x00, 0x00, 0x00, 0x00, 0x00, 0x00, 0x7f, 0xff, 0xff, 0xe0, 0x00, 0x00, 0x00, 0x00, 0x00, 0x00, 0x00, 0x03, 0xff, 0xff, 0xff, 0xe0,
    0x00, 0x00, 0x00, 0x00, 0x3f, 0xc0, 0x00, 0x0f, 0xff, 0xff, 0xff, 0xf0, 0x00, 0x00, 0x00, 0x00, 0x7f, 0xe0, 0x00, 0x1f, 0xff, 0xff, 0xff, 0xf8,
    0x00, 0x00, 0x00, 0x0f, 0xff, 0xff, 0xc0, 0x7f, 0xff, 0xff, 0xff, 0xfc, 0x00, 0x00, 0x00, 0x7f, 0xff, 0xff, 0xf9, 0xff, 0xff, 0xff, 0xff, 0xfc,
    0x00, 0x00, 0x03, 0xff, 0xff, 0xff, 0xff, 0xff, 0xff, 0xff, 0x0f, 0xfc, 0x00, 0x00, 0x07, 0xff, 0xff, 0xff, 0xff, 0xff, 0xff, 0xff, 0x03, 0xfc,
    0x00, 0x00, 0x0f, 0xff, 0xff, 0xff, 0xff, 0xff, 0xff, 0xfe, 0x00, 0x7c, 0x00, 0x00, 0x3f, 0xff, 0xff, 0xff, 0xff, 0xff, 0xff, 0xfc, 0x00, 0x3c,
    0x00, 0x00, 0x7f, 0xff, 0xff, 0xff, 0xff, 0xff, 0xff, 0xfc, 0x00, 0x18, 0x00, 0x00, 0xff, 0xff, 0xff, 0xff, 0xff, 0xff, 0xff, 0xf8, 0x00, 0x00,
    0x00, 0x01, 0xff, 0xff, 0xff, 0xff, 0xff, 0xff, 0xff, 0xf0, 0x00, 0x00, 0x00, 0x7f, 0xff, 0xff, 0xff, 0xff, 0xff, 0xff, 0xff, 0xf0, 0x00, 0x00,
    0x01, 0xff, 0xff, 0x3f, 0xff, 0xff, 0xff, 0xff, 0xff, 0xe0, 0x00, 0x00, 0x01, 0xff, 0xfe, 0x3f, 0xff, 0xff, 0xff, 0xff, 0xff, 0xc0, 0x00, 0x00,
    0x03, 0xff, 0xf8, 0x3f, 0xff, 0xff, 0xff, 0xff, 0xff, 0x80, 0x00, 0x00, 0x07, 0xff, 0xf0, 0x3f, 0xff, 0xff, 0xff, 0xff, 0xff, 0x80, 0x00, 0x00,
    0x0f, 0xff, 0x00, 0x1f, 0xff, 0xff, 0xff, 0xff, 0xff, 0x00, 0x00, 0x00, 0x1f, 0xf8, 0x00, 0x1f, 0xff, 0xff, 0xff, 0xff, 0xfe, 0x00, 0x00, 0x00,
    0x18, 0x00, 0x00, 0x1f, 0xff, 0xff, 0xff, 0xff, 0xfe, 0x00, 0x00, 0x00, 0x00, 0x00, 0x00, 0x3f, 0xff, 0xdf, 0xff, 0xff, 0xfe, 0x00, 0x00, 0x00,
    0x00, 0x00, 0x00, 0x7f, 0xff, 0x87, 0xff, 0xff, 0xfe, 0x00, 0x00, 0x00, 0x00, 0x00, 0x00, 0xff, 0xfe, 0x03, 0xff, 0xff, 0xfc, 0x00, 0x00, 0x00,
    0x00, 0x00, 0x0f, 0xff, 0xfc, 0x00, 0xff, 0xff, 0xf8, 0x00, 0x00, 0x00, 0x00, 0x00, 0x0f, 0xff, 0xe0, 0x00, 0x01, 0xff, 0xf0, 0x00, 0x00, 0x00,
    0x00, 0x00, 0x0f, 0xff, 0xc0, 0x00, 0x00, 0x7f, 0xc0, 0x00, 0x00, 0x00, 0x00, 0x00, 0x0f, 0xf8, 0x00, 0x00, 0x00, 0x3f, 0xc0, 0x00, 0x00, 0x00,
    0x00, 0x00, 0x0f, 0xf8, 0x00, 0x00, 0x00, 0x3f, 0x80, 0x00, 0x00, 0x00, 0x00, 0x00, 0x0e, 0x38, 0x00, 0x00, 0x00, 0x3f, 0x00, 0x00, 0x00, 0x00,
    0x00, 0x00, 0x0c, 0x38, 0x00, 0x00, 0x00, 0x3f, 0x00, 0x00, 0x00, 0x00, 0x00, 0x00, 0x1c, 0x18, 0x00, 0x00, 0x00, 0x3e, 0x00, 0x00, 0x00, 0x00,
    0x00, 0x00, 0x1c, 0x1c, 0x00, 0x00, 0x00, 0x3e, 0x00, 0x00, 0x00, 0x00, 0x00, 0x00, 0x1c, 0x1c, 0x00, 0x00, 0x00, 0x3e, 0x00, 0x00, 0x00, 0x00,
    0x00, 0x00, 0x3c, 0x0c, 0x00, 0x00, 0x00, 0x3e, 0x00, 0x00, 0x00, 0x00, 0x00, 0x00, 0x38, 0x0e, 0x00, 0x00, 0x00, 0x3e, 0x00, 0x00, 0x00, 0x00,
    0x00, 0x00, 0x38, 0x0e, 0x00, 0x00, 0x00, 0x3c, 0x00, 0x00, 0x00, 0x00, 0x00, 0x01, 0xf8, 0x0e, 0x00, 0x00, 0x00, 0x7c, 0x00, 0x00, 0x00, 0x00,
    0x00, 0x03, 0xf0, 0x1c, 0x00, 0x00, 0x00, 0xfc, 0x00, 0x00, 0x00, 0x00, 0x00, 0x07, 0xe0, 0x1c, 0x00, 0x00, 0xff, 0xf8, 0x00, 0x00, 0x00, 0x00,
    0x00, 0x07, 0x80, 0x3c, 0x00, 0x01, 0xff, 0x98, 0x00, 0x00, 0x00, 0x00, 0x00, 0x00, 0x00, 0x38, 0x00, 0x01, 0xfe, 0x18, 0x00, 0x00, 0x00, 0x00,
    0x00, 0x00, 0x00, 0x30, 0x00, 0x01, 0xfc, 0x38, 0x00, 0x00, 0x00, 0x00, 0x00, 0x00, 0x00, 0x00, 0x00, 0x00, 0x00, 0x38, 0x00, 0x00, 0x00, 0x00,
    0x00, 0x00, 0x00, 0x00, 0x00, 0x00, 0x00, 0x38, 0x00, 0x00, 0x00, 0x00, 0x00, 0x00, 0x00, 0x00, 0x00, 0x00, 0x00, 0x38, 0x00, 0x00, 0x00, 0x00,
    0x00, 0x00, 0x00, 0x00, 0x00, 0x00, 0x00, 0x3c, 0x00, 0x00, 0x00, 0x00, 0x00, 0x00, 0x00, 0x00, 0x00, 0x00, 0x00, 0x3e, 0x00, 0x00, 0x00, 0x00,
    0x00, 0x00, 0x00, 0x00, 0x00, 0x00, 0x00, 0x0f, 0x00, 0x00, 0x00, 0x00, 0x00, 0x00, 0x00, 0x00, 0x00, 0x00, 0x00, 0x07, 0x80, 0x00, 0x00, 0x00,
    0x00, 0x00, 0x00, 0x00, 0x00, 0x00, 0x00, 0x07, 0x00, 0x00, 0x00, 0x00, 0x00, 0x00, 0x00, 0x00, 0x00, 0x00, 0x00, 0x03, 0x00, 0x00, 0x00, 0x00,
  }},
  {{
    0x00, 0x00, 0x00, 0x00, 0x00, 0x00, 0x00, 0x00, 0x00, 0x00, 0x00, 0x00, 0x00, 0x00, 0x00, 0x00, 0x00, 0x00, 0x00, 0x00, 0x00, 0x00, 0x00, 0x00,
    0x00, 0x00, 0x00, 0x00, 0x00, 0x00, 0x00, 0x00, 0x00, 0x00, 0x1c, 0x00, 0x00, 0x00, 0x00, 0x00, 0x00, 0x00, 0x00, 0x00, 0x00, 0x03, 0xfc, 0x00,
    0x00, 0x00, 0x00, 0x00, 0x00, 0x00, 0x00, 0x00, 0x00, 0x1f, 0xfc, 0x00, 0x00, 0x00, 0x00, 0x00, 0x00, 0x00, 0x00, 0x00, 0x00, 0x7f, 0xfe, 0x00,
    0x00, 0x00, 0x00, 0x00, 0x00, 0x00, 0x00, 0x00, 0x01, 0xff, 0xff, 0x00, 0x00, 0x00, 0x00, 0x00, 0x00, 0x00, 0x00, 0x00, 0x07, 0xff, 0xff, 0x00,
    0x00, 0x00, 0x00, 0x00, 0x00, 0x00, 0x00, 0x00, 0x0f, 0xff, 0xff, 0x00, 0x00, 0x00, 0x00, 0x00, 0x00, 0x00, 0x00, 0x00, 0x3f, 0xff, 0xff, 0x80,
    0x00, 0x00, 0x00, 0x00, 0x00, 0x00, 0x00, 0x00, 0x7f, 0xff, 0xff, 0x80, 0x00, 0x00, 0x00, 0x00, 0x00, 0x00, 0x00, 0x00, 0xff, 0xff, 0xff, 0xc0,
    0x00, 0x00, 0x00, 0x00, 0x00, 0x00, 0x00, 0x0f, 0xff, 0xff, 0xff, 0xe0, 0x00, 0x00, 0x00, 0x00, 0x0f, 0x80, 0x00, 0x1f, 0xff, 0xff, 0xff, 0xe0,
    0x00, 0x00, 0x00, 0x00, 0xff, 0xfe, 0x00, 0x3f, 0xff, 0xff, 0xff, 0xf0, 0x00, 0x00, 0x00, 0x01, 0xff, 0xff, 0xc0, 0xff, 0xff, 0xff, 0xff, 0xf8,
    0x00, 0x00, 0x00, 0x07, 0xff, 0xff, 0xff, 0xff, 0xff, 0xfe, 0x1f, 0xf8, 0x00, 0x00, 0x00, 0x7f, 0xff, 0xff, 0xff, 0xff, 0xff, 0xfc, 0x07, 0xf8,
    0x00, 0x00, 0x03, 0xff, 0xff, 0xff, 0xff, 0xff, 0xff, 0xfc, 0x01, 0xf8, 0x00, 0x00, 0x07, 0xff, 0xff, 0xff, 0xff, 0xff, 0xff, 0xf8, 0x00, 0xf8,
    0x00, 0x00, 0x1f, 0xff, 0xff, 0xff, 0xff, 0xff, 0xff, 0xf8, 0x00, 0x70, 0x00, 0x00, 0x3f, 0xff, 0xff, 0xff, 0xff, 0xff, 0xff, 0xf0, 0x00, 0x00,
    0x00, 0x00, 0x7f, 0xff, 0xff, 0xff, 0xff, 0xff, 0xff, 0xf0, 0x00, 0x00, 0x00, 0x00, 0xff, 0xff, 0xff, 0xff, 0xff, 0xff, 0xff, 0xe0, 0x00, 0x00,
    0x00, 0x00, 0xff, 0xff, 0xff, 0xff, 0xff, 0xff, 0xff, 0xc0, 0x00, 0x00, 0x00, 0x01, 0xff, 0xff, 0xff, 0xff, 0xff, 0xff, 0xff, 0x80, 0x00, 0x00,
    0x00, 0x33, 0xff, 0x9f, 0xff, 0xff, 0xff, 0xff, 0xff, 0x80, 0x00, 0x00, 0x01, 0xff, 0xfd, 0x8f, 0xff, 0xff, 0xff, 0xff, 0xff, 0x80, 0x00, 0x00,
    0x1f, 0xff, 0xfe, 0x0f, 0xff, 0xff, 0xff, 0xff, 0xff, 0x00, 0x00, 0x00, 0x1f, 0xff, 0xfc, 0x0f, 0xff, 0xff, 0xff, 0xff, 0xff, 0x00, 0x00, 0x00,
    0x0f, 0xff, 0xf0, 0x07, 0xff, 0xff, 0xff, 0xff, 0xff, 0x00, 0x00, 0x00, 0x01, 0xff, 0xc0, 0x03, 0xff, 0xff, 0xff, 0xff, 0xfe, 0x00, 0x00, 0x00,
    0x00, 0x1e, 0x00, 0x03, 0xff, 0xef, 0xff, 0xff, 0xfe, 0x00, 0x00, 0x00, 0x00, 0x00, 0x00, 0x07, 0xff, 0xc7, 0xff, 0xff, 0xfe, 0x00, 0x00, 0x00,
    0x00, 0x00, 0x00, 0x1f, 0xff, 0x80, 0xff, 0xff, 0xfc, 0x00, 0x00, 0x00, 0x00, 0x00, 0x00, 0x3f, 0xff, 0x80, 0x7f, 0xff, 0xf8, 0x00, 0x00, 0x00,
    0x00, 0x00, 0x00, 0xff, 0xff, 0x00, 0x01, 0xff, 0xf0, 0x00, 0x00, 0x00, 0x00, 0x00, 0x00, 0xff, 0xff, 0x00, 0x00, 0x7f, 0xf8, 0x00, 0x00, 0x00,
    0x00, 0x00, 0x00, 0x7d, 0xfe, 0x00, 0x00, 0x3f, 0xf8, 0x00, 0x00, 0x00, 0x00, 0x00, 0x00, 0x71, 0xf8, 0x00, 0x00, 0x7f, 0xf8, 0x00, 0x00, 0x00,
    0x00, 0x00, 0x00, 0x71, 0xf8, 0x00, 0x00, 0x7e, 0xf8, 0x00, 0x00, 0x00, 0x00, 0x00, 0x00, 0x39, 0xf0, 0x00, 0x00, 0x7c, 0x7c, 0x00, 0x00, 0x00,
    0x00, 0x00, 0x00, 0x38, 0xf0, 0x00, 0x00, 0xf8, 0x3c, 0x00, 0x00, 0x00, 0x00, 0x00, 0x00, 0x3c, 0x78, 0x00, 0x00, 0xf8, 0x1e, 0x00, 0x00, 0x00,
    0x00, 0x00, 0x00, 0x1c, 0x3c, 0x00, 0x00, 0xf0, 0x0e, 0x00, 0x00, 0x00, 0x00, 0x00, 0x00, 0x0c, 0x1c, 0x00, 0x00, 0xf0, 0x0e, 0x00, 0x00, 0x00,
    0x00, 0x00, 0x00, 0x0e, 0x0e, 0x00, 0x01, 0xe0, 0x1e, 0x00, 0x00, 0x00, 0x00, 0x00, 0x00, 0x0e, 0x07, 0x00, 0x01, 0xe0, 0x3c, 0x00, 0x00, 0x00,
    0x00, 0x00, 0x00, 0x0e, 0x03, 0x80, 0x01, 0xe1, 0xf0, 0x00, 0x00, 0x00, 0x00, 0x00, 0x00, 0x0e, 0x03, 0xc0, 0x03, 0xff, 0xe0, 0x00, 0x00, 0x00,
    0x00, 0x00, 0x00, 0x0e, 0x01, 0xc0, 0x07, 0xff, 0xc0, 0x00, 0x00, 0x00, 0x00, 0x00, 0x00, 0x0e, 0x01, 0xc0, 0x07, 0xff, 0x00, 0x00, 0x00, 0x00,
    0x00, 0x00, 0x00, 0x1c, 0x00, 0xe0, 0x0e, 0x00, 0x00, 0x00, 0x00, 0x00, 0x00, 0x00, 0x00, 0x1c, 0x01, 0xe0, 0x1e, 0x00, 0x00, 0x00, 0x00, 0x00,
    0x00, 0x00, 0x00, 0x1c, 0x01, 0xe0, 0x3c, 0x00, 0x00, 0x00, 0x00, 0x00, 0x00, 0x00, 0x00, 0x00, 0x00, 0x60, 0x38, 0x00, 0x00, 0x00, 0x00, 0x00,
    0x00, 0x00, 0x00, 0x00, 0x00, 0x00, 0x78, 0x00, 0x00, 0x00, 0x00, 0x00, 0x00, 0x00, 0x00, 0x00, 0x00, 0x00, 0xf0, 0x00, 0x00, 0x00, 0x00, 0x00,
    0x00, 0x00, 0x00, 0x00, 0x00, 0x00, 0xe0, 0x00, 0x00, 0x00, 0x00, 0x00, 0x00, 0x00, 0x00, 0x00, 0x00, 0x00, 0xe0, 0x00, 0x00, 0x00, 0x00, 0x00,
    0x00, 0x00, 0x00, 0x00, 0x00, 0x00, 0xc0, 0x00, 0x00, 0x00, 0x00, 0x00, 0x00, 0x00, 0x00, 0x00, 0x00, 0x00, 0x00, 0x00, 0x00, 0x00, 0x00, 0x00,
    0x00, 0x00, 0x00, 0x00, 0x00, 0x00, 0x00, 0x00, 0x00, 0x00, 0x00, 0x00, 0x00, 0x00, 0x00, 0x00, 0x00, 0x00, 0x00, 0x00, 0x00, 0x00, 0x00, 0x00,
  }},
  {{
    0x00, 0x00, 0x00, 0x00, 0x00, 0x00, 0x00, 0x00, 0x00, 0x00, 0x00, 0x00, 0x00, 0x00, 0x00, 0x00, 0x00, 0x00, 0x00, 0x00, 0x00, 0x00, 0x04, 0x00,
    0x00, 0x00, 0x00, 0x00, 0x00, 0x00, 0x00, 0x00, 0x00, 0x7f, 0xdc, 0x00, 0x00, 0x00, 0x00, 0x00, 0x00, 0x00, 0x00, 0x00, 0x01, 0xff, 0xfc, 0x00,
    0x00, 0x00, 0x00, 0x00, 0x00, 0x00, 0x00, 0x00, 0x03, 0xff, 0xfc, 0x00, 0x00, 0x00, 0x00, 0x00, 0x00, 0x00, 0x00, 0x00, 0x0f, 0xff, 0xfe, 0x00,
    0x00, 0x00, 0x00, 0x00, 0x00, 0x00, 0x00, 0x00, 0x3f, 0xff, 0xfe, 0x00, 0x00, 0x00, 0x00, 0x00, 0x00, 0x00, 0x00, 0x00, 0x7f, 0xff, 0xfe, 0x00,
    0x00, 0x00, 0x00, 0x00, 0x00, 0x00, 0x00, 0x00, 0xff, 0xff, 0xff, 0x00, 0x00, 0x00, 0x00, 0x00, 0x00, 0x00, 0x00, 0x01, 0xff, 0xff, 0xff, 0x00,
    0x00, 0x00, 0x00, 0x00, 0x00, 0x00, 0x00, 0x03, 0xff, 0xff, 0xff, 0x80, 0x00, 0x00, 0x00, 0x00, 0x00, 0x00, 0x00, 0x1f, 0xff, 0xff, 0xff, 0x80,
    0x00, 0x00, 0x00, 0x00, 0x00, 0x00, 0x00, 0x3f, 0xff, 0xff, 0xff, 0xc0, 0x00, 0x00, 0x00, 0x00, 0x00, 0x00, 0x00, 0x3f, 0xff, 0xff, 0xff, 0xc0,
    0x00, 0x00, 0x00, 0x00, 0x3f, 0xe0, 0x00, 0x7f, 0xff, 0xff, 0xff, 0xe0, 0x00, 0x00, 0x00, 0x00, 0x7f, 0xf8, 0x00, 0xff, 0xff, 0xff, 0xff, 0xe0,
    0x00, 0x00, 0x00, 0x01, 0xff, 0xff, 0xff, 0xff, 0xff, 0xfc, 0x3f, 0xf0, 0x00, 0x00, 0x00, 0x03, 0xff, 0xff, 0xff, 0xff, 0xff, 0xf8, 0x1f, 0xf8,
    0x00, 0x00, 0x00, 0x0f, 0xff, 0xff, 0xff, 0xff, 0xff, 0xf8, 0x07, 0xf8, 0x00, 0x00, 0x07, 0xff, 0xff, 0xff, 0xff, 0xff, 0xff, 0xf0, 0x03, 0xf0,
    0x00, 0x00, 0x7f, 0xff, 0xff, 0xff, 0xff, 0xff, 0xff, 0xf0, 0x00, 0xf0, 0x00, 0x00, 0xff, 0xff, 0xff, 0xff, 0xff, 0xff, 0xff, 0xe0, 0x00, 0xc0,
    0x00, 0x01, 0xff, 0x9f, 0xff, 0xff, 0xff, 0xff, 0xff, 0xc0, 0x00, 0x00, 0x00, 0x03, 0xff, 0x1f, 0xff, 0xff, 0xff, 0xff, 0xff, 0xc0, 0x00, 0x00,
    0x00, 0x03, 0xff, 0x1f, 0xff, 0xff, 0xff, 0xff, 0xff, 0x80, 0x00, 0x00, 0x00, 0x07, 0xff, 0x9f, 0xff, 0xff, 0xff, 0xff, 0xff, 0x80, 0x00, 0x00,
    0x00, 0x07, 0xff, 0x9f, 0xff, 0xff, 0xff, 0xff, 0xff, 0x80, 0x00, 0x00, 0x00, 0x07, 0xf7, 0x0f, 0xff, 0xff, 0xff, 0xff, 0xff, 0xc0, 0x00, 0x00,
    0x00, 0x07, 0xf2, 0x0f, 0xff, 0xff, 0xff, 0xff, 0xff, 0x80, 0x00, 0x00, 0x00, 0x0f, 0xf0, 0x0f, 0xff, 0xff, 0xff, 0xff, 0xff, 0x80, 0x00, 0x00,
    0x0e, 0x1f, 0xf0, 0x07, 0xff, 0xff, 0xff, 0xff, 0xff, 0x80, 0x00, 0x00, 0x0f, 0xff, 0xe0, 0x03, 0xff, 0xff, 0xff, 0xff, 0xff, 0x80, 0x00, 0x00,
    0x07, 0xff, 0xc0, 0x01, 0xff, 0xff, 0xff, 0xff, 0xff, 0x00, 0x00, 0x00, 0x03, 0xff, 0x80, 0x01, 0xff, 0xff, 0xff, 0xff, 0xff, 0x80, 0x00, 0x00,
    0x01, 0xff, 0x00, 0x00, 0xff, 0xc7, 0xff, 0xff, 0xff, 0xc0, 0x00, 0x00, 0x00, 0x7c, 0x00, 0x00, 0x7f, 0x80, 0xff, 0xff, 0xff, 0xe0, 0x00, 0x00,
    0x00, 0x00, 0x00, 0x00, 0x1f, 0x80, 0x1f, 0xff, 0xff, 0xf8, 0x00, 0x00, 0x00, 0x00, 0x00, 0x00, 0x1f, 0x80, 0x00, 0x07, 0xff, 0xfc, 0x00, 0x00,
    0x00, 0x00, 0x00, 0x00, 0x1f, 0x80, 0x00, 0x07, 0xff, 0xfe, 0x00, 0x00, 0x00, 0x00, 0x00, 0x00, 0x1f, 0x80, 0x00, 0x01, 0xf8, 0x0e, 0x00, 0x00,
    0x00, 0x00, 0x00, 0x00, 0x1f, 0x80, 0x00, 0x01, 0xf8, 0x0e, 0x00, 0x00, 0x00, 0x00, 0x00, 0x00, 0x1f, 0x00, 0x00, 0x00, 0x7e, 0x06, 0x00, 0x00,
    0x00, 0x00, 0x00, 0x00, 0x1f, 0x00, 0x00, 0x00, 0x1e, 0x06, 0x00, 0x00, 0x00, 0x00, 0x00, 0x00, 0x3f, 0x00, 0x00, 0x00, 0x0e, 0x06, 0x00, 0x00,
    0x00, 0x00, 0x00, 0x00, 0x1f, 0x80, 0x00, 0x00, 0x0e, 0x07, 0x00, 0x00, 0x00, 0x00, 0x00, 0x00, 0x1f, 0x80, 0x00, 0x00, 0x3e, 0x07, 0x00, 0x00,
    0x00, 0x00, 0x00, 0x00, 0x0f, 0xe0, 0x00, 0x30, 0xf8, 0x07, 0x00, 0x00, 0x00, 0x00, 0x00, 0x00, 0x07, 0xf8, 0x00, 0x7f, 0xf0, 0x07, 0x00, 0x00,
    0x00, 0x00, 0x00, 0x00, 0x03, 0xfc, 0x00, 0xff, 0xc0, 0x07, 0x00, 0x00, 0x00, 0x00, 0x00, 0x00, 0x03, 0xde, 0x00, 0xff, 0x80, 0x07, 0x00, 0x00,
    0x00, 0x00, 0x00, 0x00, 0x01, 0x8f, 0x00, 0x00, 0x00, 0x07, 0x00, 0x00, 0x00, 0x00, 0x00, 0x00, 0x01, 0xc7, 0x00, 0x00, 0x00, 0x06, 0x00, 0x00,
    0x00, 0x00, 0x00, 0x00, 0x00, 0xe3, 0x80, 0x00, 0x00, 0x0e, 0x00, 0x00, 0x00, 0x00, 0x00, 0x00, 0x00, 0xe3, 0xc0, 0x00, 0x00, 0x0e, 0x00, 0x00,
    0x00, 0x00, 0x00, 0x00, 0x00, 0x73, 0xc0, 0x00, 0x00, 0x06, 0x00, 0x00, 0x00, 0x00, 0x00, 0x00, 0x00, 0x79, 0xe0, 0x00, 0x00, 0x02, 0x00, 0x00,
    0x00, 0x00, 0x00, 0x00, 0x00, 0x38, 0x40, 0x00, 0x00, 0x00, 0x00, 0x00, 0x00, 0x00, 0x00, 0x00, 0x00, 0x3e, 0x00, 0x00, 0x00, 0x00, 0x00, 0x00,
    0x00, 0x00, 0x00, 0x00, 0x00, 0x0f, 0x00, 0x00, 0x00, 0x00, 0x00, 0x00, 0x00, 0x00, 0x00, 0x00, 0x00, 0x07, 0x80, 0x00, 0x00, 0x00, 0x00, 0x00,
    0x00, 0x00, 0x00, 0x00, 0x00, 0x07, 0x80, 0x00, 0x00, 0x00, 0x00, 0x00, 0x00, 0x00, 0x00, 0x00, 0x00, 0x00, 0x00, 0x00, 0x00, 0x00, 0x00, 0x00,
    0x00, 0x00, 0x00, 0x00, 0x00, 0x00, 0x00, 0x00, 0x00, 0x00, 0x00, 0x00, 0x00, 0x00, 0x00, 0x00, 0x00, 0x00, 0x00, 0x00, 0x00, 0x00, 0x00, 0x00,
  }},
  {{
    0x00, 0x00, 0x00, 0x00, 0x00, 0x00, 0x00, 0x00, 0x00, 0x00, 0x00, 0x00, 0x00, 0x00, 0x00, 0x00, 0x00, 0x00, 0x00, 0x00, 0x00, 0x00, 0x00, 0x00,
    0x00, 0x00, 0x00, 0x00, 0x00, 0x00, 0x00, 0x00, 0x00, 0x10, 0x00, 0x00, 0x00, 0x00, 0x00, 0x00, 0x00, 0x00, 0x00, 0x00, 0x03, 0xff, 0xc2, 0x00,
    0x00, 0x00, 0x00, 0x00, 0x00, 0x00, 0x00, 0x00, 0x1f, 0xff, 0xff, 0x00, 0x00, 0x00, 0x00, 0x00, 0x00, 0x00, 0x00, 0x00, 0x1f, 0xff, 0xff, 0x00,
    0x00, 0x00, 0x00, 0x00, 0x00, 0x00, 0x00, 0x00, 0x7f, 0xff, 0xff, 0x00, 0x00, 0x00, 0x00, 0x00, 0x00, 0x00, 0x00, 0x01, 0xff, 0xff, 0xff, 0x00,
    0x00, 0x00, 0x00, 0x00, 0x00, 0x00, 0x00, 0x03, 0xff, 0xff, 0xff, 0x00, 0x00, 0x00, 0x00, 0x00, 0x00, 0x00, 0x00, 0x03, 0xff, 0xff, 0xff, 0x00,
    0x00, 0x00, 0x00, 0x00, 0x00, 0x00, 0x00, 0x0f, 0xff, 0xff, 0xff, 0x80, 0x00, 0x00, 0x00, 0x00, 0x00, 0x00, 0x00, 0x1f, 0xff, 0xff, 0xff, 0x80,
    0x00, 0x00, 0x00, 0x00, 0x00, 0x00, 0x00, 0x3f, 0xff, 0xff, 0xff, 0xc0, 0x00, 0x00, 0x00, 0x00, 0x00, 0x00, 0x00, 0x3f, 0xff, 0xff, 0xff, 0xc0,
    0x00, 0x00, 0x00, 0x00, 0x00, 0x00, 0x00, 0x7f, 0xff, 0xff, 0xff, 0xe0, 0x00, 0x00, 0x00, 0x00, 0x00, 0x00, 0x00, 0x7f, 0xff, 0xff, 0xff, 0xe0,
    0x00, 0x00, 0x00, 0x00, 0x3f, 0xc0, 0x03, 0xff, 0xff, 0xff, 0xff, 0xe0, 0x00, 0x00, 0x00, 0x00, 0x7f, 0xf8, 0x07, 0xff, 0xff, 0xfe, 0x7f, 0xf0,
    0x00, 0x00, 0x00, 0x03, 0xff, 0xff, 0xff, 0xff, 0xff, 0xfc, 0x1f, 0xf8, 0x00, 0x00, 0x00, 0x07, 0xff, 0xff, 0xff, 0xff, 0xff, 0xf8, 0x07, 0xf8,
    0x00, 0x00, 0xff, 0xff, 0xff, 0xff, 0xff, 0xff, 0xff, 0xf0, 0x03, 0xf8, 0x00, 0x03, 0xff, 0xff, 0xff, 0xff, 0xff, 0xff, 0xff, 0xe0, 0x01, 0xf8,
    0x00, 0x07, 0xff, 0xff, 0xff, 0xff, 0xff, 0xff, 0xff, 0xe0, 0x00, 0xf8, 0x00, 0x07, 0xff, 0xbf, 0xff, 0xff, 0xff, 0xff, 0xff, 0xc0, 0x00, 0x60,
    0x00, 0x0f, 0xff, 0x1f, 0xff, 0xff, 0xff, 0xff, 0xff, 0xc0, 0x00, 0x00, 0x00, 0x1f, 0xfe, 0x3f, 0xff, 0xff, 0xff, 0xff, 0xff, 0x80, 0x00, 0x00,
    0x00, 0x1f, 0xfe, 0x3f, 0xff, 0xff, 0xff, 0xff, 0xff, 0xc0, 0x00, 0x00, 0x00, 0x1f, 0xfe, 0x3f, 0xff, 0xff, 0xff, 0xff, 0xff, 0xc0, 0x00, 0x00,
    0x00, 0x1f, 0xec, 0x3f, 0xff, 0xff, 0xff, 0xff, 0xff, 0xc0, 0x00, 0x00, 0x00, 0x3f, 0xcc, 0x3f, 0xff, 0xff, 0xff, 0xff, 0xff, 0xc0, 0x00, 0x00,
    0x00, 0x3f, 0x80, 0x3f, 0xff, 0xff, 0xff, 0xff, 0xff, 0x80, 0x00, 0x00, 0x00, 0x3f, 0x80, 0x1f, 0xff, 0xff, 0xff, 0xff, 0xff, 0x80, 0x00, 0x00,
    0x00, 0x3f, 0x00, 0x1f, 0xff, 0xff, 0xff, 0xff, 0xff, 0x80, 0x00, 0x00, 0x00, 0x7f, 0x00, 0x1f, 0xff, 0xff, 0xff, 0xff, 0xff, 0x80, 0x00, 0x00,
    0x1f, 0xfe, 0x00, 0x0f, 0xff, 0xff, 0xff, 0xff, 0xff, 0x80, 0x00, 0x00, 0x1f, 0xfe, 0x00, 0x0f, 0xff, 0xff, 0xff, 0xff, 0xff, 0xc0, 0x00, 0x00,
    0x0f, 0xfc, 0x00, 0x07, 0xff, 0xc7, 0xff, 0xff, 0xff, 0xe0, 0x00, 0x00, 0x03, 0xe0, 0x00, 0x03, 0xff, 0xc0, 0x3f, 0xe1, 0xff, 0xf8, 0x00, 0x00,
    0x00, 0x00, 0x00, 0x03, 0xff, 0xc0, 0x00, 0x00, 0xff, 0xfc, 0x00, 0x00, 0x00, 0x00, 0x00, 0x07, 0xff, 0xc0, 0x00, 0x00, 0x03, 0xfc, 0x00, 0x00,
    0x00, 0x00, 0x00, 0x0f, 0xef, 0xc0, 0x00, 0x00, 0x01, 0xfc, 0x00, 0x00, 0x00, 0x00, 0x00, 0x0f, 0xe7, 0xe0, 0x00, 0x00, 0x00, 0x7c, 0x00, 0x00,
    0x00, 0x00, 0x00, 0x1f, 0xc3, 0xc0, 0x00, 0x00, 0x00, 0x3c, 0x00, 0x00, 0x00, 0x00, 0x00, 0x3f, 0x83, 0xe0, 0x00, 0x00, 0x00, 0x3e, 0x00, 0x00,
    0x00, 0x00, 0x00, 0x3f, 0x03, 0xe0, 0x00, 0x00, 0x00, 0x3f, 0x00, 0x00, 0x00, 0x00, 0x00, 0x7e, 0x03, 0xe0, 0x00, 0x00, 0x00, 0x3f, 0x00, 0x00,
    0x00, 0x00, 0x00, 0x7c, 0x03, 0xe0, 0x00, 0x00, 0x00, 0x73, 0x80, 0x00, 0x00, 0x00, 0x00, 0x3c, 0x03, 0xf0, 0x00, 0x00, 0x00, 0x73, 0x80, 0x00,
    0x00, 0x00, 0x00, 0x38, 0x00, 0xf0, 0x00, 0x00, 0x00, 0xf1, 0xc0, 0x00, 0x00, 0x00, 0x00, 0x38, 0x00, 0x78, 0x00, 0x00, 0x03, 0xe0, 0xe0, 0x00,
    0x00, 0x00, 0x00, 0x38, 0x00, 0x3c, 0x00, 0x00, 0x07, 0xc0, 0xf0, 0x00, 0x00, 0x00, 0x00, 0x18, 0x00, 0x1e, 0x00, 0x00, 0x07, 0x80, 0x78, 0x00,
    0x00, 0x00, 0x00, 0x1c, 0x00, 0x0f, 0x00, 0x00, 0x07, 0x00, 0x78, 0x00, 0x00, 0x00, 0x00, 0x1c, 0x00, 0x03, 0xc0, 0x00, 0x00, 0x00, 0x1e, 0x00,
    0x00, 0x00, 0x00, 0x1c, 0x00, 0x03, 0xe0, 0x00, 0x00, 0x00, 0x0e, 0x00, 0x00, 0x00, 0x00, 0x1c, 0x00, 0x01, 0xf0, 0x00, 0x00, 0x00, 0x0f, 0x00,
    0x00, 0x00, 0x00, 0x1c, 0x00, 0x00, 0xfc, 0x00, 0x00, 0x00, 0x06, 0x00, 0x00, 0x00, 0x00, 0x0e, 0x00, 0x00, 0x1e, 0x00, 0x00, 0x00, 0x00, 0x00,
    0x00, 0x00, 0x00, 0x0f, 0x00, 0x00, 0x1c, 0x00, 0x00, 0x00, 0x00, 0x00, 0x00, 0x00, 0x00, 0x07, 0x80, 0x00, 0x18, 0x00, 0x00, 0x00, 0x00, 0x00,
    0x00, 0x00, 0x00, 0x03, 0xe0, 0x00, 0x00, 0x00, 0x00, 0x00, 0x00, 0x00, 0x00, 0x00, 0x00, 0x03, 0xe0, 0x00, 0x00, 0x00, 0x00, 0x00, 0x00, 0x00,
    0x00, 0x00, 0x00, 0x00, 0x00, 0x00, 0x00, 0x00, 0x00, 0x00, 0x00, 0x00, 0x00, 0x00, 0x00, 0x00, 0x00, 0x00, 0x00, 0x00, 0x00, 0x00, 0x00, 0x00,
  }},
  {{
    0x00, 0x00, 0x00, 0x00, 0x00, 0x00, 0x00, 0x00, 0x00, 0x00, 0x00, 0x00, 0x00, 0x00, 0x00, 0x00, 0x00, 0x00, 0x00, 0x00, 0x00, 0x00, 0x00, 0x00,
    0x00, 0x00, 0x00, 0x00, 0x00, 0x00, 0x00, 0x00, 0x00, 0x00, 0x00, 0x00, 0x00, 0x00, 0x00, 0x00, 0x00, 0x00, 0x00, 0x00, 0x00, 0x00, 0x00, 0x00,
    0x00, 0x00, 0x00, 0x00, 0x00, 0x00, 0x00, 0x00, 0x03, 0x1c, 0x00, 0x00, 0x00, 0x00, 0x00, 0x00, 0x00, 0x00, 0x00, 0x00, 0x03, 0xff, 0xe0, 0x00,
    0x00, 0x00, 0x00, 0x00, 0x00, 0x00, 0x00, 0x00, 0x03, 0xff, 0xf3, 0x00, 0x00, 0x00, 0x00, 0x00, 0x00, 0x00, 0x00, 0x00, 0xff, 0xff, 0xff, 0x00,
    0x00, 0x00, 0x00, 0x00, 0x00, 0x00, 0x00, 0x01, 0xff, 0xff, 0xff, 0x80, 0x00, 0x00, 0x00, 0x00, 0x00, 0x00, 0x00, 0x07, 0xff, 0xff, 0xff, 0x80,
    0x00, 0x00, 0x00, 0x00, 0x00, 0x00, 0x00, 0x07, 0xff, 0xff, 0xff, 0x80, 0x00, 0x00, 0x00, 0x00, 0x00, 0x00, 0x00, 0x03, 0xff, 0xff, 0xff, 0x80,
    0x00, 0x00, 0x00, 0x00, 0x00, 0x00, 0x00, 0x0f, 0xff, 0xff, 0xff, 0xc0, 0x00, 0x00, 0x00, 0x00, 0x00, 0x00, 0x00, 0x1f, 0xff, 0xff, 0xff, 0xc0,
    0x00, 0x00, 0x00, 0x00, 0x00, 0x00, 0x00, 0x1f, 0xff, 0xff, 0xff, 0xe0, 0x00, 0x00, 0x00, 0x00, 0x00, 0x00, 0x00, 0x1f, 0xff, 0xff, 0xff, 0xe0,
    0x00, 0x00, 0x00, 0x00, 0x00, 0x00, 0x00, 0x7f, 0xff, 0xff, 0xff, 0xe0, 0x00, 0x00, 0x00, 0x00, 0x00, 0x00, 0x00, 0xff, 0xff, 0xff, 0xff, 0xf0,
    0x00, 0x00, 0x00, 0x00, 0xff, 0xf0, 0x07, 0xff, 0xff, 0xff, 0xff, 0xf0, 0x00, 0x00, 0x00, 0x01, 0xff, 0xff, 0xff, 0xff, 0xff, 0xff, 0x3f, 0xf8,
    0x00, 0x00, 0x00, 0x0f, 0xff, 0xff, 0xff, 0xff, 0xff, 0xfc, 0x1f, 0xf8, 0x00, 0x01, 0xff, 0xff, 0xff, 0xff, 0xff, 0xff, 0xff, 0xf8, 0x07, 0xfc,
    0x00, 0x07, 0xff, 0xff, 0xff, 0xff, 0xff, 0xff, 0xff, 0xf8, 0x03, 0xfc, 0x00, 0x0f, 0xff, 0xbf, 0xff, 0xff, 0xff, 0xff, 0xff, 0xf0, 0x00, 0xfc,
    0x00, 0x1f, 0xff, 0x3f, 0xff, 0xff, 0xff, 0xff, 0xff, 0xe0, 0x00, 0x7c, 0x00, 0x3f, 0xfe, 0x3f, 0xff, 0xff, 0xff, 0xff, 0xff, 0xc0, 0x00, 0x78,
    0x00, 0x3f, 0xfe, 0x7f, 0xff, 0xff, 0xff, 0xff, 0xff, 0xc0, 0x00, 0x30, 0x00, 0x7f, 0xfc, 0x7f, 0xff, 0xff, 0xff, 0xff, 0xff, 0x80, 0x00, 0x00,
    0x00, 0x7f, 0xb8, 0x7f, 0xff, 0xff, 0xff, 0xff, 0xff, 0xc0, 0x00, 0x00, 0x00, 0xff, 0x00, 0x7f, 0xff, 0xff, 0xff, 0xff, 0xff, 0xc0, 0x00, 0x00,
    0x00, 0xfe, 0x00, 0x7f, 0xff, 0xff, 0xff, 0xff, 0xff, 0xc0, 0x00, 0x00, 0x00, 0xfc, 0x00, 0x7f, 0xff, 0xff, 0xff, 0xff, 0xff, 0x80, 0x00, 0x00,
    0x00, 0xfc, 0x00, 0x7f, 0xff, 0xff, 0xff, 0xff, 0xff, 0x80, 0x00, 0x00, 0x01, 0xf8, 0x00, 0x7f, 0xff, 0xff, 0xff, 0xff, 0xff, 0x80, 0x00, 0x00,
    0x01, 0xf8, 0x00, 0x7f, 0xff, 0xff, 0xff, 0xff, 0xff, 0x80, 0x00, 0x00, 0x03, 0xf0, 0x00, 0x7f, 0xff, 0xff, 0xff, 0xff, 0xff, 0xc0, 0x00, 0x00,
    0x03, 0xe0, 0x00, 0x7f, 0xff, 0x3f, 0xff, 0xff, 0xff, 0xe0, 0x00, 0x00, 0x07, 0xc0, 0x00, 0x7f, 0xfe, 0x03, 0xff, 0xff, 0xff, 0xf8, 0x00, 0x00,
    0x07, 0x80, 0x00, 0x7f, 0xfe, 0x01, 0xff, 0xff, 0xff, 0xfe, 0x00, 0x00, 0x06, 0x00, 0x00, 0xff, 0xfc, 0x00, 0x00, 0x00, 0x3f, 0xff, 0x80, 0x00,
    0x00, 0x00, 0x01, 0xff, 0xfc, 0x00, 0x00, 0x00, 0x3f, 0xff, 0x80, 0x00, 0x00, 0x00, 0x07, 0xf9, 0xfc, 0x00, 0x00, 0x00, 0x3e, 0x07, 0x80, 0x00,
    0x00, 0x00, 0x0f, 0xf1, 0xf8, 0x00, 0x00, 0x00, 0x1e, 0x03, 0x80, 0x00, 0x00, 0x00, 0x0f, 0xe1, 0xf8, 0x00, 0x00, 0x00, 0x0f, 0x01, 0xc0, 0x00,
    0x00, 0x00, 0x0f, 0xc1, 0xf0, 0x00, 0x00, 0x00, 0x0f, 0x01, 0xc0, 0x00, 0x00, 0x00, 0x0f, 0x03, 0xf0, 0x00, 0x00, 0x00, 0x0f, 0x00, 0xe0, 0x00,
    0x00, 0x00, 0x1e, 0x03, 0xe0, 0x00, 0x00, 0x00, 0x07, 0x80, 0xe0, 0x00, 0x00, 0x00, 0x3e, 0x03, 0xe0, 0x00, 0x00, 0x00, 0x07, 0x80, 0x60, 0x00,
    0x00, 0x00, 0x3c, 0x03, 0xe0, 0x00, 0x00, 0x00, 0x07, 0x80, 0x70, 0x00, 0x00, 0x00, 0x38, 0x03, 0xc0, 0x00, 0x00, 0x00, 0x03, 0x80, 0x70, 0x00,
    0x00, 0x00, 0x30, 0x01, 0xc0, 0x00, 0x00, 0x00, 0x03, 0x80, 0x70, 0x00, 0x00, 0x00, 0x70, 0x01, 0xe0, 0x00, 0x00, 0x00, 0x01, 0x80, 0x70, 0x00,
    0x00, 0x00, 0x70, 0x00, 0xe0, 0x00, 0x00, 0x00, 0x01, 0xc0, 0x70, 0x00, 0x00, 0x00, 0xf0, 0x00, 0xf0, 0x00, 0x00, 0x00, 0x01, 0xc0, 0x70, 0x00,
    0x00, 0x00, 0xe0, 0x00, 0x70, 0x00, 0x00, 0x00, 0x00, 0xc0, 0x70, 0x00, 0x00, 0x01, 0xc0, 0x00, 0x70, 0x00, 0x00, 0x00, 0x00, 0xe0, 0x38, 0x00,
    0x00, 0x00, 0xc0, 0x00, 0x38, 0x00, 0x00, 0x00, 0x00, 0xf0, 0x10, 0x00, 0x00, 0x00, 0xe0, 0x00, 0x1c, 0x00, 0x00, 0x00, 0x00, 0x70, 0x00, 0x00,
    0x00, 0x00, 0xe0, 0x00, 0x1e, 0x00, 0x00, 0x00, 0x00, 0x78, 0x00, 0x00, 0x00, 0x00, 0xf0, 0x00, 0x1f, 0x80, 0x00, 0x00, 0x00, 0x1c, 0x00, 0x00,
    0x00, 0x00, 0xf0, 0x00, 0x07, 0xc0, 0x00, 0x00, 0x00, 0x1e, 0x00, 0x00, 0x00, 0x00, 0x70, 0x00, 0x03, 0xe0, 0x00, 0x00, 0x00, 0x1e, 0x00, 0x00,
    0x00, 0x00, 0x00, 0x00, 0x01, 0xe0, 0x00, 0x00, 0x00, 0x00, 0x00, 0x00, 0x00, 0x00, 0x00, 0x00, 0x00, 0x40, 0x00, 0x00, 0x00, 0x00, 0x00, 0x00,
  }},
};
constexpr RunCatBitmap kRunner5[] = { // dinosaur
  {{
    0x00, 0x00, 0x00, 0x00, 0x00, 0x00, 0x00, 0x00, 0x00, 0x00, 0x00, 0x00, 0x00, 0x00, 0x00, 0x00, 0x00, 0x00, 0x00, 0x00, 0x00, 0x00, 0x00, 0x00,
    0x00, 0x00, 0x00, 0x00, 0x00, 0x00, 0x00, 0x00, 0x00, 0x00, 0x00, 0x00, 0x00, 0x00, 0x00, 0x00, 0x00, 0x00, 0x00, 0x00, 0x00, 0x00, 0x00, 0x00,
    0x00, 0x00, 0x00, 0x00, 0x00, 0x00, 0x00, 0x00, 0x00, 0x00, 0x00, 0x00, 0x00, 0x00, 0x00, 0x00, 0x00, 0x00, 0x00, 0x03, 0xf8, 0x00, 0x00, 0x00,
    0x00, 0x00, 0x00, 0x00, 0x00, 0x00, 0x00, 0x0f, 0xfc, 0x00, 0x00, 0x00, 0x00, 0x00, 0x00, 0x00, 0x00, 0x00, 0x00, 0x3f, 0xff, 0x00, 0xfe, 0x00,
    0x00, 0x00, 0x00, 0x00, 0x00, 0x00, 0x00, 0x7f, 0xff, 0xff, 0xff, 0x00, 0x00, 0x00, 0x00, 0x00, 0x00, 0x00, 0x01, 0xff, 0xff, 0xff, 0xff, 0x80,
    0x00, 0x00, 0x00, 0x00, 0x00, 0x00, 0x03, 0xff, 0xff, 0xff, 0xff, 0x80, 0x00, 0x00, 0x00, 0x00, 0x00, 0x00, 0x03, 0xff, 0xff, 0xff, 0xff, 0x80,
    0x00, 0x00, 0x00, 0x00, 0x00, 0x00, 0x03, 0xff, 0xff, 0xff, 0xff, 0x80, 0x00, 0x00, 0x00, 0x00, 0x00, 0x00, 0x03, 0xff, 0xff, 0xff, 0xff, 0x80,
    0x00, 0x00, 0x00, 0x00, 0x00, 0x00, 0x07, 0xff, 0xff, 0xff, 0xff, 0x80, 0x00, 0x00, 0x00, 0x00, 0x00, 0x00, 0x07, 0xff, 0xff, 0xff, 0xff, 0x80,
    0x00, 0x00, 0x00, 0x00, 0x00, 0x00, 0x07, 0xff, 0xff, 0xff, 0xff, 0x00, 0x00, 0x00, 0x00, 0x00, 0x00, 0x00, 0x07, 0xff, 0xff, 0xff, 0xfe, 0x00,
    0x00, 0x00, 0x00, 0x00, 0x00, 0x00, 0x07, 0xff, 0xff, 0xff, 0xfc, 0x00, 0x00, 0x00, 0x00, 0x00, 0x00, 0x00, 0x0f, 0xff, 0xf8, 0x38, 0xf8, 0x00,
    0x00, 0x00, 0x00, 0x00, 0x00, 0x00, 0x3f, 0xff, 0xfc, 0x00, 0x00, 0x00, 0x00, 0x00, 0x00, 0x00, 0x00, 0x00, 0xff, 0xff, 0xff, 0x00, 0x00, 0x00,
    0x00, 0x00, 0x00, 0x00, 0x00, 0x0f, 0xff, 0xff, 0xff, 0x80, 0x00, 0x00, 0x00, 0x00, 0x00, 0x1f, 0xf0, 0x3f, 0xff, 0xff, 0xff, 0xf0, 0x00, 0x00,
    0x00, 0x00, 0x00, 0xff, 0xff, 0xff, 0xff, 0xff, 0xff, 0xf8, 0x00, 0x00, 0x00, 0x00, 0x07, 0xff, 0xff, 0xff, 0xff, 0xff, 0x3f, 0xfe, 0x00, 0x00,
    0x00, 0x00, 0x1f, 0xff, 0xff, 0xff, 0xff, 0xf8, 0x0f, 0xff, 0x00, 0x00, 0x00, 0x00, 0x7f, 0xff, 0xff, 0xff, 0xff, 0xf0, 0x03, 0xff, 0x80, 0x00,
    0x00, 0x01, 0xff, 0xff, 0xff, 0xff, 0xff, 0xf0, 0x01, 0xff, 0x00, 0x00, 0x07, 0x07, 0xff, 0xff, 0xff, 0xff, 0xff, 0xfc, 0x00, 0x7c, 0x00, 0x00,
    0x07, 0xff, 0xff, 0xff, 0xff, 0xff, 0xff, 0xfe, 0x00, 0x30, 0x00, 0x00, 0x03, 0xff, 0xff, 0xff, 0xff, 0xff, 0xff, 0xff, 0x00, 0x00, 0x00, 0x00,
    0x00, 0xff, 0xff, 0xff, 0xff, 0xff, 0xff, 0x3f, 0x80, 0x00, 0x00, 0x00, 0x00, 0x3f, 0xf0, 0xff, 0xff, 0xff, 0xfe, 0x03, 0x80, 0x00, 0x00, 0x00,
    0x00, 0x0e, 0x00, 0x7f, 0xff, 0xff, 0xfe, 0x00, 0x00, 0x00, 0x00, 0x00, 0x00, 0x00, 0x00, 0x3f, 0xff, 0xff, 0xfe, 0x00, 0x00, 0x00, 0x00, 0x00,
    0x00, 0x00, 0x00, 0x1f, 0xff, 0xff, 0xff, 0x00, 0x00, 0x00, 0x00, 0x00, 0x00, 0x00, 0x00, 0x1f, 0xff, 0xff, 0xff, 0x00, 0x00, 0x00, 0x00, 0x00,
    0x00, 0x00, 0x00, 0x0f, 0xff, 0xff, 0xff, 0x00, 0x00, 0x00, 0x00, 0x00, 0x00, 0x00, 0x00, 0x07, 0xff, 0xff, 0xfe, 0x00, 0x00, 0x00, 0x00, 0x00,
    0x00, 0x00, 0x00, 0x07, 0xff, 0xff, 0xfc, 0x00, 0x00, 0x00, 0x00, 0x00, 0x00, 0x00, 0x00, 0x07, 0xff, 0xff, 0xfc, 0x00, 0x00, 0x00, 0x00, 0x00,
    0x00, 0x00, 0x00, 0x07, 0xff, 0xff, 0xf8, 0x00, 0x00, 0x00, 0x00, 0x00, 0x00, 0x00, 0x00, 0x07, 0xfc, 0xff, 0xf0, 0x00, 0x00, 0x00, 0x00, 0x00,
    0x00, 0x00, 0x00, 0x07, 0xfc, 0xff, 0x80, 0x00, 0x00, 0x00, 0x00, 0x00, 0x00, 0x00, 0x00, 0x07, 0xf8, 0xff, 0x00, 0x00, 0x00, 0x00, 0x00, 0x00,
    0x00, 0x00, 0x00, 0x0f, 0xf0, 0xf0, 0x00, 0x00, 0x00, 0x00, 0x00, 0x00, 0x00, 0x00, 0x00, 0x3f, 0xe0, 0xf0, 0x00, 0x00, 0x00, 0x00, 0x00, 0x00,
    0x00, 0x00, 0x00, 0xff, 0x80, 0x70, 0x00, 0x00, 0x00, 0x00, 0x00, 0x00, 0x00, 0x00, 0x03, 0xfe, 0x00, 0x78, 0x00, 0x00, 0x00, 0x00, 0x00, 0x00,
    0x00, 0x00, 0x07, 0xf0, 0x00, 0x78, 0x00, 0x00, 0x00, 0x00, 0x00, 0x00, 0x00, 0x00, 0x07, 0xc0, 0x00, 0x7c, 0x00, 0x00, 0x00, 0x00, 0x00, 0x00,
    0x00, 0x00, 0x07, 0x80, 0x00, 0x3c, 0x00, 0x00, 0x00, 0x00, 0x00, 0x00, 0x00, 0x00, 0x07, 0xc0, 0x00, 0x38, 0x00, 0x00, 0x00, 0x00, 0x00, 0x00,
    0x00, 0x00, 0x03, 0xc0, 0x00, 0x10, 0x00, 0x00, 0x00, 0x00, 0x00, 0x00, 0x00, 0x00, 0x01, 0xc0, 0x00, 0x00, 0x00, 0x00, 0x00, 0x00, 0x00, 0x00,
    0x00, 0x00, 0x01, 0xc0, 0x00, 0x00, 0x00, 0x00, 0x00, 0x00, 0x00, 0x00, 0x00, 0x00, 0x00, 0xc0, 0x00, 0x00, 0x00, 0x00, 0x00, 0x00, 0x00, 0x00,
    0x00, 0x00, 0x00, 0x00, 0x00, 0x00, 0x00, 0x00, 0x00, 0x00, 0x00, 0x00, 0x00, 0x00, 0x00, 0x00, 0x00, 0x00, 0x00, 0x00, 0x00, 0x00, 0x00, 0x00,
    0x00, 0x00, 0x00, 0x00, 0x00, 0x00, 0x00, 0x00, 0x00, 0x00, 0x00, 0x00, 0x00, 0x00, 0x00, 0x00, 0x00, 0x00, 0x00, 0x00, 0x00, 0x00, 0x00, 0x00,
    0x00, 0x00, 0x00, 0x00, 0x00, 0x00, 0x00, 0x00, 0x00, 0x00, 0x00, 0x00, 0x00, 0x00, 0x00, 0x00, 0x00, 0x00, 0x00, 0x00, 0x00, 0x00, 0x00, 0x00,
  }},
  {{
    0x00, 0x00, 0x00, 0x00, 0x00, 0x00, 0x00, 0x00, 0x00, 0x00, 0x00, 0x00, 0x00, 0x00, 0x00, 0x00, 0x00, 0x00, 0x00, 0x00, 0x00, 0x00, 0x07, 0x80,
    0x00, 0x00, 0x00, 0x00, 0x00, 0x00, 0x00, 0x00, 0x7e, 0x01, 0xff, 0xe0, 0x00, 0x00, 0x00, 0x00, 0x00, 0x00, 0x00, 0x03, 0xff, 0xc7, 0xff, 0xf0,
    0x00, 0x00, 0x00, 0x00, 0x00, 0x00, 0x00, 0x0f, 0xff, 0xff, 0xff, 0xf0, 0x00, 0x00, 0x00, 0x00, 0x00, 0x00, 0x00, 0x1f, 0xff, 0xff, 0xff, 0xf0,
    0x00, 0x00, 0x00, 0x00, 0x00, 0x00, 0x00, 0x3f, 0xff, 0xff, 0xff, 0xf0, 0x00, 0x00, 0x00, 0x00, 0x00, 0x00, 0x00, 0x7f, 0xff, 0xff, 0xff, 0xf0,
    0x00, 0x00, 0x00, 0x00, 0x00, 0x00, 0x00, 0x7f, 0xff, 0xff, 0xff, 0xf0, 0x00, 0x00, 0x00, 0x00, 0x00, 0x00, 0x00, 0xff, 0xff, 0xff, 0xff, 0xf0,
    0x00, 0x00, 0x00, 0x00, 0x00, 0x00, 0x00, 0xff, 0xff, 0xff, 0xff, 0xf0, 0x00, 0x00, 0x00, 0x00, 0x00, 0x00, 0x00, 0xff, 0xff, 0xff, 0xff, 0xc0,
    0x00, 0x00, 0x00, 0x00, 0x00, 0x00, 0x00, 0xff, 0xff, 0xff, 0xff, 0x80, 0x00, 0x00, 0x00, 0x00, 0x00, 0x00, 0x00, 0xff, 0xff, 0xff, 0xfc, 0x00,
    0x00, 0x00, 0x00, 0x00, 0x00, 0x00, 0x00, 0xff, 0xff, 0xff, 0xc0, 0x00, 0x00, 0x00, 0x00, 0x00, 0x00, 0x00, 0x00, 0xff, 0xff, 0x00, 0x00, 0x00,
    0x00, 0x00, 0x00, 0x00, 0x00, 0x00, 0x00, 0xff, 0xff, 0x80, 0x00, 0x00, 0x00, 0x00, 0x00, 0x00, 0x00, 0x00, 0x00, 0xff, 0xff, 0xc0, 0x00, 0x00,
    0x00, 0x00, 0x00, 0x00, 0x00, 0x00, 0x01, 0xff, 0xff, 0xf0, 0x00, 0x00, 0x00, 0x00, 0x00, 0x00, 0x00, 0x00, 0x01, 0xff, 0xff, 0xfc, 0x00, 0x00,
    0x00, 0x00, 0x00, 0x00, 0x00, 0x00, 0x07, 0xff, 0xff, 0xff, 0x80, 0x00, 0x00, 0x00, 0x00, 0x00, 0x00, 0x00, 0x0f, 0xff, 0xff, 0xff, 0xe0, 0x00,
    0x00, 0x00, 0x00, 0x00, 0x00, 0x00, 0x3f, 0xff, 0xf9, 0xff, 0xe0, 0x00, 0x00, 0x00, 0x00, 0x00, 0x00, 0x00, 0xff, 0xff, 0xf0, 0xff, 0xe0, 0x00,
    0x00, 0x00, 0x00, 0x00, 0x00, 0x03, 0xff, 0xff, 0xc0, 0x3f, 0xc0, 0x00, 0x00, 0x00, 0x1f, 0xe0, 0x00, 0x07, 0xff, 0xff, 0x80, 0x1f, 0x80, 0x00,
    0x00, 0x00, 0xff, 0xff, 0xff, 0xff, 0xff, 0xff, 0x00, 0x06, 0x00, 0x00, 0x00, 0x03, 0xff, 0xff, 0xff, 0xff, 0xff, 0xfe, 0x00, 0x00, 0x00, 0x00,
    0x00, 0x07, 0xff, 0xff, 0xff, 0xff, 0xff, 0xfe, 0x00, 0x00, 0x00, 0x00, 0x00, 0x1f, 0xff, 0xff, 0xff, 0xff, 0xff, 0xfe, 0x00, 0x00, 0x00, 0x00,
    0x00, 0x3f, 0xff, 0xff, 0xff, 0xff, 0xff, 0xfe, 0x00, 0x00, 0x00, 0x00, 0x00, 0xff, 0xff, 0xff, 0xff, 0xff, 0xff, 0xff, 0xe0, 0x00, 0x00, 0x00,
    0x01, 0xff, 0xff, 0xff, 0xff, 0xff, 0xff, 0xff, 0xe0, 0x00, 0x00, 0x00, 0x07, 0xfe, 0x3f, 0xff, 0xff, 0xff, 0xff, 0xff, 0xc0, 0x00, 0x00, 0x00,
    0x0f, 0xf8, 0x01, 0xff, 0xff, 0xff, 0xff, 0xfe, 0x00, 0x00, 0x00, 0x00, 0x0f, 0x00, 0x00, 0x7f, 0xff, 0xff, 0xff, 0xe0, 0x00, 0x00, 0x00, 0x00,
    0x04, 0x00, 0x00, 0x3f, 0xff, 0xff, 0xff, 0x80, 0x00, 0x00, 0x00, 0x00, 0x00, 0x00, 0x00, 0x1f, 0xff, 0xff, 0xff, 0x80, 0x00, 0x00, 0x00, 0x00,
    0x00, 0x00, 0x00, 0x1f, 0xff, 0xff, 0xff, 0xc0, 0x00, 0x00, 0x00, 0x00, 0x00, 0x00, 0x00, 0x0f, 0xff, 0xff, 0xff, 0xe0, 0x00, 0x00, 0x00, 0x00,
    0x00, 0x00, 0x00, 0x0f, 0xff, 0xff, 0xff, 0xe0, 0x00, 0x00, 0x00, 0x00, 0x00, 0x00, 0x00, 0x07, 0xff, 0xff, 0xff, 0xf0, 0x00, 0x00, 0x00, 0x00,
    0x00, 0x00, 0x00, 0x03, 0xff, 0xff, 0xff, 0xe0, 0x00, 0x00, 0x00, 0x00, 0x00, 0x00, 0x00, 0x03, 0xff, 0xff, 0xff, 0xe0, 0x00, 0x00, 0x00, 0x00,
    0x00, 0x00, 0x00, 0x03, 0xff, 0xe0, 0xff, 0xc0, 0x00, 0x00, 0x00, 0x00, 0x00, 0x00, 0x00, 0x03, 0xff, 0xe0, 0x7f, 0x80, 0x00, 0x00, 0x00, 0x00,
    0x00, 0x00, 0x00, 0x3f, 0xff, 0xe0, 0x3f, 0x80, 0x00, 0x00, 0x00, 0x00, 0x00, 0x00, 0x01, 0xff, 0xff, 0xc0, 0x3f, 0x00, 0x00, 0x00, 0x00, 0x00,
    0x00, 0x00, 0x07, 0xff, 0xff, 0x80, 0x7f, 0x00, 0x00, 0x00, 0x00, 0x00, 0x00, 0x00, 0x1f, 0xff, 0xff, 0x00, 0x7e, 0x00, 0x00, 0x00, 0x00, 0x00,
    0x00, 0x00, 0x3f, 0xff, 0xfe, 0x00, 0x7e, 0x00, 0x00, 0x00, 0x00, 0x00, 0x00, 0x00, 0x78, 0x07, 0xf0, 0x00, 0x3f, 0x00, 0x00, 0x00, 0x00, 0x00,
    0x00, 0x00, 0xf8, 0x01, 0xc0, 0x00, 0x1f, 0xc0, 0x00, 0x00, 0x00, 0x00, 0x00, 0x00, 0xf0, 0x00, 0x00, 0x00, 0x07, 0xf0, 0x00, 0x00, 0x00, 0x00,
    0x00, 0x00, 0xf0, 0x00, 0x00, 0x00, 0x03, 0xf8, 0x00, 0x00, 0x00, 0x00, 0x00, 0x00, 0x70, 0x00, 0x00, 0x00, 0x00, 0xf8, 0x00, 0x00, 0x00, 0x00,
    0x00, 0x00, 0x60, 0x00, 0x00, 0x00, 0x00, 0x78, 0x00, 0x00, 0x00, 0x00, 0x00, 0x00, 0x00, 0x00, 0x00, 0x00, 0x00, 0x00, 0x00, 0x00, 0x00, 0x00,
    0x00, 0x00, 0x00, 0x00, 0x00, 0x00, 0x00, 0x00, 0x00, 0x00, 0x00, 0x00, 0x00, 0x00, 0x00, 0x00, 0x00, 0x00, 0x00, 0x00, 0x00, 0x00, 0x00, 0x00,
    0x00, 0x00, 0x00, 0x00, 0x00, 0x00, 0x00, 0x00, 0x00, 0x00, 0x00, 0x00, 0x00, 0x00, 0x00, 0x00, 0x00, 0x00, 0x00, 0x00, 0x00, 0x00, 0x00, 0x00,
    0x00, 0x00, 0x00, 0x00, 0x00, 0x00, 0x00, 0x00, 0x00, 0x00, 0x00, 0x00, 0x00, 0x00, 0x00, 0x00, 0x00, 0x00, 0x00, 0x00, 0x00, 0x00, 0x00, 0x00,
  }},
  {{
    0x00, 0x00, 0x00, 0x00, 0x00, 0x00, 0x00, 0x00, 0x00, 0x00, 0x00, 0x00, 0x00, 0x00, 0x00, 0x00, 0x00, 0x00, 0x00, 0x00, 0x00, 0x00, 0x00, 0x00,
    0x00, 0x00, 0x00, 0x00, 0x00, 0x00, 0x00, 0x00, 0x00, 0x00, 0x00, 0x00, 0x00, 0x00, 0x00, 0x00, 0x00, 0x00, 0x00, 0x00, 0x00, 0x00, 0x00, 0x00,
    0x00, 0x00, 0x00, 0x00, 0x00, 0x00, 0x00, 0x00, 0x03, 0x80, 0x00, 0x00, 0x00, 0x00, 0x00, 0x00, 0x00, 0x00, 0x00, 0x00, 0x3f, 0xc0, 0x01, 0x00,
    0x00, 0x00, 0x00, 0x00, 0x00, 0x00, 0x00, 0x00, 0xff, 0xe0, 0x0f, 0x80, 0x00, 0x00, 0x00, 0x00, 0x00, 0x00, 0x00, 0x07, 0xff, 0xf0, 0x7f, 0xe0,
    0x00, 0x00, 0x00, 0x00, 0x00, 0x00, 0x00, 0x0f, 0xff, 0xff, 0xff, 0xf0, 0x00, 0x00, 0x00, 0x00, 0x00, 0x00, 0x00, 0x1f, 0xff, 0xff, 0xff, 0xf8,
    0x00, 0x00, 0x00, 0x00, 0x00, 0x00, 0x00, 0x1f, 0xff, 0xff, 0xff, 0xfc, 0x00, 0x00, 0x00, 0x00, 0x00, 0x00, 0x00, 0x1f, 0xff, 0xff, 0xff, 0xfc,
    0x00, 0x00, 0x00, 0x00, 0x00, 0x00, 0x00, 0x1f, 0xff, 0xff, 0xff, 0xfc, 0x00, 0x00, 0x00, 0x00, 0x00, 0x00, 0x00, 0x1f, 0xff, 0xff, 0xff, 0xfc,
    0x00, 0x00, 0x00, 0x00, 0x00, 0x00, 0x00, 0x3f, 0xff, 0xff, 0xff, 0xfc, 0x00, 0x00, 0x00, 0x00, 0x00, 0x00, 0x00, 0x3f, 0xff, 0xff, 0xff, 0xfc,
    0x00, 0x00, 0x00, 0x00, 0x00, 0x00, 0x00, 0x3f, 0xff, 0xff, 0xff, 0xfc, 0x00, 0x00, 0x00, 0x00, 0x00, 0x00, 0x00, 0x3f, 0xff, 0xf7, 0xff, 0xbc,
    0x00, 0x00, 0x00, 0x00, 0x00, 0x00, 0x00, 0x3f, 0xff, 0xf0, 0x07, 0x00, 0x00, 0x00, 0x00, 0x00, 0x00, 0x00, 0x00, 0x7f, 0xff, 0xf8, 0x00, 0x00,
    0x00, 0x00, 0x00, 0x00, 0x00, 0x00, 0x01, 0xff, 0xff, 0xfe, 0x00, 0x00, 0x00, 0x00, 0x00, 0x00, 0x00, 0x00, 0x07, 0xff, 0xff, 0xff, 0x80, 0x00,
    0x00, 0x00, 0x07, 0x80, 0x00, 0x00, 0x3f, 0xff, 0xff, 0xff, 0xf8, 0x00, 0x00, 0x00, 0x1f, 0xe0, 0x00, 0x00, 0xff, 0xff, 0xff, 0xff, 0xfc, 0x00,
    0x00, 0x00, 0xff, 0xf8, 0x00, 0x1f, 0xff, 0xff, 0xff, 0xff, 0xfe, 0x00, 0x00, 0x03, 0xff, 0xfe, 0x00, 0x7f, 0xff, 0xff, 0xf0, 0x7f, 0xfe, 0x00,
    0x00, 0x0f, 0xff, 0xff, 0xff, 0xff, 0xff, 0xff, 0x80, 0x1f, 0xfc, 0x00, 0x00, 0x1f, 0xff, 0xff, 0xff, 0xff, 0xff, 0xff, 0x00, 0x07, 0xf0, 0x00,
    0x00, 0x7f, 0xff, 0xff, 0xff, 0xff, 0xff, 0xff, 0x00, 0x01, 0xc0, 0x00, 0x03, 0xff, 0xff, 0xff, 0xff, 0xff, 0xff, 0xff, 0x80, 0x00, 0x00, 0x00,
    0x07, 0xff, 0xff, 0xff, 0xff, 0xff, 0xff, 0xff, 0xc0, 0x00, 0x00, 0x00, 0x03, 0x80, 0x01, 0xff, 0xff, 0xff, 0xff, 0xff, 0xf0, 0x00, 0x00, 0x00,
    0x00, 0x00, 0x01, 0xff, 0xff, 0xff, 0xff, 0xf1, 0xf0, 0x00, 0x00, 0x00, 0x00, 0x00, 0x00, 0xff, 0xff, 0xff, 0xff, 0xe0, 0x30, 0x00, 0x00, 0x00,
    0x00, 0x00, 0x00, 0x7f, 0xff, 0xff, 0xff, 0xc0, 0x00, 0x00, 0x00, 0x00, 0x00, 0x00, 0x00, 0x7f, 0xff, 0xff, 0xff, 0xc0, 0x00, 0x00, 0x00, 0x00,
    0x00, 0x00, 0x00, 0x1f, 0xff, 0xff, 0xff, 0x80, 0x00, 0x00, 0x00, 0x00, 0x00, 0x00, 0x00, 0x0f, 0xff, 0xff, 0xfe, 0x00, 0x00, 0x00, 0x00, 0x00,
    0x00, 0x00, 0x00, 0x07, 0xff, 0xff, 0xfc, 0x00, 0x00, 0x00, 0x00, 0x00, 0x00, 0x00, 0x00, 0x03, 0xff, 0xff, 0xfc, 0x00, 0x00, 0x00, 0x00, 0x00,
    0x00, 0x00, 0x00, 0x00, 0xff, 0xff, 0xf8, 0x00, 0x00, 0x00, 0x00, 0x00, 0x00, 0x00, 0x00, 0x00, 0xff, 0xff, 0xf0, 0x00, 0x00, 0x00, 0x00, 0x00,
    0x00, 0x00, 0x00, 0x00, 0xff, 0xff, 0xf8, 0x00, 0x00, 0x00, 0x00, 0x00, 0x00, 0x00, 0x00, 0x00, 0xff, 0xff, 0xfc, 0x00, 0x00, 0x00, 0x00, 0x00,
    0x00, 0x00, 0x00, 0x01, 0xff, 0xff, 0xfc, 0x00, 0x00, 0x00, 0x00, 0x00, 0x00, 0x00, 0x00, 0x03, 0xff, 0xff, 0xfc, 0x00, 0x00, 0x00, 0x00, 0x00,
    0x00, 0x00, 0x00, 0x1f, 0xff, 0xff, 0xfe, 0x00, 0x00, 0x00, 0x00, 0x00, 0x00, 0x00, 0x00, 0x7f, 0xff, 0xff, 0xff, 0x00, 0x00, 0x00, 0x00, 0x00,
    0x00, 0x00, 0x01, 0xff, 0xff, 0xff, 0xff, 0x00, 0x00, 0x00, 0x00, 0x00, 0x00, 0x00, 0x07, 0xf0, 0x1f, 0x0f, 0xff, 0x00, 0x00, 0x00, 0x00, 0x00,
    0x00, 0x00, 0x0f, 0xe0, 0x0e, 0x07, 0xff, 0x00, 0x00, 0x00, 0x00, 0x00, 0x00, 0x00, 0x0f, 0x80, 0x00, 0x00, 0xff, 0x00, 0x00, 0x00, 0x00, 0x00,
    0x00, 0x00, 0x1f, 0x80, 0x00, 0x00, 0x7f, 0x00, 0x00, 0x00, 0x00, 0x00, 0x00, 0x00, 0x1f, 0x00, 0x00, 0x00, 0x3f, 0x00, 0x00, 0x00, 0x00, 0x00,
    0x00, 0x00, 0x1f, 0x00, 0x00, 0x00, 0x3f, 0x00, 0x00, 0x00, 0x00, 0x00, 0x00, 0x00, 0x06, 0x00, 0x00, 0x00, 0x1f, 0x00, 0x00, 0x00, 0x00, 0x00,
    0x00, 0x00, 0x00, 0x00, 0x00, 0x00, 0x0f, 0x00, 0x00, 0x00, 0x00, 0x00, 0x00, 0x00, 0x00, 0x00, 0x00, 0x00, 0x0f, 0x80, 0x00, 0x00, 0x00, 0x00,
    0x00, 0x00, 0x00, 0x00, 0x00, 0x00, 0x07, 0xc0, 0x00, 0x00, 0x00, 0x00, 0x00, 0x00, 0x00, 0x00, 0x00, 0x00, 0x07, 0xfc, 0x00, 0x00, 0x00, 0x00,
    0x00, 0x00, 0x00, 0x00, 0x00, 0x00, 0x01, 0xfc, 0x00, 0x00, 0x00, 0x00, 0x00, 0x00, 0x00, 0x00, 0x00, 0x00, 0x00, 0xf8, 0x00, 0x00, 0x00, 0x00,
    0x00, 0x00, 0x00, 0x00, 0x00, 0x00, 0x00, 0x00, 0x00, 0x00, 0x00, 0x00, 0x00, 0x00, 0x00, 0x00, 0x00, 0x00, 0x00, 0x00, 0x00, 0x00, 0x00, 0x00,
  }},
  {{
    0x00, 0x00, 0x00, 0x00, 0x00, 0x00, 0x00, 0x00, 0x00, 0x00, 0x00, 0x00, 0x00, 0x00, 0x00, 0x00, 0x00, 0x00, 0x00, 0x00, 0x00, 0x00, 0x00, 0x00,
    0x00, 0x00, 0x00, 0x00, 0x00, 0x00, 0x00, 0x00, 0x00, 0x00, 0x00, 0x00, 0x00, 0x00, 0x00, 0x00, 0x00, 0x00, 0x00, 0x00, 0x00, 0x00, 0x00, 0x00,
    0x00, 0x00, 0x00, 0x00, 0x00, 0x00, 0x00, 0x00, 0x00, 0x00, 0x00, 0x00, 0x00, 0x00, 0x00, 0x00, 0x00, 0x00, 0x00, 0x00, 0x00, 0x00, 0x00, 0x00,
    0x00, 0x00, 0x00, 0x00, 0x00, 0x00, 0x00, 0x00, 0x00, 0x00, 0x00, 0x00, 0x00, 0x00, 0x00, 0x00, 0x00, 0x00, 0x00, 0x00, 0x00, 0x00, 0x00, 0x00,
    0x00, 0x00, 0x00, 0x00, 0x00, 0x00, 0x00, 0x00, 0x00, 0x00, 0x00, 0x00, 0x00, 0x00, 0x00, 0x00, 0x00, 0x00, 0x00, 0x00, 0xff, 0x00, 0x00, 0x00,
    0x00, 0x00, 0x00, 0x00, 0x00, 0x00, 0x00, 0x01, 0xff, 0x80, 0x3e, 0x00, 0x00, 0x00, 0x00, 0x00, 0x00, 0x00, 0x00, 0x0f, 0xff, 0xc3, 0xff, 0x80,
    0x00, 0x00, 0x00, 0x00, 0x00, 0x00, 0x00, 0x1f, 0xff, 0xff, 0xff, 0xc0, 0x00, 0x00, 0x00, 0x00, 0x00, 0x00, 0x00, 0x3f, 0xff, 0xff, 0xff, 0xf0,
    0x00, 0x00, 0x00, 0x00, 0x00, 0x00, 0x00, 0x3f, 0xff, 0xff, 0xff, 0xf0, 0x00, 0x00, 0x00, 0x00, 0x00, 0x00, 0x00, 0x7f, 0xff, 0xff, 0xff, 0xf0,
    0x00, 0x00, 0x00, 0x00, 0x00, 0x00, 0x00, 0x7f, 0xff, 0xff, 0xff, 0xf0, 0x00, 0x00, 0x00, 0x00, 0x00, 0x00, 0x00, 0x7f, 0xff, 0xff, 0xff, 0xf0,
    0x00, 0x00, 0x00, 0x00, 0x00, 0x00, 0x00, 0xff, 0xff, 0xff, 0xff, 0xf0, 0x00, 0x00, 0x00, 0x00, 0x00, 0x00, 0x00, 0xff, 0xff, 0xff, 0xff, 0xf0,
    0x00, 0x00, 0x00, 0x00, 0x00, 0x00, 0x01, 0xff, 0xff, 0xff, 0xff, 0xf0, 0x00, 0x00, 0x00, 0x00, 0x00, 0x00, 0x03, 0xff, 0xff, 0xff, 0xff, 0xe0,
    0x00, 0x1f, 0xff, 0x00, 0x00, 0x00, 0x1f, 0xff, 0xff, 0xf3, 0xff, 0x00, 0x03, 0xff, 0xff, 0xc0, 0x00, 0x00, 0x7f, 0xff, 0xff, 0xf0, 0x00, 0x00,
    0x0f, 0xff, 0xff, 0xfe, 0x00, 0x01, 0xff, 0xff, 0xff, 0xf8, 0x00, 0x00, 0x07, 0xff, 0xff, 0xff, 0xff, 0xff, 0xff, 0xff, 0xff, 0xfc, 0x00, 0x00,
    0x00, 0x7f, 0xff, 0xff, 0xff, 0xff, 0xff, 0xff, 0xff, 0xff, 0x00, 0x00, 0x00, 0x07, 0xff, 0xff, 0xff, 0xff, 0xff, 0xff, 0xff, 0xff, 0xc0, 0x00,
    0x00, 0x01, 0xff, 0xff, 0xff, 0xff, 0xff, 0xff, 0x03, 0xff, 0xe0, 0x00, 0x00, 0x00, 0x7f, 0xff, 0xff, 0xff, 0xff, 0xfc, 0x00, 0xff, 0xf0, 0x00,
    0x00, 0x00, 0x3f, 0xff, 0xff, 0xff, 0xff, 0xfc, 0x00, 0x7f, 0xf8, 0x00, 0x00, 0x00, 0x1f, 0xff, 0xff, 0xff, 0xff, 0xf8, 0x00, 0x0f, 0xf8, 0x00,
    0x00, 0x00, 0x07, 0xff, 0xff, 0xff, 0xff, 0xf8, 0x00, 0x07, 0xe0, 0x00, 0x00, 0x00, 0x03, 0xff, 0xff, 0xff, 0xff, 0xf0, 0x00, 0x00, 0x00, 0x00,
    0x00, 0x00, 0x01, 0xff, 0xff, 0xff, 0xff, 0xfc, 0x00, 0x00, 0x00, 0x00, 0x00, 0x00, 0x01, 0xff, 0xff, 0xff, 0xff, 0x7f, 0x00, 0x00, 0x00, 0x00,
    0x00, 0x00, 0x00, 0x7f, 0xff, 0xff, 0xfe, 0x3f, 0x00, 0x00, 0x00, 0x00, 0x00, 0x00, 0x00, 0x3f, 0xff, 0xff, 0xfc, 0x00, 0x00, 0x00, 0x00, 0x00,
    0x00, 0x00, 0x00, 0x1f, 0xff, 0xff, 0xf0, 0x00, 0x00, 0x00, 0x00, 0x00, 0x00, 0x00, 0x00, 0x1f, 0xff, 0xff, 0xe0, 0x00, 0x00, 0x00, 0x00, 0x00,
    0x00, 0x00, 0x00, 0x0f, 0xff, 0xff, 0xc0, 0x00, 0x00, 0x00, 0x00, 0x00, 0x00, 0x00, 0x00, 0x0f, 0xff, 0xff, 0xc0, 0x00, 0x00, 0x00, 0x00, 0x00,
    0x00, 0x00, 0x00, 0x07, 0xff, 0xff, 0xc0, 0x00, 0x00, 0x00, 0x00, 0x00, 0x00, 0x00, 0x00, 0x03, 0xff, 0xff, 0xc0, 0x00, 0x00, 0x00, 0x00, 0x00,
    0x00, 0x00, 0x00, 0x01, 0xff, 0xff, 0xc0, 0x00, 0x00, 0x00, 0x00, 0x00, 0x00, 0x00, 0x00, 0x01, 0xff, 0xff, 0xc0, 0x00, 0x00, 0x00, 0x00, 0x00,
    0x00, 0x00, 0x00, 0x7f, 0xff, 0xff, 0xc0, 0x00, 0x00, 0x00, 0x00, 0x00, 0x00, 0x00, 0x00, 0xff, 0xff, 0xff, 0xc0, 0x00, 0x00, 0x00, 0x00, 0x00,
    0x00, 0x00, 0x01, 0xff, 0xff, 0xff, 0xc0, 0x00, 0x00, 0x00, 0x00, 0x00, 0x00, 0x00, 0x01, 0xe0, 0x7f, 0x87, 0xe0, 0x00, 0x00, 0x00, 0x00, 0x00,
    0x00, 0x00, 0x01, 0xe0, 0x3f, 0x83, 0xf0, 0x00, 0x00, 0x00, 0x00, 0x00, 0x00, 0x00, 0x01, 0xe0, 0x1e, 0x01, 0xf0, 0x00, 0x00, 0x00, 0x00, 0x00,
    0x00, 0x00, 0x00, 0xe0, 0x04, 0x00, 0xf0, 0x00, 0x00, 0x00, 0x00, 0x00, 0x00, 0x00, 0x00, 0x60, 0x00, 0x00, 0xf0, 0x00, 0x00, 0x00, 0x00, 0x00,
    0x00, 0x00, 0x00, 0x00, 0x00, 0x00, 0x78, 0x00, 0x00, 0x00, 0x00, 0x00, 0x00, 0x00, 0x00, 0x00, 0x00, 0x00, 0x7c, 0x00, 0x00, 0x00, 0x00, 0x00,
    0x00, 0x00, 0x00, 0x00, 0x00, 0x00, 0x7c, 0x00, 0x00, 0x00, 0x00, 0x00, 0x00, 0x00, 0x00, 0x00, 0x00, 0x00, 0x3f, 0xe0, 0x00, 0x00, 0x00, 0x00,
    0x00, 0x00, 0x00, 0x00, 0x00, 0x00, 0x3f, 0xe0, 0x00, 0x00, 0x00, 0x00, 0x00, 0x00, 0x00, 0x00, 0x00, 0x00, 0x1f, 0xe0, 0x00, 0x00, 0x00, 0x00,
    0x00, 0x00, 0x00, 0x00, 0x00, 0x00, 0x0f, 0xc0, 0x00, 0x00, 0x00, 0x00, 0x00, 0x00, 0x00, 0x00, 0x00, 0x00, 0x07, 0x00, 0x00, 0x00, 0x00, 0x00,
    0x00, 0x00, 0x00, 0x00, 0x00, 0x00, 0x00, 0x00, 0x00, 0x00, 0x00, 0x00, 0x00, 0x00, 0x00, 0x00, 0x00, 0x00, 0x00, 0x00, 0x00, 0x00, 0x00, 0x00,
  }},
  {{
    0x00, 0x00, 0x00, 0x00, 0x00, 0x00, 0x00, 0x00, 0x00, 0x00, 0x00, 0x00, 0x00, 0x00, 0x00, 0x00, 0x00, 0x00, 0x00, 0x00, 0x00, 0x00, 0x00, 0x00,
    0x00, 0x00, 0x00, 0x00, 0x00, 0x00, 0x00, 0x00, 0x00, 0x00, 0x00, 0x00, 0x00, 0x00, 0x00, 0x00, 0x00, 0x00, 0x00, 0x00, 0x00, 0x00, 0x00, 0x00,
    0x00, 0x00, 0x00, 0x00, 0x00, 0x00, 0x00, 0x00, 0x00, 0x00, 0x00, 0x00, 0x00, 0x00, 0x00, 0x00, 0x00, 0x00, 0x00, 0x00, 0x00, 0x00, 0x00, 0x00,
    0x00, 0x00, 0x00, 0x00, 0x00, 0x00, 0x00, 0x00, 0x00, 0x00, 0x00, 0x00, 0x00, 0x00, 0x00, 0x00, 0x00, 0x00, 0x00, 0x00, 0x00, 0x00, 0x00, 0x00,
    0x00, 0x00, 0x00, 0x00, 0x00, 0x00, 0x00, 0x00, 0x00, 0x00, 0x00, 0x00, 0x00, 0x00, 0x00, 0x00, 0x00, 0x00, 0x00, 0x00, 0x00, 0x00, 0x00, 0x00,
    0x00, 0x00, 0x00, 0x00, 0x00, 0x00, 0x00, 0x00, 0x00, 0x00, 0x00, 0x00, 0x00, 0x00, 0x00, 0x00, 0x00, 0x00, 0x00, 0x00, 0x00, 0x00, 0x00, 0x00,
    0x00, 0x00, 0x00, 0x00, 0x00, 0x00, 0x00, 0x00, 0xf0, 0x00, 0x00, 0x00, 0x00, 0x00, 0x00, 0x00, 0x00, 0x00, 0x00, 0x07, 0xfc, 0x00, 0x00, 0x00,
    0x00, 0x00, 0x00, 0x00, 0x00, 0x00, 0x00, 0x1f, 0xfe, 0x00, 0x3e, 0x00, 0x00, 0x00, 0x00, 0x00, 0x00, 0x00, 0x00, 0x3f, 0xff, 0xc3, 0xff, 0x80,
    0x00, 0x00, 0x00, 0x00, 0x00, 0x00, 0x00, 0x3f, 0xff, 0xff, 0xff, 0xc0, 0x00, 0x00, 0x00, 0x00, 0x00, 0x00, 0x00, 0x7f, 0xff, 0xff, 0xff, 0xf0,
    0x00, 0x00, 0x00, 0x00, 0x00, 0x00, 0x00, 0x7f, 0xff, 0xff, 0xff, 0xf0, 0x00, 0x00, 0x00, 0x00, 0x00, 0x00, 0x00, 0xff, 0xff, 0xff, 0xff, 0xf0,
    0x00, 0x00, 0x00, 0x00, 0x00, 0x00, 0x00, 0xff, 0xff, 0xff, 0xff, 0xf0, 0x00, 0x00, 0x00, 0x00, 0x00, 0x00, 0x01, 0xff, 0xff, 0xff, 0xff, 0xf0,
    0x00, 0x00, 0x00, 0x00, 0x00, 0x00, 0x03, 0xff, 0xff, 0xff, 0xff, 0xf0, 0x07, 0xe0, 0x00, 0x00, 0x00, 0x00, 0x07, 0xff, 0xff, 0xff, 0xff, 0xf0,
    0x0f, 0xff, 0x00, 0x00, 0x00, 0x00, 0x1f, 0xff, 0xff, 0xff, 0xff, 0xf0, 0x07, 0xff, 0xc0, 0x00, 0x00, 0x00, 0x7f, 0xff, 0xff, 0xff, 0xff, 0xa0,
    0x00, 0x7f, 0xff, 0xfe, 0x00, 0x3f, 0xff, 0xff, 0xff, 0xf0, 0x00, 0x00, 0x00, 0x0f, 0xff, 0xff, 0xff, 0xff, 0xff, 0xff, 0xff, 0xf0, 0x00, 0x00,
    0x00, 0x07, 0xff, 0xff, 0xff, 0xff, 0xff, 0xff, 0xff, 0xf8, 0x00, 0x00, 0x00, 0x01, 0xff, 0xff, 0xff, 0xff, 0xff, 0xff, 0xff, 0xfe, 0x00, 0x00,
    0x00, 0x00, 0xff, 0xff, 0xff, 0xff, 0xff, 0xff, 0xcf, 0xff, 0x80, 0x00, 0x00, 0x00, 0x7f, 0xff, 0xff, 0xff, 0xff, 0xfe, 0x03, 0xff, 0xe0, 0x00,
    0x00, 0x00, 0x3f, 0xff, 0xff, 0xff, 0xff, 0xfc, 0x01, 0xff, 0xf0, 0x00, 0x00, 0x00, 0x1f, 0xff, 0xff, 0xff, 0xff, 0xf8, 0x00, 0x7f, 0xf8, 0x00,
    0x00, 0x00, 0x07, 0xff, 0xff, 0xff, 0xff, 0xf8, 0x00, 0x1f, 0xf8, 0x00, 0x00, 0x00, 0x01, 0xff, 0xff, 0xff, 0xff, 0xf0, 0x00, 0x07, 0xf0, 0x00,
    0x00, 0x00, 0x01, 0xff, 0xff, 0xff, 0xff, 0xf8, 0x00, 0x01, 0xc0, 0x00, 0x00, 0x00, 0x00, 0x7f, 0xff, 0xff, 0xff, 0xfc, 0x00, 0x00, 0x00, 0x00,
    0x00, 0x00, 0x00, 0x3f, 0xff, 0xff, 0xfe, 0x3e, 0x00, 0x00, 0x00, 0x00, 0x00, 0x00, 0x00, 0x1f, 0xff, 0xff, 0xfc, 0x0f, 0x00, 0x00, 0x00, 0x00,
    0x00, 0x00, 0x00, 0x0f, 0xff, 0xff, 0xf0, 0x00, 0x00, 0x00, 0x00, 0x00, 0x00, 0x00, 0x00, 0x07, 0xff, 0xff, 0xe0, 0x00, 0x00, 0x00, 0x00, 0x00,
    0x00, 0x00, 0x00, 0x03, 0xff, 0xff, 0xc0, 0x00, 0x00, 0x00, 0x00, 0x00, 0x00, 0x00, 0x00, 0x00, 0xff, 0xff, 0xc0, 0x00, 0x00, 0x00, 0x00, 0x00,
    0x00, 0x00, 0x00, 0x00, 0x1f, 0xfe, 0x00, 0x00, 0x00, 0x00, 0x00, 0x00, 0x00, 0x00, 0x00, 0x00, 0x1f, 0xfe, 0x00, 0x00, 0x00, 0x00, 0x00, 0x00,
    0x00, 0x00, 0x00, 0x07, 0xff, 0xfe, 0x00, 0x00, 0x00, 0x00, 0x00, 0x00, 0x00, 0x00, 0x00, 0x0f, 0xff, 0xfc, 0x00, 0x00, 0x00, 0x00, 0x00, 0x00,
    0x00, 0x00, 0x00, 0x1f, 0xff, 0xfc, 0x00, 0x00, 0x00, 0x00, 0x00, 0x00, 0x00, 0x00, 0x00, 0x7f, 0xff, 0xf8, 0x00, 0x00, 0x00, 0x00, 0x00, 0x00,
    0x00, 0x00, 0x00, 0x7f, 0xff, 0xf0, 0x00, 0x00, 0x00, 0x00, 0x00, 0x00, 0x00, 0x00, 0x00, 0xf8, 0x07, 0xe0, 0x00, 0x00, 0x00, 0x00, 0x00, 0x00,
    0x00, 0x00, 0x00, 0xf0, 0x07, 0xc0, 0x00, 0x00, 0x00, 0x00, 0x00, 0x00, 0x00, 0x00, 0x00, 0x40, 0x07, 0x80, 0x00, 0x00, 0x00, 0x00, 0x00, 0x00,
    0x00, 0x00, 0x00, 0x00, 0x07, 0x80, 0x00, 0x00, 0x00, 0x00, 0x00, 0x00, 0x00, 0x00, 0x00, 0x00, 0x07, 0x80, 0x00, 0x00, 0x00, 0x00, 0x00, 0x00,
    0x00, 0x00, 0x00, 0x00, 0x0f, 0x80, 0x00, 0x00, 0x00, 0x00, 0x00, 0x00, 0x00, 0x00, 0x00, 0x00, 0x0f, 0x80, 0x00, 0x00, 0x00, 0x00, 0x00, 0x00,
    0x00, 0x00, 0x00, 0x00, 0x0f, 0xc0, 0x00, 0x00, 0x00, 0x00, 0x00, 0x00, 0x00, 0x00, 0x00, 0x00, 0x07, 0xe0, 0x00, 0x00, 0x00, 0x00, 0x00, 0x00,
    0x00, 0x00, 0x00, 0x00, 0x07, 0xf0, 0x00, 0x00, 0x00, 0x00, 0x00, 0x00, 0x00, 0x00, 0x00, 0x00, 0x03, 0xf0, 0x00, 0x00, 0x00, 0x00, 0x00, 0x00,
    0x00, 0x00, 0x00, 0x00, 0x00, 0x00, 0x00, 0x00, 0x00, 0x00, 0x00, 0x00, 0x00, 0x00, 0x00, 0x00, 0x00, 0x00, 0x00, 0x00, 0x00, 0x00, 0x00, 0x00,
  }},
  {{
    0x00, 0x00, 0x00, 0x00, 0x00, 0x00, 0x00, 0x00, 0x00, 0x00, 0x00, 0x00, 0x00, 0x00, 0x00, 0x00, 0x00, 0x00, 0x00, 0x00, 0x00, 0x00, 0x00, 0x00,
    0x00, 0x00, 0x00, 0x00, 0x00, 0x00, 0x00, 0x00, 0x00, 0x00, 0x00, 0x00, 0x00, 0x00, 0x00, 0x00, 0x00, 0x00, 0x00, 0x00, 0x00, 0x00, 0x00, 0x00,
    0x00, 0x00, 0x00, 0x00, 0x00, 0x00, 0x00, 0x00, 0x00, 0x00, 0x00, 0x00, 0x00, 0x00, 0x00, 0x00, 0x00, 0x00, 0x00, 0x00, 0x00, 0x00, 0x00, 0x00,
    0x00, 0x00, 0x00, 0x00, 0x00, 0x00, 0x00, 0x00, 0x00, 0x00, 0x00, 0x00, 0x00, 0x00, 0x00, 0x00, 0x00, 0x00, 0x00, 0x00, 0x00, 0x00, 0x00, 0x00,
    0x00, 0x00, 0x00, 0x00, 0x00, 0x00, 0x00, 0x00, 0x00, 0x00, 0x00, 0x00, 0x00, 0x00, 0x00, 0x00, 0x00, 0x00, 0x00, 0x00, 0x00, 0x00, 0x00, 0x00,
    0x00, 0x00, 0x00, 0x00, 0x00, 0x00, 0x00, 0x00, 0x00, 0x00, 0x00, 0x00, 0x00, 0x00, 0x00, 0x00, 0x00, 0x00, 0x00, 0x00, 0x00, 0x00, 0x00, 0x00,
    0x00, 0x00, 0x00, 0x00, 0x00, 0x00, 0x00, 0x01, 0xfc, 0x00, 0x00, 0x00, 0x00, 0x00, 0x00, 0x00, 0x00, 0x00, 0x00, 0x0f, 0xff, 0x00, 0x00, 0x00,
    0x00, 0x00, 0x00, 0x00, 0x00, 0x00, 0x00, 0x1f, 0xff, 0x83, 0xfe, 0x00, 0x00, 0x00, 0x00, 0x00, 0x00, 0x00, 0x00, 0x3f, 0xff, 0xff, 0xff, 0x00,
    0x00, 0x00, 0x00, 0x00, 0x00, 0x00, 0x00, 0x7f, 0xff, 0xff, 0xff, 0xc0, 0x00, 0x00, 0x00, 0x00, 0x00, 0x00, 0x00, 0x7f, 0xff, 0xff, 0xff, 0xc0,
    0x00, 0x00, 0x00, 0x00, 0x00, 0x00, 0x00, 0xff, 0xff, 0xff, 0xff, 0xc0, 0x00, 0x00, 0x00, 0x00, 0x00, 0x00, 0x01, 0xff, 0xff, 0xff, 0xff, 0xe0,
    0x00, 0x00, 0x00, 0x00, 0x00, 0x00, 0x01, 0xff, 0xff, 0xff, 0xff, 0xe0, 0x00, 0x00, 0x00, 0x00, 0x00, 0x00, 0x03, 0xff, 0xff, 0xff, 0xff, 0xe0,
    0x04, 0x00, 0x00, 0x00, 0x00, 0x00, 0x1f, 0xff, 0xff, 0xff, 0xff, 0xe0, 0x0e, 0x00, 0x00, 0x00, 0x00, 0x00, 0x3f, 0xff, 0xff, 0xff, 0xff, 0xe0,
    0x0f, 0x00, 0x00, 0x00, 0x00, 0x7f, 0xff, 0xff, 0xff, 0xff, 0xff, 0xc0, 0x0f, 0x80, 0x00, 0x03, 0xff, 0xff, 0xff, 0xff, 0xff, 0x3f, 0xfe, 0x00,
    0x07, 0xc0, 0x00, 0x0f, 0xff, 0xff, 0xff, 0xff, 0xff, 0x00, 0x04, 0x00, 0x03, 0xf0, 0x00, 0xff, 0xff, 0xff, 0xff, 0xff, 0xff, 0x80, 0x00, 0x00,
    0x01, 0xff, 0xff, 0xff, 0xff, 0xff, 0xff, 0xff, 0xff, 0xc0, 0x00, 0x00, 0x00, 0xff, 0xff, 0xff, 0xff, 0xff, 0xff, 0xff, 0xff, 0xe0, 0x00, 0x00,
    0x00, 0x7f, 0xff, 0xff, 0xff, 0xff, 0xff, 0xff, 0xff, 0xf0, 0x00, 0x00, 0x00, 0x0f, 0xff, 0xff, 0xff, 0xff, 0xff, 0xf8, 0x1f, 0xfc, 0x00, 0x00,
    0x00, 0x07, 0xff, 0xff, 0xff, 0xff, 0xff, 0xf0, 0x0f, 0xff, 0x00, 0x00, 0x00, 0x00, 0x7f, 0xff, 0xff, 0xff, 0xff, 0xf0, 0x03, 0xff, 0x80, 0x00,
    0x00, 0x00, 0x1f, 0xff, 0xff, 0xff, 0xff, 0xf8, 0x01, 0xff, 0xc0, 0x00, 0x00, 0x00, 0x03, 0xff, 0xff, 0xff, 0xff, 0xfc, 0x00, 0xff, 0xc0, 0x00,
    0x00, 0x00, 0x00, 0x7f, 0xff, 0xff, 0xff, 0x9e, 0x00, 0x3f, 0x80, 0x00, 0x00, 0x00, 0x00, 0x3f, 0xff, 0xff, 0xfe, 0x07, 0x00, 0x1c, 0x00, 0x00,
    0x00, 0x00, 0x00, 0x1f, 0xff, 0xff, 0xfc, 0x03, 0x00, 0x00, 0x00, 0x00, 0x00, 0x00, 0x00, 0x0f, 0xff, 0xff, 0xf8, 0x00, 0x00, 0x00, 0x00, 0x00,
    0x00, 0x00, 0x00, 0x03, 0xff, 0xff, 0xe0, 0x00, 0x00, 0x00, 0x00, 0x00, 0x00, 0x00, 0x00, 0x01, 0xff, 0xff, 0xc0, 0x00, 0x00, 0x00, 0x00, 0x00,
    0x00, 0x00, 0x00, 0x00, 0xff, 0xff, 0x80, 0x00, 0x00, 0x00, 0x00, 0x00, 0x00, 0x00, 0x00, 0x00, 0x7f, 0xff, 0x80, 0x00, 0x00, 0x00, 0x00, 0x00,
    0x00, 0x00, 0x00, 0x00, 0x3f, 0xff, 0x80, 0x00, 0x00, 0x00, 0x00, 0x00, 0x00, 0x00, 0x00, 0x00, 0x3f, 0xff, 0xc0, 0x00, 0x00, 0x00, 0x00, 0x00,
    0x00, 0x00, 0x00, 0x00, 0x7f, 0xff, 0xc0, 0x00, 0x00, 0x00, 0x00, 0x00, 0x00, 0x00, 0x00, 0x00, 0xff, 0xff, 0x80, 0x00, 0x00, 0x00, 0x00, 0x00,
    0x00, 0x00, 0x00, 0x00, 0xff, 0xff, 0x80, 0x00, 0x00, 0x00, 0x00, 0x00, 0x00, 0x00, 0x00, 0x03, 0xff, 0xfe, 0x00, 0x00, 0x00, 0x00, 0x00, 0x00,
    0x00, 0x00, 0x00, 0x0f, 0xff, 0xf8, 0x00, 0x00, 0x00, 0x00, 0x00, 0x00, 0x00, 0x00, 0x00, 0x3f, 0xfc, 0x00, 0x00, 0x00, 0x00, 0x00, 0x00, 0x00,
    0x00, 0x00, 0x00, 0x7f, 0xf0, 0x00, 0x00, 0x00, 0x00, 0x00, 0x00, 0x00, 0x00, 0x00, 0x00, 0x3f, 0xf0, 0x00, 0x00, 0x00, 0x00, 0x00, 0x00, 0x00,
    0x00, 0x00, 0x00, 0x38, 0xe0, 0x00, 0x00, 0x00, 0x00, 0x00, 0x00, 0x00, 0x00, 0x00, 0x00, 0x01, 0xf0, 0x00, 0x00, 0x00, 0x00, 0x00, 0x00, 0x00,
    0x00, 0x00, 0x00, 0x00, 0xf0, 0x00, 0x00, 0x00, 0x00, 0x00, 0x00, 0x00, 0x00, 0x00, 0x00, 0x00, 0xf0, 0x00, 0x00, 0x00, 0x00, 0x00, 0x00, 0x00,
    0x00, 0x00, 0x00, 0x00, 0x7f, 0x00, 0x00, 0x00, 0x00, 0x00, 0x00, 0x00, 0x00, 0x00, 0x00, 0x00, 0x3f, 0x00, 0x00, 0x00, 0x00, 0x00, 0x00, 0x00,
    0x00, 0x00, 0x00, 0x00, 0x1c, 0x00, 0x00, 0x00, 0x00, 0x00, 0x00, 0x00, 0x00, 0x00, 0x00, 0x00, 0x00, 0x00, 0x00, 0x00, 0x00, 0x00, 0x00, 0x00,
    0x00, 0x00, 0x00, 0x00, 0x00, 0x00, 0x00, 0x00, 0x00, 0x00, 0x00, 0x00, 0x00, 0x00, 0x00, 0x00, 0x00, 0x00, 0x00, 0x00, 0x00, 0x00, 0x00, 0x00,
  }},
  {{
    0x00, 0x00, 0x00, 0x00, 0x00, 0x00, 0x00, 0x00, 0x00, 0x00, 0x00, 0x00, 0x00, 0x00, 0x00, 0x00, 0x00, 0x00, 0x00, 0x00, 0x00, 0x00, 0x00, 0x00,
    0x00, 0x00, 0x00, 0x00, 0x00, 0x00, 0x00, 0x00, 0x00, 0x00, 0x00, 0x00, 0x00, 0x00, 0x00, 0x00, 0x00, 0x00, 0x00, 0x00, 0x00, 0x00, 0x00, 0x00,
    0x00, 0x00, 0x00, 0x00, 0x00, 0x00, 0x00, 0x00, 0x00, 0x00, 0x00, 0x00, 0x00, 0x00, 0x00, 0x00, 0x00, 0x00, 0x00, 0x00, 0x00, 0x00, 0x00, 0x00,
    0x00, 0x00, 0x00, 0x00, 0x00, 0x00, 0x00, 0x00, 0x00, 0x00, 0x00, 0x00, 0x00, 0x00, 0x00, 0x00, 0x00, 0x00, 0x00, 0x00, 0x00, 0x00, 0x00, 0x00,
    0x00, 0x00, 0x00, 0x00, 0x00, 0x00, 0x00, 0x00, 0x00, 0x00, 0x00, 0x00, 0x00, 0x00, 0x00, 0x00, 0x00, 0x00, 0x00, 0x07, 0xfc, 0x00, 0x00, 0x00,
    0x00, 0x00, 0x00, 0x00, 0x00, 0x00, 0x00, 0x0f, 0xfe, 0x00, 0x00, 0x00, 0x00, 0x00, 0x00, 0x00, 0x00, 0x00, 0x00, 0x1f, 0xff, 0x80, 0xfe, 0x00,
    0x00, 0x00, 0x00, 0x00, 0x00, 0x00, 0x00, 0x3f, 0xff, 0xcf, 0xff, 0x00, 0x00, 0x00, 0x00, 0x00, 0x00, 0x00, 0x00, 0x7f, 0xff, 0xff, 0xff, 0xc0,
    0x00, 0x00, 0x00, 0x00, 0x00, 0x00, 0x00, 0xff, 0xff, 0xff, 0xff, 0xc0, 0x00, 0x00, 0x00, 0x00, 0x00, 0x00, 0x00, 0xff, 0xff, 0xff, 0xff, 0xc0,
    0x00, 0x00, 0x00, 0x00, 0x00, 0x00, 0x00, 0xff, 0xff, 0xff, 0xff, 0xe0, 0x00, 0x00, 0x00, 0x00, 0x00, 0x00, 0x01, 0xff, 0xff, 0xff, 0xff, 0xe0,
    0x00, 0x00, 0x00, 0x00, 0x00, 0x00, 0x03, 0xff, 0xff, 0xff, 0xff, 0xe0, 0x00, 0x00, 0x00, 0x00, 0x00, 0x00, 0x03, 0xff, 0xff, 0xff, 0xff, 0xe0,
    0x00, 0x00, 0x00, 0x00, 0x00, 0x00, 0x0f, 0xff, 0xff, 0xff, 0xff, 0xe0, 0x00, 0x00, 0x00, 0x00, 0x00, 0x00, 0x0f, 0xff, 0xff, 0xff, 0xff, 0xc0,
    0x00, 0x00, 0x00, 0x00, 0x00, 0x00, 0x7f, 0xff, 0xfe, 0xff, 0xfe, 0x00, 0x00, 0x00, 0x00, 0x00, 0x00, 0x01, 0xff, 0xff, 0xfe, 0x3f, 0x8e, 0x00,
    0x00, 0x00, 0x00, 0x00, 0x1f, 0xff, 0xff, 0xff, 0xfe, 0x00, 0x00, 0x00, 0x00, 0x00, 0x00, 0x00, 0x7f, 0xff, 0xff, 0xff, 0xff, 0x00, 0x00, 0x00,
    0x03, 0x80, 0x00, 0x03, 0xff, 0xff, 0xff, 0xff, 0xff, 0xc0, 0x00, 0x00, 0x03, 0xc0, 0x00, 0x1f, 0xff, 0xff, 0xff, 0xff, 0xff, 0xe0, 0x00, 0x00,
    0x03, 0xe0, 0x00, 0x3f, 0xff, 0xff, 0xff, 0xfc, 0x3f, 0xf8, 0x00, 0x00, 0x03, 0xfc, 0x03, 0xff, 0xff, 0xff, 0xff, 0xf8, 0x1f, 0xfc, 0x00, 0x00,
    0x01, 0xff, 0xff, 0xff, 0xff, 0xff, 0xff, 0xf0, 0x0f, 0xff, 0x00, 0x00, 0x01, 0xff, 0xff, 0xff, 0xff, 0xff, 0xff, 0xe0, 0x07, 0xff, 0x80, 0x00,
    0x00, 0xff, 0xff, 0xff, 0xff, 0xff, 0xff, 0xe0, 0x01, 0xff, 0x80, 0x00, 0x00, 0x7f, 0xff, 0xff, 0xff, 0xff, 0xff, 0xf8, 0x00, 0x1f, 0x00, 0x00,
    0x00, 0x3f, 0xff, 0xff, 0xff, 0xff, 0xff, 0xfe, 0x00, 0x0c, 0x00, 0x00, 0x00, 0x00, 0x0f, 0xff, 0xff, 0xff, 0xff, 0xff, 0x00, 0x00, 0x00, 0x00,
    0x00, 0x00, 0x01, 0xff, 0xff, 0xff, 0xff, 0xcf, 0x80, 0x00, 0x00, 0x00, 0x00, 0x00, 0x00, 0x7f, 0xff, 0xff, 0xfc, 0x03, 0x80, 0x00, 0x00, 0x00,
    0x00, 0x00, 0x00, 0x3f, 0xff, 0xff, 0xf8, 0x01, 0x80, 0x00, 0x00, 0x00, 0x00, 0x00, 0x00, 0x1f, 0xff, 0xff, 0xf0, 0x00, 0x00, 0x00, 0x00, 0x00,
    0x00, 0x00, 0x00, 0x03, 0xff, 0xff, 0xf8, 0x00, 0x00, 0x00, 0x00, 0x00, 0x00, 0x00, 0x00, 0x01, 0xff, 0xff, 0xfc, 0x00, 0x00, 0x00, 0x00, 0x00,
    0x00, 0x00, 0x00, 0x00, 0xff, 0xff, 0xfc, 0x00, 0x00, 0x00, 0x00, 0x00, 0x00, 0x00, 0x00, 0x00, 0x3f, 0xff, 0xfc, 0x00, 0x00, 0x00, 0x00, 0x00,
    0x00, 0x00, 0x00, 0x00, 0x3f, 0xff, 0xf8, 0x00, 0x00, 0x00, 0x00, 0x00, 0x00, 0x00, 0x00, 0x00, 0x7f, 0x9f, 0xf0, 0x00, 0x00, 0x00, 0x00, 0x00,
    0x00, 0x00, 0x00, 0x00, 0xff, 0x0f, 0xc0, 0x00, 0x00, 0x00, 0x00, 0x00, 0x00, 0x00, 0x00, 0x00, 0xfc, 0x0f, 0x80, 0x00, 0x00, 0x00, 0x00, 0x00,
    0x00, 0x00, 0x00, 0x01, 0xf8, 0x0f, 0x00, 0x00, 0x00, 0x00, 0x00, 0x00, 0x00, 0x00, 0x00, 0x01, 0xf0, 0x1e, 0x00, 0x00, 0x00, 0x00, 0x00, 0x00,
    0x00, 0x00, 0x00, 0x01, 0xe0, 0x1c, 0x00, 0x00, 0x00, 0x00, 0x00, 0x00, 0x00, 0x00, 0x00, 0x01, 0xc0, 0x3c, 0x00, 0x00, 0x00, 0x00, 0x00, 0x00,
    0x00, 0x00, 0x00, 0x03, 0xc0, 0x3c, 0x00, 0x00, 0x00, 0x00, 0x00, 0x00, 0x00, 0x00, 0x00, 0x03, 0x80, 0x3e, 0x00, 0x00, 0x00, 0x00, 0x00, 0x00,
    0x00, 0x00, 0x00, 0x03, 0x80, 0x1e, 0x00, 0x00, 0x00, 0x00, 0x00, 0x00, 0x00, 0x00, 0x00, 0x07, 0x00, 0x1e, 0x00, 0x00, 0x00, 0x00, 0x00, 0x00,
    0x00, 0x00, 0x00, 0x07, 0x00, 0x0f, 0x00, 0x00, 0x00, 0x00, 0x00, 0x00, 0x00, 0x00, 0x00, 0x0f, 0x00, 0x06, 0x00, 0x00, 0x00, 0x00, 0x00, 0x00,
    0x00, 0x00, 0x00, 0x0f, 0x00, 0x06, 0x00, 0x00, 0x00, 0x00, 0x00, 0x00, 0x00, 0x00, 0x00, 0x1f, 0x80, 0x00, 0x00, 0x00, 0x00, 0x00, 0x00, 0x00,
    0x00, 0x00, 0x00, 0x0f, 0xc0, 0x00, 0x00, 0x00, 0x00, 0x00, 0x00, 0x00, 0x00, 0x00, 0x00, 0x07, 0xc0, 0x00, 0x00, 0x00, 0x00, 0x00, 0x00, 0x00,
    0x00, 0x00, 0x00, 0x00, 0x00, 0x00, 0x00, 0x00, 0x00, 0x00, 0x00, 0x00, 0x00, 0x00, 0x00, 0x00, 0x00, 0x00, 0x00, 0x00, 0x00, 0x00, 0x00, 0x00,
  }},
};
constexpr RunCatBitmap kRunner6[] = { // wankel-engine
  {{
    0x00, 0x0f, 0xff, 0xff, 0xff, 0xff, 0xff, 0xff, 0xff, 0xff, 0xe0, 0x00, 0x00, 0x3f, 0xff, 0xff, 0xff, 0xff, 0xff, 0xff, 0xff, 0xff, 0xfc, 0x00,
    0x00, 0xff, 0xff, 0xff, 0xff, 0xff, 0xff, 0xff, 0xff, 0xff, 0xff, 0x00, 0x03, 0xff, 0xff, 0xff, 0xff, 0xff, 0xff, 0xff, 0xff, 0xff, 0xff, 0x80,
    0x07, 0xff, 0xff, 0xff, 0xc7, 0xff, 0xff, 0x87, 0xff, 0xff, 0xff, 0xc0, 0x07, 0x83, 0xff, 0xf8, 0x07, 0xe7, 0xe0, 0x00, 0x3f, 0xff, 0xc1, 0xe0,
    0x0f, 0x01, 0xff, 0xe0, 0x07, 0xe0, 0x00, 0x00, 0x07, 0xff, 0x80, 0xf0, 0x0e, 0x01, 0xff, 0x80, 0x07, 0xfc, 0x00, 0x00, 0x01, 0xff, 0x00, 0xf0,
    0x1e, 0x00, 0xfe, 0x00, 0x07, 0xff, 0x00, 0x00, 0x00, 0x7f, 0x00, 0x70, 0x1e, 0x00, 0xf8, 0x00, 0x07, 0xff, 0xe0, 0x00, 0x00, 0x3f, 0x00, 0x70,
    0x3e, 0x00, 0xf0, 0x00, 0x0f, 0xff, 0xf8, 0x00, 0x00, 0x1f, 0x00, 0x78, 0x3e, 0x01, 0xe0, 0x00, 0x0f, 0xff, 0xff, 0x00, 0x00, 0x0f, 0x00, 0xf8,
    0x3f, 0x03, 0xc0, 0x00, 0x0f, 0xff, 0xff, 0x80, 0x00, 0x07, 0x81, 0xf8, 0x3f, 0x87, 0x80, 0x00, 0x0f, 0xff, 0xff, 0xe0, 0x00, 0x03, 0xc3, 0xf8,
    0x3f, 0xff, 0x00, 0x00, 0x0f, 0xff, 0xff, 0xf8, 0x00, 0x01, 0xff, 0xfc, 0x3f, 0xff, 0x00, 0x00, 0x0f, 0xff, 0xff, 0xfe, 0x00, 0x00, 0xff, 0xfc,
    0x3f, 0xfe, 0x00, 0x00, 0x1f, 0xff, 0x80, 0x3f, 0x80, 0x00, 0x7f, 0xfc, 0x3f, 0xfc, 0x00, 0x00, 0x1f, 0xfe, 0x00, 0x0f, 0xc0, 0x00, 0x7f, 0xfc,
    0x3f, 0xfc, 0x00, 0x00, 0x1f, 0xf8, 0x3f, 0x83, 0xf0, 0x00, 0x3f, 0xfc, 0x3f, 0xf8, 0x00, 0x00, 0x1f, 0xf0, 0xff, 0xe1, 0xf8, 0x00, 0x3f, 0xfc,
    0x3f, 0xf8, 0x00, 0x00, 0x1f, 0xe3, 0xfb, 0xf8, 0xfe, 0x00, 0x1f, 0xfc, 0x3f, 0xf0, 0x00, 0x00, 0x1f, 0xc7, 0x80, 0x3c, 0x7f, 0x00, 0x1f, 0xfc,
    0x3f, 0xf0, 0x00, 0x00, 0x1f, 0x8e, 0x00, 0x0e, 0x3f, 0xc0, 0x1f, 0xfc, 0x3f, 0xf0, 0x00, 0x00, 0x1f, 0x1c, 0x00, 0x07, 0x1f, 0xe0, 0x0f, 0xfc,
    0x3f, 0xe0, 0x00, 0x00, 0x1e, 0x38, 0x00, 0x03, 0x8f, 0xf0, 0x0f, 0xfc, 0x3f, 0xe0, 0x00, 0x00, 0x3e, 0x70, 0x00, 0x01, 0xcf, 0xfc, 0x0f, 0xfc,
    0x3f, 0xe0, 0x00, 0x00, 0x3e, 0x61, 0x80, 0x00, 0xcf, 0xfe, 0x07, 0xfc, 0x3f, 0xe0, 0x00, 0x00, 0x3c, 0x6f, 0xf0, 0x00, 0xc7, 0xff, 0x07, 0xfc,
    0x3f, 0xe0, 0x00, 0x00, 0x3c, 0xff, 0xf0, 0x00, 0xe7, 0xff, 0x87, 0xfc, 0x3f, 0xe0, 0x00, 0x00, 0x3c, 0xff, 0xf8, 0x00, 0x67, 0xff, 0xc7, 0xfc,
    0x3f, 0xe0, 0x00, 0x00, 0x3c, 0xff, 0xf8, 0x00, 0x67, 0xff, 0xe7, 0xfc, 0x3f, 0xe0, 0x00, 0x00, 0x3c, 0xff, 0xfc, 0x00, 0x67, 0xff, 0xff, 0xfc,
    0x3f, 0xe0, 0x00, 0x00, 0x3c, 0xff, 0xfc, 0x00, 0x67, 0xff, 0xff, 0xfc, 0x3f, 0xe0, 0x00, 0x00, 0x3c, 0xff, 0xf8, 0x00, 0x67, 0xff, 0xe7, 0xfc,
    0x3f, 0xe0, 0x00, 0x00, 0x3c, 0xff, 0xf8, 0x00, 0x67, 0xff, 0xc7, 0xfc, 0x3f, 0xe0, 0x00, 0x00, 0x3c, 0xff, 0xf0, 0x00, 0xe7, 0xff, 0x87, 0xfc,
    0x3f, 0xe0, 0x00, 0x00, 0x3c, 0x7f, 0xe0, 0x00, 0xc7, 0xff, 0x07, 0xfc, 0x3f, 0xe0, 0x00, 0x00, 0x3e, 0x63, 0x80, 0x00, 0xcf, 0xfe, 0x07, 0xfc,
    0x3f, 0xe0, 0x00, 0x00, 0x3e, 0x70, 0x00, 0x01, 0xcf, 0xfc, 0x0f, 0xfc, 0x3f, 0xe0, 0x00, 0x00, 0x1e, 0x38, 0x00, 0x03, 0x8f, 0xf0, 0x0f, 0xfc,
    0x3f, 0xf0, 0x00, 0x00, 0x1f, 0x1c, 0x00, 0x07, 0x1f, 0xe0, 0x0f, 0xfc, 0x3f, 0xf0, 0x00, 0x00, 0x1f, 0x9e, 0x00, 0x0e, 0x3f, 0xc0, 0x1f, 0xfc,
    0x3f, 0xf0, 0x00, 0x00, 0x1f, 0x87, 0x80, 0x3c, 0x3f, 0x00, 0x1f, 0xfc, 0x3f, 0xf8, 0x00, 0x00, 0x1f, 0xe3, 0xf1, 0xf8, 0xfe, 0x00, 0x1f, 0xfc,
    0x3f, 0xf8, 0x00, 0x00, 0x1f, 0xf0, 0xff, 0xe1, 0xf8, 0x00, 0x3f, 0xfc, 0x3f, 0xfc, 0x00, 0x00, 0x1f, 0xf8, 0x1f, 0x03, 0xf0, 0x00, 0x3f, 0xfc,
    0x3f, 0xfc, 0x00, 0x00, 0x1f, 0xfe, 0x00, 0x0f, 0xc0, 0x00, 0x7f, 0xfc, 0x3f, 0xfe, 0x00, 0x00, 0x1f, 0xff, 0x80, 0x3f, 0x80, 0x00, 0x7f, 0xfc,
    0x3f, 0xff, 0x00, 0x00, 0x0f, 0xff, 0xff, 0xfe, 0x00, 0x00, 0xff, 0xfc, 0x3f, 0xff, 0x00, 0x00, 0x0f, 0xff, 0xff, 0xf8, 0x00, 0x01, 0xff, 0xfc,
    0x3f, 0xc7, 0x80, 0x00, 0x0f, 0xff, 0xff, 0xe0, 0x00, 0x03, 0xe3, 0xf8, 0x3f, 0x03, 0xc0, 0x00, 0x0f, 0xff, 0xff, 0x80, 0x00, 0x07, 0x81, 0xf8,
    0x3e, 0x01, 0xe0, 0x00, 0x0f, 0xff, 0xfe, 0x00, 0x00, 0x0f, 0x00, 0xf8, 0x3e, 0x00, 0xf0, 0x00, 0x0f, 0xff, 0xf8, 0x00, 0x00, 0x1f, 0x00, 0x78,
    0x1e, 0x00, 0xf8, 0x00, 0x07, 0xff, 0xf0, 0x00, 0x00, 0x3f, 0x00, 0x70, 0x1e, 0x00, 0xfe, 0x00, 0x07, 0xff, 0x80, 0x00, 0x00, 0x7f, 0x00, 0x70,
    0x0e, 0x01, 0xff, 0x00, 0x07, 0xfe, 0x00, 0x00, 0x01, 0xff, 0x00, 0xf0, 0x0f, 0x01, 0xff, 0xe0, 0x07, 0xf0, 0x00, 0x00, 0x07, 0xff, 0x80, 0xf0,
    0x07, 0x83, 0xff, 0xf8, 0x07, 0xff, 0xe0, 0x00, 0x3f, 0xff, 0xc1, 0xe0, 0x07, 0xff, 0xff, 0xff, 0xe7, 0xff, 0xff, 0xff, 0xff, 0xff, 0xff, 0xc0,
    0x03, 0xff, 0xff, 0xff, 0xff, 0xff, 0xff, 0xff, 0xff, 0xff, 0xff, 0x80, 0x01, 0xff, 0xff, 0xff, 0xff, 0xff, 0xff, 0xff, 0xff, 0xff, 0xff, 0x00,
    0x00, 0x3f, 0xff, 0xff, 0xff, 0xff, 0xff, 0xff, 0xff, 0xff, 0xfc, 0x00, 0x00, 0x1f, 0xff, 0xff, 0xff, 0xff, 0xff, 0xff, 0xff, 0xff, 0xf0, 0x00,
  }},
  {{
    0x00, 0x0f, 0xff, 0xff, 0xff, 0xff, 0xff, 0xff, 0xff, 0xff, 0xe0, 0x00, 0x00, 0x3f, 0xff, 0xff, 0xff, 0xff, 0xff, 0xff, 0xff, 0xff, 0xfc, 0x00,
    0x00, 0xff, 0xff, 0xff, 0xff, 0xff, 0xff, 0xff, 0xff, 0xff, 0xff, 0x00, 0x03, 0xff, 0xff, 0xff, 0xff, 0xff, 0xff, 0xff, 0xff, 0xff, 0xff, 0x80,
    0x07, 0xff, 0xff, 0xff, 0xc1, 0xff, 0xff, 0x87, 0xff, 0xff, 0xff, 0xc0, 0x07, 0x83, 0xff, 0xf8, 0x00, 0x3f, 0xe0, 0x00, 0x3f, 0xff, 0xc1, 0xe0,
    0x0f, 0x01, 0xff, 0xe0, 0x00, 0x38, 0x00, 0x00, 0x07, 0xff, 0x80, 0xf0, 0x0e, 0x01, 0xff, 0x80, 0x00, 0x7e, 0x00, 0x00, 0x01, 0xff, 0x00, 0xf0,
    0x1e, 0x00, 0xfe, 0x00, 0x00, 0x7f, 0x00, 0x00, 0x00, 0x7f, 0x00, 0x70, 0x1e, 0x00, 0xf8, 0x00, 0x00, 0x7f, 0xc0, 0x00, 0x00, 0x3f, 0x00, 0x70,
    0x3e, 0x00, 0xf0, 0x00, 0x00, 0xff, 0xe0, 0x00, 0x00, 0x1f, 0x00, 0x78, 0x3e, 0x01, 0xe0, 0x00, 0x00, 0xff, 0xf8, 0x00, 0x00, 0x0f, 0x00, 0xf8,
    0x3f, 0x03, 0xc0, 0x00, 0x01, 0xff, 0xfc, 0x00, 0x00, 0x07, 0x81, 0xf8, 0x3f, 0x87, 0x80, 0x00, 0x01, 0xff, 0xfe, 0x00, 0x00, 0x03, 0xc3, 0xf8,
    0x3f, 0xff, 0x00, 0x00, 0x01, 0xff, 0xff, 0x80, 0x00, 0x01, 0xff, 0xfc, 0x3f, 0xff, 0x00, 0x00, 0x01, 0xff, 0xff, 0xc0, 0x00, 0x00, 0xff, 0xfc,
    0x3f, 0xfe, 0x00, 0x00, 0x03, 0xff, 0xff, 0xf0, 0x00, 0x00, 0x7f, 0xfc, 0x3f, 0xfc, 0x00, 0x00, 0x03, 0xff, 0xff, 0xf8, 0x00, 0x00, 0x7f, 0xfc,
    0x3f, 0xfc, 0x00, 0x00, 0x07, 0xff, 0xff, 0xfc, 0x00, 0x00, 0x3f, 0xfc, 0x3f, 0xf8, 0x00, 0x00, 0x07, 0xff, 0xff, 0xfe, 0x00, 0x00, 0x3f, 0xfc,
    0x3f, 0xf8, 0x00, 0x00, 0x07, 0xfe, 0x00, 0x3f, 0x00, 0x00, 0x1f, 0xfc, 0x3f, 0xf0, 0x00, 0x00, 0x0f, 0xf8, 0x00, 0x0f, 0x80, 0x00, 0x1f, 0xfc,
    0x3f, 0xf0, 0x00, 0x00, 0x0f, 0xe0, 0xff, 0x83, 0xc0, 0x00, 0x1f, 0xfc, 0x3f, 0xf0, 0x00, 0x00, 0x0f, 0xc7, 0xf7, 0xe1, 0xe0, 0x00, 0x0f, 0xfc,
    0x3f, 0xe0, 0x00, 0x00, 0x1f, 0x8f, 0x00, 0xf8, 0xf8, 0x00, 0x0f, 0xfc, 0x3f, 0xe0, 0x00, 0x00, 0x1f, 0x1e, 0x00, 0x1c, 0x78, 0x00, 0x0f, 0xfc,
    0x3f, 0xe0, 0x00, 0x00, 0x1e, 0x3f, 0x00, 0x0e, 0x3c, 0x00, 0x07, 0xfc, 0x3f, 0xe0, 0x00, 0x00, 0x1e, 0x7f, 0xf0, 0x07, 0x3e, 0x00, 0x07, 0xfc,
    0x3f, 0xe0, 0x00, 0x00, 0x3c, 0x7f, 0xf0, 0x03, 0x1f, 0x00, 0x07, 0xfc, 0x3f, 0xe0, 0x00, 0x00, 0x3c, 0xff, 0xf8, 0x03, 0x9f, 0x80, 0x07, 0xfc,
    0x3f, 0xe0, 0x00, 0x00, 0x38, 0xff, 0xf8, 0x01, 0x8f, 0xc0, 0x07, 0xfc, 0x3f, 0xe0, 0x00, 0x00, 0x39, 0xff, 0xfc, 0x01, 0xcf, 0xe0, 0x07, 0xfc,
    0x3f, 0xe0, 0x00, 0x00, 0x39, 0xff, 0xfc, 0x00, 0xcf, 0xf0, 0x07, 0xfc, 0x3f, 0xe0, 0x00, 0x00, 0x79, 0xff, 0xf8, 0x00, 0xcf, 0xf8, 0x07, 0xfc,
    0x3f, 0xe0, 0x00, 0x00, 0x79, 0xbf, 0xf8, 0x00, 0xcf, 0xfc, 0x07, 0xfc, 0x3f, 0xe0, 0x00, 0x00, 0x79, 0x9f, 0xf0, 0x00, 0xcf, 0xfc, 0x07, 0xfc,
    0x3f, 0xe0, 0x00, 0x00, 0x79, 0x8f, 0xe0, 0x00, 0xcf, 0xfe, 0x07, 0xfc, 0x3f, 0xe0, 0x00, 0x00, 0x79, 0x83, 0x80, 0x00, 0xcf, 0xff, 0x07, 0xfc,
    0x3f, 0xe0, 0x00, 0x00, 0x79, 0x80, 0x00, 0x00, 0xcf, 0xff, 0x8f, 0xfc, 0x3f, 0xe0, 0x00, 0x00, 0xf9, 0x80, 0x00, 0x01, 0xcf, 0xff, 0x8f, 0xfc,
    0x3f, 0xf0, 0x00, 0x00, 0xf8, 0xc0, 0x00, 0x01, 0x8f, 0xff, 0xdf, 0xfc, 0x3f, 0xf0, 0x00, 0x00, 0xfc, 0xe0, 0x00, 0x03, 0x9f, 0xff, 0xff, 0xfc,
    0x3f, 0xf0, 0x00, 0x00, 0xfc, 0x60, 0x00, 0x07, 0x1f, 0xff, 0xff, 0xfc, 0x3f, 0xf8, 0x00, 0x00, 0xfe, 0x70, 0x00, 0x0e, 0x3f, 0xff, 0xbf, 0xfc,
    0x3f, 0xf8, 0x00, 0x00, 0xfe, 0x38, 0x00, 0x1c, 0x7f, 0xfe, 0x3f, 0xfc, 0x3f, 0xfc, 0x00, 0x00, 0xff, 0x1e, 0x00, 0x38, 0x7f, 0xf8, 0x3f, 0xfc,
    0x3f, 0xfc, 0x00, 0x00, 0xff, 0x87, 0xc1, 0xf0, 0xff, 0xe0, 0x7f, 0xfc, 0x3f, 0xfe, 0x00, 0x00, 0xff, 0xc3, 0xff, 0xe1, 0xff, 0x80, 0x7f, 0xfc,
    0x3f, 0xff, 0x00, 0x00, 0xff, 0xe0, 0xff, 0x07, 0xfe, 0x00, 0xff, 0xfc, 0x3f, 0xff, 0x00, 0x00, 0xff, 0xf8, 0x00, 0x0f, 0xf8, 0x01, 0xff, 0xfc,
    0x3f, 0xc7, 0x80, 0x00, 0xff, 0xff, 0x00, 0x7f, 0xc0, 0x03, 0xe3, 0xf8, 0x3f, 0x03, 0xc0, 0x00, 0xff, 0xff, 0xff, 0xff, 0x00, 0x07, 0x81, 0xf8,
    0x3e, 0x01, 0xe0, 0x00, 0xff, 0xff, 0xff, 0xf8, 0x00, 0x0f, 0x00, 0xf8, 0x3e, 0x00, 0xf0, 0x01, 0xff, 0xff, 0xff, 0xc0, 0x00, 0x1f, 0x00, 0x78,
    0x1e, 0x00, 0xf8, 0x01, 0xff, 0xff, 0xfe, 0x00, 0x00, 0x3f, 0x00, 0x70, 0x1e, 0x00, 0xfe, 0x01, 0xff, 0xff, 0xe0, 0x00, 0x00, 0x7f, 0x00, 0x70,
    0x0e, 0x01, 0xff, 0x01, 0xff, 0xff, 0x00, 0x00, 0x01, 0xff, 0x00, 0xf0, 0x0f, 0x01, 0xff, 0xe1, 0xff, 0x80, 0x00, 0x00, 0x07, 0xff, 0x80, 0xf0,
    0x07, 0x83, 0xff, 0xfb, 0xff, 0x3f, 0xe0, 0x00, 0x3f, 0xff, 0xc1, 0xe0, 0x07, 0xff, 0xff, 0xff, 0xff, 0xff, 0xff, 0xff, 0xff, 0xff, 0xff, 0xc0,
    0x03, 0xff, 0xff, 0xff, 0xff, 0xff, 0xff, 0xff, 0xff, 0xff, 0xff, 0x80, 0x01, 0xff, 0xff, 0xff, 0xff, 0xff, 0xff, 0xff, 0xff, 0xff, 0xff, 0x00,
    0x00, 0x3f, 0xff, 0xff, 0xff, 0xff, 0xff, 0xff, 0xff, 0xff, 0xfc, 0x00, 0x00, 0x1f, 0xff, 0xff, 0xff, 0xff, 0xff, 0xff, 0xff, 0xff, 0xf0, 0x00,
  }},
  {{
    0x00, 0x0f, 0xff, 0xff, 0xff, 0xff, 0xff, 0xff, 0xff, 0xff, 0xe0, 0x00, 0x00, 0x3f, 0xff, 0xff, 0xff, 0xff, 0xff, 0xff, 0xff, 0xff, 0xfc, 0x00,
    0x00, 0xff, 0xff, 0xff, 0xff, 0xff, 0xff, 0xff, 0xff, 0xff, 0xff, 0x00, 0x03, 0xff, 0xff, 0xff, 0xff, 0xff, 0xff, 0xff, 0xff, 0xff, 0xff, 0x80,
    0x07, 0xff, 0xff, 0xff, 0xc1, 0xff, 0xff, 0x87, 0xff, 0xff, 0xff, 0xc0, 0x07, 0x83, 0xff, 0xf8, 0x00, 0x0f, 0xe0, 0x00, 0x3f, 0xff, 0xc1, 0xe0,
    0x0f, 0x01, 0xff, 0xe0, 0x00, 0x03, 0x00, 0x00, 0x07, 0xff, 0x80, 0xf0, 0x0e, 0x01, 0xff, 0x80, 0x00, 0x07, 0x00, 0x00, 0x01, 0xff, 0x00, 0xf0,
    0x1e, 0x00, 0xfe, 0x00, 0x00, 0x0f, 0x80, 0x00, 0x00, 0x7f, 0x00, 0x70, 0x1e, 0x00, 0xf8, 0x00, 0x00, 0x0f, 0xc0, 0x00, 0x00, 0x3f, 0x00, 0x70,
    0x3e, 0x00, 0xf0, 0x00, 0x00, 0x1f, 0xe0, 0x00, 0x00, 0x1f, 0x00, 0x78, 0x3e, 0x01, 0xe0, 0x00, 0x00, 0x3f, 0xf0, 0x00, 0x00, 0x0f, 0x00, 0xf8,
    0x3f, 0x03, 0xc0, 0x00, 0x00, 0x7f, 0xf8, 0x00, 0x00, 0x07, 0x81, 0xf8, 0x3f, 0x87, 0x80, 0x00, 0x00, 0x7f, 0xfc, 0x00, 0x00, 0x03, 0xc3, 0xf8,
    0x3f, 0xff, 0x00, 0x00, 0x00, 0xff, 0xfe, 0x00, 0x00, 0x01, 0xff, 0xfc, 0x3f, 0xff, 0x00, 0x00, 0x00, 0xff, 0xff, 0x00, 0x00, 0x00, 0xff, 0xfc,
    0x3f, 0xfe, 0x00, 0x00, 0x01, 0xff, 0xff, 0x80, 0x00, 0x00, 0x7f, 0xfc, 0x3f, 0xfc, 0x00, 0x00, 0x01, 0xff, 0xff, 0xc0, 0x00, 0x00, 0x7f, 0xfc,
    0x3f, 0xfc, 0x00, 0x00, 0x03, 0xff, 0xff, 0xe0, 0x00, 0x00, 0x3f, 0xfc, 0x3f, 0xf8, 0x00, 0x00, 0x07, 0xff, 0xff, 0xf0, 0x00, 0x00, 0x3f, 0xfc,
    0x3f, 0xf8, 0x00, 0x00, 0x07, 0xff, 0xff, 0xf0, 0x00, 0x00, 0x1f, 0xfc, 0x3f, 0xf0, 0x00, 0x00, 0x0f, 0xff, 0x0f, 0xf8, 0x00, 0x00, 0x1f, 0xfc,
    0x3f, 0xf0, 0x00, 0x00, 0x0f, 0xf0, 0x01, 0xfc, 0x00, 0x00, 0x1f, 0xfc, 0x3f, 0xf0, 0x00, 0x00, 0x1f, 0xc0, 0xf0, 0x7e, 0x00, 0x00, 0x0f, 0xfc,
    0x3f, 0xe0, 0x00, 0x00, 0x3f, 0x07, 0xfc, 0x1f, 0x00, 0x00, 0x0f, 0xfc, 0x3f, 0xe0, 0x00, 0x00, 0x3e, 0x3f, 0xff, 0x0f, 0x00, 0x00, 0x0f, 0xfc,
    0x3f, 0xe0, 0x00, 0x00, 0x3c, 0x7f, 0xff, 0xc7, 0x80, 0x00, 0x07, 0xfc, 0x3f, 0xe0, 0x00, 0x00, 0x78, 0xff, 0xf1, 0xe3, 0xc0, 0x00, 0x07, 0xfc,
    0x3f, 0xe0, 0x00, 0x00, 0x71, 0xff, 0xf0, 0x73, 0xc0, 0x00, 0x07, 0xfc, 0x3f, 0xe0, 0x00, 0x00, 0xf3, 0xff, 0xf8, 0x39, 0xe0, 0x00, 0x07, 0xfc,
    0x3f, 0xe0, 0x00, 0x00, 0xe3, 0x3f, 0xf8, 0x18, 0xf0, 0x00, 0x07, 0xfc, 0x3f, 0xe0, 0x00, 0x00, 0xe7, 0x3f, 0xfc, 0x0c, 0xf0, 0x00, 0x07, 0xfc,
    0x3f, 0xe0, 0x00, 0x01, 0xc6, 0x3f, 0xfc, 0x0c, 0x78, 0x00, 0x07, 0xfc, 0x3f, 0xe0, 0x00, 0x01, 0xce, 0x3f, 0xf8, 0x0c, 0x78, 0x00, 0x07, 0xfc,
    0x3f, 0xe0, 0x00, 0x03, 0xcc, 0x3f, 0xf8, 0x0e, 0x7c, 0x00, 0x07, 0xfc, 0x3f, 0xe0, 0x00, 0x03, 0xcc, 0x1f, 0xf0, 0x06, 0x3e, 0x00, 0x07, 0xfc,
    0x3f, 0xe0, 0x00, 0x07, 0x8c, 0x0f, 0xe0, 0x06, 0x3e, 0x00, 0x07, 0xfc, 0x3f, 0xe0, 0x00, 0x07, 0xcc, 0x03, 0x80, 0x06, 0x3f, 0x00, 0x07, 0xfc,
    0x3f, 0xe0, 0x00, 0x07, 0xcc, 0x00, 0x00, 0x06, 0x3f, 0x80, 0x0f, 0xfc, 0x3f, 0xe0, 0x00, 0x0f, 0xcc, 0x00, 0x00, 0x06, 0x3f, 0x80, 0x0f, 0xfc,
    0x3f, 0xf0, 0x00, 0x0f, 0xcc, 0x00, 0x00, 0x0e, 0x7f, 0xc0, 0x0f, 0xfc, 0x3f, 0xf0, 0x00, 0x0f, 0xce, 0x00, 0x00, 0x0c, 0x7f, 0xc0, 0x1f, 0xfc,
    0x3f, 0xf0, 0x00, 0x1f, 0xc6, 0x00, 0x00, 0x0c, 0xff, 0xe0, 0x1f, 0xfc, 0x3f, 0xf8, 0x00, 0x1f, 0xe7, 0x00, 0x00, 0x1c, 0xff, 0xe0, 0x1f, 0xfc,
    0x3f, 0xf8, 0x00, 0x1f, 0xe3, 0x00, 0x00, 0x18, 0xff, 0xf0, 0x3f, 0xfc, 0x3f, 0xfc, 0x00, 0x3f, 0xf1, 0x80, 0x00, 0x39, 0xff, 0xf0, 0x3f, 0xfc,
    0x3f, 0xfc, 0x00, 0x3f, 0xf9, 0xc0, 0x00, 0x73, 0xff, 0xf0, 0x7f, 0xfc, 0x3f, 0xfe, 0x00, 0x3f, 0xf8, 0xe0, 0x00, 0xe3, 0xff, 0xf8, 0x7f, 0xfc,
    0x3f, 0xff, 0x00, 0x3f, 0xfc, 0x7c, 0x07, 0xc7, 0xff, 0xfc, 0xff, 0xfc, 0x3f, 0xff, 0x00, 0x7f, 0xfe, 0x1f, 0xff, 0x0f, 0xff, 0xfd, 0xff, 0xfc,
    0x3f, 0xc7, 0x80, 0x7f, 0xff, 0x83, 0xf8, 0x3f, 0xff, 0xff, 0xe3, 0xf8, 0x3f, 0x03, 0xc0, 0x7f, 0xff, 0xc0, 0x00, 0x7f, 0xff, 0xcf, 0x81, 0xf8,
    0x3e, 0x01, 0xe0, 0x7f, 0xff, 0xf8, 0x03, 0xff, 0xfe, 0x0f, 0x00, 0xf8, 0x3e, 0x00, 0xf0, 0x7f, 0xff, 0xff, 0xff, 0xff, 0xe0, 0x1f, 0x00, 0x78,
    0x1e, 0x00, 0xf8, 0xff, 0xff, 0xff, 0xff, 0xff, 0x00, 0x3f, 0x00, 0x70, 0x1e, 0x00, 0xff, 0xff, 0xff, 0xff, 0xff, 0xc0, 0x00, 0x7f, 0x00, 0x70,
    0x0e, 0x01, 0xff, 0xff, 0xff, 0xff, 0xe0, 0x00, 0x01, 0xff, 0x00, 0xf0, 0x0f, 0x01, 0xff, 0xf0, 0x00, 0x03, 0x00, 0x00, 0x07, 0xff, 0x80, 0xf0,
    0x07, 0x83, 0xff, 0xf8, 0x00, 0x1f, 0xe0, 0x00, 0x3f, 0xff, 0xc1, 0xe0, 0x07, 0xff, 0xff, 0xff, 0xf7, 0xff, 0xff, 0xff, 0xff, 0xff, 0xff, 0xc0,
    0x03, 0xff, 0xff, 0xff, 0xff, 0xff, 0xff, 0xff, 0xff, 0xff, 0xff, 0x80, 0x01, 0xff, 0xff, 0xff, 0xff, 0xff, 0xff, 0xff, 0xff, 0xff, 0xff, 0x00,
    0x00, 0x3f, 0xff, 0xff, 0xff, 0xff, 0xff, 0xff, 0xff, 0xff, 0xfc, 0x00, 0x00, 0x1f, 0xff, 0xff, 0xff, 0xff, 0xff, 0xff, 0xff, 0xff, 0xf0, 0x00,
  }},
  {{
    0x00, 0x0f, 0xff, 0xff, 0xff, 0xff, 0xff, 0xff, 0xff, 0xff, 0xe0, 0x00, 0x00, 0x3f, 0xff, 0xff, 0xff, 0xff, 0xff, 0xff, 0xff, 0xff, 0xfc, 0x00,
    0x00, 0xff, 0xff, 0xff, 0xff, 0xff, 0xff, 0xff, 0xff, 0xff, 0xff, 0x00, 0x03, 0xff, 0xff, 0xff, 0xff, 0xff, 0xff, 0xff, 0xff, 0xff, 0xff, 0x80,
    0x07, 0xff, 0xff, 0xff, 0xc1, 0xff, 0xff, 0x87, 0xff, 0xff, 0xff, 0xc0, 0x07, 0x83, 0xff, 0xf8, 0x00, 0x07, 0xe0, 0x00, 0x3f, 0xff, 0xc1, 0xe0,
    0x0f, 0x01, 0xff, 0xe0, 0x00, 0x00, 0xc0, 0x00, 0x07, 0xff, 0x80, 0xf0, 0x0e, 0x01, 0xff, 0x80, 0x00, 0x01, 0xc0, 0x00, 0x01, 0xff, 0x00, 0xf0,
    0x1e, 0x00, 0xfe, 0x00, 0x00, 0x03, 0xe0, 0x00, 0x00, 0x7f, 0x00, 0x70, 0x1e, 0x00, 0xf8, 0x00, 0x00, 0x07, 0xf0, 0x00, 0x00, 0x3f, 0x00, 0x70,
    0x3e, 0x00, 0xf0, 0x00, 0x00, 0x0f, 0xf8, 0x00, 0x00, 0x1f, 0x00, 0x78, 0x3e, 0x01, 0xe0, 0x00, 0x00, 0x1f, 0xf8, 0x00, 0x00, 0x0f, 0x00, 0xf8,
    0x3f, 0x03, 0xc0, 0x00, 0x00, 0x3f, 0xfc, 0x00, 0x00, 0x07, 0x81, 0xf8, 0x3f, 0x87, 0x80, 0x00, 0x00, 0x7f, 0xfe, 0x00, 0x00, 0x03, 0xc3, 0xf8,
    0x3f, 0xff, 0x00, 0x00, 0x00, 0xff, 0xfe, 0x00, 0x00, 0x01, 0xff, 0xfc, 0x3f, 0xff, 0x00, 0x00, 0x01, 0xff, 0xff, 0x00, 0x00, 0x00, 0xff, 0xfc,
    0x3f, 0xfe, 0x00, 0x00, 0x01, 0xff, 0xff, 0x00, 0x00, 0x00, 0x7f, 0xfc, 0x3f, 0xfc, 0x00, 0x00, 0x03, 0xff, 0xff, 0x80, 0x00, 0x00, 0x7f, 0xfc,
    0x3f, 0xfc, 0x00, 0x00, 0x07, 0xff, 0xff, 0xc0, 0x00, 0x00, 0x3f, 0xfc, 0x3f, 0xf8, 0x00, 0x00, 0x0f, 0xff, 0xff, 0xc0, 0x00, 0x00, 0x3f, 0xfc,
    0x3f, 0xf8, 0x00, 0x00, 0x1f, 0xff, 0xff, 0xe0, 0x00, 0x00, 0x1f, 0xfc, 0x3f, 0xf0, 0x00, 0x00, 0x3f, 0xf0, 0xff, 0xe0, 0x00, 0x00, 0x1f, 0xfc,
    0x3f, 0xf0, 0x00, 0x00, 0x3f, 0x80, 0x1f, 0xf0, 0x00, 0x00, 0x1f, 0xfc, 0x3f, 0xf0, 0x00, 0x00, 0x7c, 0x0f, 0x03, 0xf0, 0x00, 0x00, 0x0f, 0xfc,
    0x3f, 0xe0, 0x00, 0x00, 0xf8, 0x7f, 0xc1, 0xf8, 0x00, 0x00, 0x0f, 0xfc, 0x3f, 0xe0, 0x00, 0x01, 0xe1, 0xff, 0xf8, 0x78, 0x00, 0x00, 0x0f, 0xfc,
    0x3f, 0xe0, 0x00, 0x01, 0xe3, 0xef, 0xfc, 0x7c, 0x00, 0x00, 0x07, 0xfc, 0x3f, 0xe0, 0x00, 0x03, 0xc7, 0x0f, 0xfe, 0x1c, 0x00, 0x00, 0x07, 0xfc,
    0x3f, 0xe0, 0x00, 0x07, 0x8e, 0x1f, 0xff, 0x1e, 0x00, 0x00, 0x07, 0xfc, 0x3f, 0xe0, 0x00, 0x0f, 0x1c, 0x3f, 0xff, 0x8e, 0x00, 0x00, 0x07, 0xfc,
    0x3f, 0xe0, 0x00, 0x0f, 0x38, 0x3f, 0xf9, 0xcf, 0x00, 0x00, 0x07, 0xfc, 0x3f, 0xe0, 0x00, 0x1f, 0x30, 0x3f, 0xf8, 0xe7, 0x00, 0x00, 0x07, 0xfc,
    0x3f, 0xe0, 0x00, 0x3e, 0x70, 0x3f, 0xfc, 0xe7, 0x00, 0x00, 0x07, 0xfc, 0x3f, 0xe0, 0x00, 0x3e, 0x60, 0x3f, 0xf8, 0x67, 0x80, 0x00, 0x07, 0xfc,
    0x3f, 0xe0, 0x00, 0x7c, 0x60, 0x3f, 0xf8, 0x63, 0x80, 0x00, 0x07, 0xfc, 0x3f, 0xe0, 0x00, 0x7c, 0xc0, 0x1f, 0xf0, 0x73, 0xc0, 0x00, 0x07, 0xfc,
    0x3f, 0xe0, 0x00, 0xfc, 0xc0, 0x0f, 0xe0, 0x73, 0xc0, 0x00, 0x07, 0xfc, 0x3f, 0xe0, 0x01, 0xfc, 0xc0, 0x03, 0x80, 0x73, 0xe0, 0x00, 0x07, 0xfc,
    0x3f, 0xe0, 0x01, 0xfc, 0xc0, 0x00, 0x00, 0x73, 0xe0, 0x00, 0x0f, 0xfc, 0x3f, 0xe0, 0x03, 0xfc, 0xc0, 0x00, 0x00, 0x73, 0xe0, 0x00, 0x0f, 0xfc,
    0x3f, 0xf0, 0x03, 0xfc, 0x60, 0x00, 0x00, 0x63, 0xe0, 0x00, 0x0f, 0xfc, 0x3f, 0xf0, 0x07, 0xfe, 0x60, 0x00, 0x00, 0x67, 0xf0, 0x00, 0x1f, 0xfc,
    0x3f, 0xf0, 0x07, 0xfe, 0x70, 0x00, 0x00, 0xe7, 0xf0, 0x00, 0x1f, 0xfc, 0x3f, 0xf8, 0x0f, 0xff, 0x30, 0x00, 0x00, 0xe7, 0xf0, 0x00, 0x1f, 0xfc,
    0x3f, 0xf8, 0x0f, 0xff, 0x38, 0x00, 0x01, 0xcf, 0xf8, 0x00, 0x3f, 0xfc, 0x3f, 0xfc, 0x1f, 0xff, 0x1c, 0x00, 0x03, 0x8f, 0xf8, 0x00, 0x3f, 0xfc,
    0x3f, 0xfc, 0x1f, 0xff, 0x8e, 0x00, 0x07, 0x1f, 0xf8, 0x00, 0x7f, 0xfc, 0x3f, 0xfe, 0x3f, 0xff, 0xcf, 0x00, 0x0e, 0x3f, 0xf8, 0x00, 0x7f, 0xfc,
    0x3f, 0xff, 0x3f, 0xff, 0xc3, 0xc0, 0x3c, 0x7f, 0xfc, 0x00, 0xff, 0xfc, 0x3f, 0xff, 0xbf, 0xff, 0xe1, 0xff, 0xf8, 0xff, 0xfc, 0x01, 0xff, 0xfc,
    0x3f, 0xc7, 0xff, 0xff, 0xf8, 0x3f, 0xc1, 0xff, 0xfc, 0x03, 0xe3, 0xf8, 0x3f, 0x03, 0xe7, 0xff, 0xfe, 0x00, 0x07, 0xff, 0xfe, 0x07, 0x81, 0xf8,
    0x3e, 0x01, 0xe0, 0xff, 0xff, 0x80, 0x1f, 0xff, 0xfe, 0x0f, 0x00, 0xf8, 0x3e, 0x00, 0xf0, 0x0f, 0xff, 0xff, 0xff, 0xff, 0xfe, 0x1f, 0x00, 0x78,
    0x1e, 0x00, 0xf8, 0x01, 0xff, 0xff, 0xff, 0xff, 0xfe, 0x3f, 0x00, 0x70, 0x1e, 0x00, 0xfe, 0x00, 0x07, 0xff, 0xff, 0xff, 0xff, 0xff, 0x00, 0x70,
    0x0e, 0x01, 0xff, 0x00, 0x00, 0x0f, 0xff, 0xff, 0xff, 0xff, 0x00, 0xf0, 0x0f, 0x01, 0xff, 0xe0, 0x00, 0x01, 0xc0, 0x00, 0x0f, 0xff, 0x80, 0xf0,
    0x07, 0x83, 0xff, 0xf8, 0x00, 0x07, 0xf0, 0x00, 0x3f, 0xff, 0xc1, 0xe0, 0x07, 0xff, 0xff, 0xff, 0xf7, 0xff, 0xff, 0xff, 0xff, 0xff, 0xff, 0xc0,
    0x03, 0xff, 0xff, 0xff, 0xff, 0xff, 0xff, 0xff, 0xff, 0xff, 0xff, 0x80, 0x01, 0xff, 0xff, 0xff, 0xff, 0xff, 0xff, 0xff, 0xff, 0xff, 0xff, 0x00,
    0x00, 0x3f, 0xff, 0xff, 0xff, 0xff, 0xff, 0xff, 0xff, 0xff, 0xfc, 0x00, 0x00, 0x1f, 0xff, 0xff, 0xff, 0xff, 0xff, 0xff, 0xff, 0xff, 0xf0, 0x00,
  }},
  {{
    0x00, 0x0f, 0xff, 0xff, 0xff, 0xff, 0xff, 0xff, 0xff, 0xff, 0xe0, 0x00, 0x00, 0x3f, 0xff, 0xff, 0xff, 0xff, 0xff, 0xff, 0xff, 0xff, 0xfc, 0x00,
    0x00, 0xff, 0xff, 0xff, 0xff, 0xff, 0xff, 0xff, 0xff, 0xff, 0xff, 0x00, 0x03, 0xff, 0xff, 0xff, 0xff, 0xff, 0xff, 0xff, 0xff, 0xff, 0xff, 0x80,
    0x07, 0xff, 0xff, 0xff, 0xc1, 0xff, 0xff, 0x07, 0xff, 0xff, 0xff, 0xc0, 0x07, 0x83, 0xff, 0xf8, 0x00, 0x07, 0xfc, 0x00, 0x3f, 0xff, 0xc1, 0xe0,
    0x0f, 0x01, 0xff, 0xe0, 0x00, 0x00, 0x38, 0x00, 0x07, 0xff, 0x80, 0xf0, 0x0e, 0x01, 0xff, 0x80, 0x00, 0x00, 0x7c, 0x00, 0x01, 0xff, 0x00, 0xf0,
    0x1e, 0x00, 0xfe, 0x00, 0x00, 0x01, 0xfc, 0x00, 0x00, 0x7f, 0x00, 0x70, 0x1e, 0x00, 0xf8, 0x00, 0x00, 0x03, 0xfe, 0x00, 0x00, 0x3f, 0x00, 0x70,
    0x3e, 0x00, 0xf0, 0x00, 0x00, 0x0f, 0xfe, 0x00, 0x00, 0x1f, 0x00, 0x78, 0x3e, 0x01, 0xe0, 0x00, 0x00, 0x1f, 0xfe, 0x00, 0x00, 0x0f, 0x00, 0xf8,
    0x3f, 0x03, 0xc0, 0x00, 0x00, 0x7f, 0xff, 0x00, 0x00, 0x07, 0x81, 0xf8, 0x3f, 0x87, 0x80, 0x00, 0x00, 0xff, 0xff, 0x00, 0x00, 0x03, 0xc3, 0xf8,
    0x3f, 0xff, 0x00, 0x00, 0x01, 0xff, 0xff, 0x80, 0x00, 0x01, 0xff, 0xfc, 0x3f, 0xff, 0x00, 0x00, 0x07, 0xff, 0xff, 0x80, 0x00, 0x00, 0xff, 0xfc,
    0x3f, 0xfe, 0x00, 0x00, 0x0f, 0xff, 0xff, 0x80, 0x00, 0x00, 0x7f, 0xfc, 0x3f, 0xfc, 0x00, 0x00, 0x1f, 0xff, 0xff, 0xc0, 0x00, 0x00, 0x7f, 0xfc,
    0x3f, 0xfc, 0x00, 0x00, 0x3f, 0xff, 0xff, 0xc0, 0x00, 0x00, 0x3f, 0xfc, 0x3f, 0xf8, 0x00, 0x00, 0xff, 0xff, 0xff, 0xe0, 0x00, 0x00, 0x3f, 0xfc,
    0x3f, 0xf8, 0x00, 0x01, 0xfc, 0x00, 0xff, 0xe0, 0x00, 0x00, 0x1f, 0xfc, 0x3f, 0xf0, 0x00, 0x03, 0xe0, 0x00, 0x1f, 0xe0, 0x00, 0x00, 0x1f, 0xfc,
    0x3f, 0xf0, 0x00, 0x07, 0xc1, 0xff, 0x0f, 0xf0, 0x00, 0x00, 0x1f, 0xfc, 0x3f, 0xf0, 0x00, 0x0f, 0x8f, 0xcf, 0xc3, 0xf0, 0x00, 0x00, 0x0f, 0xfc,
    0x3f, 0xe0, 0x00, 0x1f, 0x1e, 0x01, 0xf1, 0xf0, 0x00, 0x00, 0x0f, 0xfc, 0x3f, 0xe0, 0x00, 0x3e, 0x38, 0x00, 0x79, 0xf0, 0x00, 0x00, 0x0f, 0xfc,
    0x3f, 0xe0, 0x00, 0x7c, 0x70, 0x01, 0xf8, 0xf0, 0x00, 0x00, 0x07, 0xfc, 0x3f, 0xe0, 0x00, 0xf8, 0xe0, 0x0f, 0xfc, 0x78, 0x00, 0x00, 0x07, 0xfc,
    0x3f, 0xe0, 0x01, 0xf9, 0xc0, 0x1f, 0xfe, 0x78, 0x00, 0x00, 0x07, 0xfc, 0x3f, 0xe0, 0x03, 0xf1, 0x80, 0x3f, 0xfe, 0x38, 0x00, 0x00, 0x07, 0xfc,
    0x3f, 0xe0, 0x07, 0xf1, 0x80, 0x3f, 0xff, 0x38, 0x00, 0x00, 0x07, 0xfc, 0x3f, 0xe0, 0x0f, 0xf3, 0x00, 0x3f, 0xff, 0x1c, 0x00, 0x00, 0x07, 0xfc,
    0x3f, 0xe0, 0x0f, 0xe3, 0x00, 0x3f, 0xff, 0x1c, 0x00, 0x00, 0x07, 0xfc, 0x3f, 0xe0, 0x1f, 0xe3, 0x00, 0x3f, 0xff, 0x9c, 0x00, 0x00, 0x07, 0xfc,
    0x3f, 0xe0, 0x3f, 0xe3, 0x00, 0x3f, 0xfb, 0x9c, 0x00, 0x00, 0x07, 0xfc, 0x3f, 0xe0, 0x7f, 0xe3, 0x00, 0x1f, 0xf1, 0x9c, 0x00, 0x00, 0x07, 0xfc,
    0x3f, 0xe0, 0xff, 0xe3, 0x00, 0x0f, 0xe1, 0x9c, 0x00, 0x00, 0x07, 0xfc, 0x3f, 0xe1, 0xff, 0xe3, 0x00, 0x03, 0x83, 0x9e, 0x00, 0x00, 0x07, 0xfc,
    0x3f, 0xe1, 0xff, 0xe3, 0x00, 0x00, 0x03, 0x1e, 0x00, 0x00, 0x0f, 0xfc, 0x3f, 0xe3, 0xff, 0xf3, 0x00, 0x00, 0x03, 0x1e, 0x00, 0x00, 0x0f, 0xfc,
    0x3f, 0xff, 0xff, 0xf1, 0x80, 0x00, 0x07, 0x3e, 0x00, 0x00, 0x0f, 0xfc, 0x3f, 0xff, 0xff, 0xf1, 0x80, 0x00, 0x06, 0x3e, 0x00, 0x00, 0x1f, 0xfc,
    0x3f, 0xff, 0xff, 0xf8, 0xc0, 0x00, 0x0e, 0x7f, 0x00, 0x00, 0x1f, 0xfc, 0x3f, 0xf9, 0xff, 0xfc, 0xe0, 0x00, 0x1c, 0x7f, 0x00, 0x00, 0x1f, 0xfc,
    0x3f, 0xf8, 0x7f, 0xfc, 0x70, 0x00, 0x38, 0xff, 0x00, 0x00, 0x3f, 0xfc, 0x3f, 0xfc, 0x1f, 0xfe, 0x3c, 0x00, 0x71, 0xff, 0x00, 0x00, 0x3f, 0xfc,
    0x3f, 0xfc, 0x07, 0xff, 0x1f, 0x83, 0xe3, 0xff, 0x00, 0x00, 0x7f, 0xfc, 0x3f, 0xfe, 0x03, 0xff, 0x8f, 0xff, 0xc3, 0xff, 0x00, 0x00, 0x7f, 0xfc,
    0x3f, 0xff, 0x00, 0x7f, 0xc1, 0xfe, 0x0f, 0xff, 0x00, 0x00, 0xff, 0xfc, 0x3f, 0xff, 0x00, 0x1f, 0xf0, 0x00, 0x1f, 0xff, 0x00, 0x01, 0xff, 0xfc,
    0x3f, 0xc7, 0x80, 0x07, 0xfc, 0x00, 0xff, 0xff, 0x00, 0x03, 0xe3, 0xf8, 0x3f, 0x03, 0xc0, 0x00, 0xff, 0xff, 0xff, 0xff, 0x00, 0x07, 0x81, 0xf8,
    0x3e, 0x01, 0xe0, 0x00, 0x1f, 0xff, 0xff, 0xff, 0x00, 0x0f, 0x00, 0xf8, 0x3e, 0x00, 0xf0, 0x00, 0x03, 0xff, 0xff, 0xff, 0x00, 0x1f, 0x00, 0x78,
    0x1e, 0x00, 0xf8, 0x00, 0x00, 0xff, 0xff, 0xff, 0x00, 0x3f, 0x00, 0x70, 0x1e, 0x00, 0xfe, 0x00, 0x00, 0x0f, 0xff, 0xff, 0x00, 0x7f, 0x00, 0x70,
    0x0e, 0x01, 0xff, 0x00, 0x00, 0x01, 0xff, 0xff, 0x01, 0xff, 0x00, 0xf0, 0x0f, 0x01, 0xff, 0xe0, 0x00, 0x00, 0x01, 0xff, 0x07, 0xff, 0x80, 0xf0,
    0x07, 0x83, 0xff, 0xf8, 0x00, 0x07, 0xf8, 0xff, 0xbf, 0xff, 0xc1, 0xe0, 0x07, 0xff, 0xff, 0xff, 0xf7, 0xff, 0xff, 0xff, 0xff, 0xff, 0xff, 0xc0,
    0x03, 0xff, 0xff, 0xff, 0xff, 0xff, 0xff, 0xff, 0xff, 0xff, 0xff, 0x80, 0x01, 0xff, 0xff, 0xff, 0xff, 0xff, 0xff, 0xff, 0xff, 0xff, 0xff, 0x00,
    0x00, 0x3f, 0xff, 0xff, 0xff, 0xff, 0xff, 0xff, 0xff, 0xff, 0xfc, 0x00, 0x00, 0x1f, 0xff, 0xff, 0xff, 0xff, 0xff, 0xff, 0xff, 0xff, 0xf0, 0x00,
  }},
  {{
    0x00, 0x0f, 0xff, 0xff, 0xff, 0xff, 0xff, 0xff, 0xff, 0xff, 0xe0, 0x00, 0x00, 0x3f, 0xff, 0xff, 0xff, 0xff, 0xff, 0xff, 0xff, 0xff, 0xfc, 0x00,
    0x00, 0xff, 0xff, 0xff, 0xff, 0xff, 0xff, 0xff, 0xff, 0xff, 0xff, 0x00, 0x03, 0xff, 0xff, 0xff, 0xff, 0xff, 0xff, 0xff, 0xff, 0xff, 0xff, 0x80,
    0x07, 0xff, 0xff, 0xff, 0xc1, 0xff, 0xff, 0xe7, 0xff, 0xff, 0xff, 0xc0, 0x07, 0x83, 0xff, 0xf8, 0x00, 0x07, 0xcf, 0xe0, 0x3f, 0xff, 0xc1, 0xe0,
    0x0f, 0x01, 0xff, 0xe0, 0x00, 0x00, 0x07, 0xc0, 0x07, 0xff, 0x80, 0xf0, 0x0e, 0x01, 0xff, 0x80, 0x00, 0x00, 0x7f, 0xe0, 0x01, 0xff, 0x00, 0xf0,
    0x1e, 0x00, 0xfe, 0x00, 0x00, 0x01, 0xff, 0xe0, 0x00, 0x7f, 0x00, 0x70, 0x1e, 0x00, 0xf8, 0x00, 0x00, 0x0f, 0xff, 0xe0, 0x00, 0x3f, 0x00, 0x70,
    0x3e, 0x00, 0xf0, 0x00, 0x00, 0x3f, 0xff, 0xe0, 0x00, 0x1f, 0x00, 0x78, 0x3e, 0x01, 0xe0, 0x00, 0x00, 0xff, 0xff, 0xe0, 0x00, 0x0f, 0x00, 0xf8,
    0x3f, 0x03, 0xc0, 0x00, 0x03, 0xff, 0xff, 0xf0, 0x00, 0x07, 0x81, 0xf8, 0x3f, 0x87, 0x80, 0x00, 0x0f, 0xff, 0xff, 0xf0, 0x00, 0x03, 0xc3, 0xf8,
    0x3f, 0xff, 0x00, 0x00, 0x3f, 0xff, 0xff, 0xf0, 0x00, 0x01, 0xff, 0xfc, 0x3f, 0xff, 0x00, 0x00, 0x7f, 0xff, 0xff, 0xf0, 0x00, 0x00, 0xff, 0xfc,
    0x3f, 0xfe, 0x00, 0x01, 0xfc, 0x03, 0xff, 0xf0, 0x00, 0x00, 0x7f, 0xfc, 0x3f, 0xfc, 0x00, 0x07, 0xe0, 0x00, 0x7f, 0xf0, 0x00, 0x00, 0x7f, 0xfc,
    0x3f, 0xfc, 0x00, 0x0f, 0xc1, 0xf8, 0x1f, 0xf0, 0x00, 0x00, 0x3f, 0xfc, 0x3f, 0xf8, 0x00, 0x3f, 0x07, 0xfe, 0x0f, 0xf0, 0x00, 0x00, 0x3f, 0xfc,
    0x3f, 0xf8, 0x00, 0x7e, 0x1f, 0x9f, 0x87, 0xf0, 0x00, 0x00, 0x1f, 0xfc, 0x3f, 0xf0, 0x01, 0xfc, 0x7c, 0x01, 0xe3, 0xf8, 0x00, 0x00, 0x1f, 0xfc,
    0x3f, 0xf0, 0x03, 0xf8, 0xe0, 0x00, 0x71, 0xf8, 0x00, 0x00, 0x1f, 0xfc, 0x3f, 0xf0, 0x0f, 0xf1, 0xc0, 0x00, 0x39, 0xf8, 0x00, 0x00, 0x0f, 0xfc,
    0x3f, 0xe0, 0x1f, 0xf1, 0x80, 0x00, 0x18, 0xf8, 0x00, 0x00, 0x0f, 0xfc, 0x3f, 0xe0, 0x3f, 0xe3, 0x80, 0x00, 0x0c, 0x78, 0x00, 0x00, 0x0f, 0xfc,
    0x3f, 0xe0, 0x7f, 0xe3, 0x00, 0x03, 0x8e, 0x78, 0x00, 0x00, 0x07, 0xfc, 0x3f, 0xe0, 0xff, 0xe7, 0x00, 0x0f, 0xfe, 0x78, 0x00, 0x00, 0x07, 0xfc,
    0x3f, 0xe3, 0xff, 0xc6, 0x00, 0x1f, 0xfe, 0x78, 0x00, 0x00, 0x07, 0xfc, 0x3f, 0xe7, 0xff, 0xce, 0x00, 0x3f, 0xfe, 0x38, 0x00, 0x00, 0x07, 0xfc,
    0x3f, 0xef, 0xff, 0xce, 0x00, 0x3f, 0xfe, 0x38, 0x00, 0x00, 0x07, 0xfc, 0x3f, 0xff, 0xff, 0xce, 0x00, 0x3f, 0xfe, 0x38, 0x00, 0x00, 0x07, 0xfc,
    0x3f, 0xff, 0xff, 0xce, 0x00, 0x3f, 0xfe, 0x38, 0x00, 0x00, 0x07, 0xfc, 0x3f, 0xef, 0xff, 0xce, 0x00, 0x3f, 0xfe, 0x38, 0x00, 0x00, 0x07, 0xfc,
    0x3f, 0xe7, 0xff, 0xce, 0x00, 0x3f, 0xfe, 0x38, 0x00, 0x00, 0x07, 0xfc, 0x3f, 0xe3, 0xff, 0xc6, 0x00, 0x1f, 0xfe, 0x78, 0x00, 0x00, 0x07, 0xfc,
    0x3f, 0xe0, 0xff, 0xe7, 0x00, 0x0f, 0xfe, 0x78, 0x00, 0x00, 0x07, 0xfc, 0x3f, 0xe0, 0x7f, 0xe3, 0x00, 0x03, 0x8e, 0x78, 0x00, 0x00, 0x07, 0xfc,
    0x3f, 0xe0, 0x3f, 0xe3, 0x80, 0x00, 0x0c, 0x78, 0x00, 0x00, 0x0f, 0xfc, 0x3f, 0xe0, 0x1f, 0xf1, 0x80, 0x00, 0x18, 0xf8, 0x00, 0x00, 0x0f, 0xfc,
    0x3f, 0xf0, 0x0f, 0xf1, 0xc0, 0x00, 0x39, 0xf8, 0x00, 0x00, 0x0f, 0xfc, 0x3f, 0xf0, 0x03, 0xf8, 0xe0, 0x00, 0x71, 0xf8, 0x00, 0x00, 0x1f, 0xfc,
    0x3f, 0xf0, 0x01, 0xfc, 0x78, 0x01, 0xe3, 0xf8, 0x00, 0x00, 0x1f, 0xfc, 0x3f, 0xf8, 0x00, 0x7e, 0x1f, 0x8f, 0x87, 0xf0, 0x00, 0x00, 0x1f, 0xfc,
    0x3f, 0xf8, 0x00, 0x3f, 0x07, 0xfe, 0x0f, 0xf0, 0x00, 0x00, 0x3f, 0xfc, 0x3f, 0xfc, 0x00, 0x0f, 0xc0, 0xf0, 0x3f, 0xf0, 0x00, 0x00, 0x3f, 0xfc,
    0x3f, 0xfc, 0x00, 0x03, 0xf0, 0x00, 0xff, 0xf0, 0x00, 0x00, 0x7f, 0xfc, 0x3f, 0xfe, 0x00, 0x01, 0xfc, 0x03, 0xff, 0xf0, 0x00, 0x00, 0x7f, 0xfc,
    0x3f, 0xff, 0x00, 0x00, 0xff, 0xff, 0xff, 0xf0, 0x00, 0x00, 0xff, 0xfc, 0x3f, 0xff, 0x00, 0x00, 0x3f, 0xff, 0xff, 0xf0, 0x00, 0x01, 0xff, 0xfc,
    0x3f, 0xc7, 0x80, 0x00, 0x0f, 0xff, 0xff, 0xf0, 0x00, 0x03, 0xe3, 0xf8, 0x3f, 0x03, 0xc0, 0x00, 0x03, 0xff, 0xff, 0xf0, 0x00, 0x07, 0x81, 0xf8,
    0x3e, 0x01, 0xe0, 0x00, 0x00, 0xff, 0xff, 0xe0, 0x00, 0x0f, 0x00, 0xf8, 0x3e, 0x00, 0xf0, 0x00, 0x00, 0x3f, 0xff, 0xe0, 0x00, 0x1f, 0x00, 0x78,
    0x1e, 0x00, 0xf8, 0x00, 0x00, 0x0f, 0xff, 0xe0, 0x00, 0x3f, 0x00, 0x70, 0x1e, 0x00, 0xfe, 0x00, 0x00, 0x01, 0xff, 0xe0, 0x00, 0x7f, 0x00, 0x70,
    0x0e, 0x01, 0xff, 0x00, 0x00, 0x00, 0xff, 0xe0, 0x01, 0xff, 0x00, 0xf0, 0x0f, 0x01, 0xff, 0xe0, 0x00, 0x00, 0x1f, 0xc0, 0x07, 0xff, 0x80, 0xf0,
    0x07, 0x83, 0xff, 0xf8, 0x00, 0x0f, 0xff, 0xe0, 0x3f, 0xff, 0xc1, 0xe0, 0x07, 0xff, 0xff, 0xff, 0xf7, 0xff, 0xff, 0xff, 0xff, 0xff, 0xff, 0xc0,
    0x03, 0xff, 0xff, 0xff, 0xff, 0xff, 0xff, 0xff, 0xff, 0xff, 0xff, 0x80, 0x01, 0xff, 0xff, 0xff, 0xff, 0xff, 0xff, 0xff, 0xff, 0xff, 0xff, 0x00,
    0x00, 0x3f, 0xff, 0xff, 0xff, 0xff, 0xff, 0xff, 0xff, 0xff, 0xfc, 0x00, 0x00, 0x1f, 0xff, 0xff, 0xff, 0xff, 0xff, 0xff, 0xff, 0xff, 0xf0, 0x00,
  }},
  {{
    0x00, 0x0f, 0xff, 0xff, 0xff, 0xff, 0xff, 0xff, 0xff, 0xff, 0xe0, 0x00, 0x00, 0x3f, 0xff, 0xff, 0xff, 0xff, 0xff, 0xff, 0xff, 0xff, 0xfc, 0x00,
    0x00, 0xff, 0xff, 0xff, 0xff, 0xff, 0xff, 0xff, 0xff, 0xff, 0xff, 0x00, 0x03, 0xff, 0xff, 0xff, 0xff, 0xff, 0xff, 0xff, 0xff, 0xff, 0xff, 0x80,
    0x07, 0xff, 0xff, 0xff, 0xc1, 0xff, 0xff, 0x87, 0xff, 0xff, 0xff, 0xc0, 0x07, 0x83, 0xff, 0xf8, 0x00, 0x07, 0xc0, 0x7f, 0xbf, 0xff, 0xc1, 0xe0,
    0x0f, 0x01, 0xff, 0xe0, 0x00, 0x00, 0x01, 0xff, 0x07, 0xff, 0x80, 0xf0, 0x0e, 0x01, 0xff, 0x80, 0x00, 0x00, 0xff, 0xff, 0x01, 0xff, 0x00, 0xf0,
    0x1e, 0x00, 0xfe, 0x00, 0x00, 0x0f, 0xff, 0xff, 0x00, 0x7f, 0x00, 0x70, 0x1e, 0x00, 0xf8, 0x00, 0x00, 0xff, 0xff, 0xff, 0x00, 0x3f, 0x00, 0x70,
    0x3e, 0x00, 0xf0, 0x00, 0x07, 0xff, 0xff, 0xff, 0x00, 0x1f, 0x00, 0x78, 0x3e, 0x01, 0xe0, 0x00, 0x3f, 0xff, 0xff, 0xff, 0x00, 0x0f, 0x00, 0xf8,
    0x3f, 0x03, 0xc0, 0x00, 0xff, 0xff, 0xff, 0xff, 0x00, 0x07, 0x81, 0xf8, 0x3f, 0x87, 0x80, 0x03, 0xfe, 0x01, 0xff, 0xff, 0x00, 0x03, 0xc3, 0xf8,
    0x3f, 0xff, 0x00, 0x1f, 0xf0, 0x00, 0x1f, 0xff, 0x00, 0x01, 0xff, 0xfc, 0x3f, 0xff, 0x00, 0x7f, 0xc0, 0xfe, 0x0f, 0xff, 0x00, 0x00, 0xff, 0xfc,
    0x3f, 0xfe, 0x03, 0xff, 0x8f, 0xff, 0xc7, 0xff, 0x00, 0x00, 0x7f, 0xfc, 0x3f, 0xfc, 0x0f, 0xff, 0x1f, 0x03, 0xe1, 0xff, 0x00, 0x00, 0x7f, 0xfc,
    0x3f, 0xfc, 0x3f, 0xfe, 0x38, 0x00, 0x71, 0xff, 0x00, 0x00, 0x3f, 0xfc, 0x3f, 0xf8, 0x7f, 0xfc, 0x70, 0x00, 0x38, 0xff, 0x00, 0x00, 0x3f, 0xfc,
    0x3f, 0xf9, 0xff, 0xfc, 0xe0, 0x00, 0x1c, 0x7f, 0x00, 0x00, 0x1f, 0xfc, 0x3f, 0xff, 0xff, 0xf8, 0xc0, 0x00, 0x0e, 0x7f, 0x00, 0x00, 0x1f, 0xfc,
    0x3f, 0xff, 0xff, 0xf1, 0x80, 0x00, 0x06, 0x3e, 0x00, 0x00, 0x1f, 0xfc, 0x3f, 0xff, 0xff, 0xf1, 0x80, 0x00, 0x07, 0x3e, 0x00, 0x00, 0x0f, 0xfc,
    0x3f, 0xe3, 0xff, 0xf3, 0x00, 0x00, 0x03, 0x1e, 0x00, 0x00, 0x0f, 0xfc, 0x3f, 0xe1, 0xff, 0xe3, 0x00, 0x00, 0x03, 0x1e, 0x00, 0x00, 0x0f, 0xfc,
    0x3f, 0xe1, 0xff, 0xe3, 0x00, 0x03, 0x83, 0x9e, 0x00, 0x00, 0x07, 0xfc, 0x3f, 0xe0, 0xff, 0xe3, 0x00, 0x0f, 0xe1, 0x9c, 0x00, 0x00, 0x07, 0xfc,
    0x3f, 0xe0, 0x7f, 0xe3, 0x00, 0x1f, 0xf1, 0x9c, 0x00, 0x00, 0x07, 0xfc, 0x3f, 0xe0, 0x3f, 0xe3, 0x00, 0x3f, 0xfb, 0x9c, 0x00, 0x00, 0x07, 0xfc,
    0x3f, 0xe0, 0x1f, 0xe3, 0x00, 0x3f, 0xff, 0x9c, 0x00, 0x00, 0x07, 0xfc, 0x3f, 0xe0, 0x0f, 0xe3, 0x00, 0x3f, 0xff, 0x1c, 0x00, 0x00, 0x07, 0xfc,
    0x3f, 0xe0, 0x0f, 0xf3, 0x00, 0x3f, 0xff, 0x1c, 0x00, 0x00, 0x07, 0xfc, 0x3f, 0xe0, 0x07, 0xf3, 0x80, 0x3f, 0xff, 0x38, 0x00, 0x00, 0x07, 0xfc,
    0x3f, 0xe0, 0x03, 0xf1, 0x80, 0x3f, 0xfe, 0x38, 0x00, 0x00, 0x07, 0xfc, 0x3f, 0xe0, 0x01, 0xf8, 0xc0, 0x1f, 0xfe, 0x78, 0x00, 0x00, 0x07, 0xfc,
    0x3f, 0xe0, 0x00, 0xf8, 0xe0, 0x0f, 0xfc, 0x78, 0x00, 0x00, 0x07, 0xfc, 0x3f, 0xe0, 0x00, 0x7c, 0x70, 0x00, 0xf8, 0xf0, 0x00, 0x00, 0x07, 0xfc,
    0x3f, 0xe0, 0x00, 0x3e, 0x38, 0x00, 0xf9, 0xf0, 0x00, 0x00, 0x0f, 0xfc, 0x3f, 0xe0, 0x00, 0x1f, 0x1f, 0x01, 0xe1, 0xf0, 0x00, 0x00, 0x0f, 0xfc,
    0x3f, 0xf0, 0x00, 0x0f, 0x0f, 0xff, 0xc3, 0xf0, 0x00, 0x00, 0x0f, 0xfc, 0x3f, 0xf0, 0x00, 0x07, 0xc3, 0xff, 0x07, 0xf0, 0x00, 0x00, 0x1f, 0xfc,
    0x3f, 0xf0, 0x00, 0x03, 0xe0, 0x78, 0x1f, 0xe0, 0x00, 0x00, 0x1f, 0xfc, 0x3f, 0xf8, 0x00, 0x01, 0xfc, 0x00, 0x7f, 0xe0, 0x00, 0x00, 0x1f, 0xfc,
    0x3f, 0xf8, 0x00, 0x00, 0xff, 0xc7, 0xff, 0xe0, 0x00, 0x00, 0x3f, 0xfc, 0x3f, 0xfc, 0x00, 0x00, 0x3f, 0xff, 0xff, 0xc0, 0x00, 0x00, 0x3f, 0xfc,
    0x3f, 0xfc, 0x00, 0x00, 0x1f, 0xff, 0xff, 0xc0, 0x00, 0x00, 0x7f, 0xfc, 0x3f, 0xfe, 0x00, 0x00, 0x0f, 0xff, 0xff, 0x80, 0x00, 0x00, 0x7f, 0xfc,
    0x3f, 0xff, 0x00, 0x00, 0x07, 0xff, 0xff, 0x80, 0x00, 0x00, 0xff, 0xfc, 0x3f, 0xff, 0x00, 0x00, 0x03, 0xff, 0xff, 0x80, 0x00, 0x01, 0xff, 0xfc,
    0x3f, 0xc7, 0x80, 0x00, 0x00, 0xff, 0xff, 0x00, 0x00, 0x03, 0xe3, 0xf8, 0x3f, 0x03, 0xc0, 0x00, 0x00, 0x7f, 0xff, 0x00, 0x00, 0x07, 0x81, 0xf8,
    0x3e, 0x01, 0xe0, 0x00, 0x00, 0x1f, 0xfe, 0x00, 0x00, 0x0f, 0x00, 0xf8, 0x3e, 0x00, 0xf0, 0x00, 0x00, 0x0f, 0xfe, 0x00, 0x00, 0x1f, 0x00, 0x78,
    0x1e, 0x00, 0xf8, 0x00, 0x00, 0x03, 0xfe, 0x00, 0x00, 0x3f, 0x00, 0x70, 0x1e, 0x00, 0xfe, 0x00, 0x00, 0x01, 0xfc, 0x00, 0x00, 0x7f, 0x00, 0x70,
    0x0e, 0x01, 0xff, 0x00, 0x00, 0x00, 0xfc, 0x00, 0x01, 0xff, 0x00, 0xf0, 0x0f, 0x01, 0xff, 0xe0, 0x00, 0x00, 0x78, 0x00, 0x07, 0xff, 0x80, 0xf0,
    0x07, 0x83, 0xff, 0xf8, 0x00, 0x0f, 0xfc, 0x00, 0x3f, 0xff, 0xc1, 0xe0, 0x07, 0xff, 0xff, 0xff, 0xf7, 0xff, 0xff, 0xff, 0xff, 0xff, 0xff, 0xc0,
    0x03, 0xff, 0xff, 0xff, 0xff, 0xff, 0xff, 0xff, 0xff, 0xff, 0xff, 0x80, 0x01, 0xff, 0xff, 0xff, 0xff, 0xff, 0xff, 0xff, 0xff, 0xff, 0xff, 0x00,
    0x00, 0x3f, 0xff, 0xff, 0xff, 0xff, 0xff, 0xff, 0xff, 0xff, 0xfc, 0x00, 0x00, 0x1f, 0xff, 0xff, 0xff, 0xff, 0xff, 0xff, 0xff, 0xff, 0xf0, 0x00,
  }},
  {{
    0x00, 0x0f, 0xff, 0xff, 0xff, 0xff, 0xff, 0xff, 0xff, 0xff, 0xe0, 0x00, 0x00, 0x3f, 0xff, 0xff, 0xff, 0xff, 0xff, 0xff, 0xff, 0xff, 0xfc, 0x00,
    0x00, 0xff, 0xff, 0xff, 0xff, 0xff, 0xff, 0xff, 0xff, 0xff, 0xff, 0x00, 0x03, 0xff, 0xff, 0xff, 0xff, 0xff, 0xff, 0xff, 0xff, 0xff, 0xff, 0x80,
    0x07, 0xff, 0xff, 0xff, 0xc1, 0xff, 0xff, 0x03, 0xff, 0xff, 0xff, 0xc0, 0x07, 0x83, 0xff, 0xf8, 0x00, 0x07, 0xc0, 0x00, 0x1f, 0xff, 0xc1, 0xe0,
    0x0f, 0x01, 0xff, 0xe0, 0x00, 0x00, 0x00, 0x00, 0x0f, 0xff, 0x80, 0xf0, 0x0e, 0x01, 0xff, 0x80, 0x00, 0x03, 0xff, 0xff, 0xff, 0xff, 0x00, 0xf0,
    0x1e, 0x00, 0xfe, 0x00, 0x03, 0xff, 0xff, 0xff, 0xff, 0xff, 0x00, 0x70, 0x1e, 0x00, 0xf8, 0x01, 0xff, 0xff, 0xff, 0xff, 0xfe, 0x3f, 0x00, 0x70,
    0x3e, 0x00, 0xf0, 0x1f, 0xff, 0xf9, 0xff, 0xff, 0xfe, 0x1f, 0x00, 0x78, 0x3e, 0x01, 0xe0, 0xff, 0xff, 0x80, 0x1f, 0xff, 0xfe, 0x0f, 0x00, 0xf8,
    0x3f, 0x03, 0xe7, 0xff, 0xfc, 0x00, 0x07, 0xff, 0xfe, 0x07, 0x81, 0xf8, 0x3f, 0x87, 0xff, 0xff, 0xf8, 0x3f, 0xc1, 0xff, 0xfc, 0x03, 0xc3, 0xf8,
    0x3f, 0xff, 0xff, 0xff, 0xf0, 0xff, 0xf0, 0xff, 0xfc, 0x01, 0xff, 0xfc, 0x3f, 0xff, 0x3f, 0xff, 0xe3, 0xe0, 0x7c, 0x7f, 0xfc, 0x00, 0xff, 0xfc,
    0x3f, 0xfe, 0x3f, 0xff, 0xc7, 0x00, 0x0e, 0x3f, 0xf8, 0x00, 0x7f, 0xfc, 0x3f, 0xfc, 0x1f, 0xff, 0x8e, 0x00, 0x07, 0x1f, 0xf8, 0x00, 0x7f, 0xfc,
    0x3f, 0xfc, 0x1f, 0xff, 0x1c, 0x00, 0x03, 0x8f, 0xf8, 0x00, 0x3f, 0xfc, 0x3f, 0xf8, 0x0f, 0xff, 0x38, 0x00, 0x01, 0xcf, 0xf8, 0x00, 0x3f, 0xfc,
    0x3f, 0xf8, 0x0f, 0xff, 0x30, 0x00, 0x00, 0xe7, 0xf0, 0x00, 0x1f, 0xfc, 0x3f, 0xf0, 0x07, 0xfe, 0x70, 0x00, 0x00, 0xe7, 0xf0, 0x00, 0x1f, 0xfc,
    0x3f, 0xf0, 0x07, 0xfe, 0x60, 0x00, 0x00, 0x67, 0xf0, 0x00, 0x1f, 0xfc, 0x3f, 0xf0, 0x03, 0xfc, 0x60, 0x00, 0x00, 0x63, 0xe0, 0x00, 0x0f, 0xfc,
    0x3f, 0xe0, 0x03, 0xfc, 0xc0, 0x00, 0x00, 0x73, 0xe0, 0x00, 0x0f, 0xfc, 0x3f, 0xe0, 0x01, 0xfc, 0xc0, 0x00, 0x00, 0x73, 0xe0, 0x00, 0x0f, 0xfc,
    0x3f, 0xe0, 0x01, 0xfc, 0xc0, 0x03, 0x80, 0x33, 0xe0, 0x00, 0x07, 0xfc, 0x3f, 0xe0, 0x00, 0xfc, 0xc0, 0x0f, 0xf0, 0x73, 0xc0, 0x00, 0x07, 0xfc,
    0x3f, 0xe0, 0x00, 0x7c, 0xc0, 0x1f, 0xf0, 0x73, 0xc0, 0x00, 0x07, 0xfc, 0x3f, 0xe0, 0x00, 0x7c, 0x60, 0x3f, 0xf8, 0x63, 0x80, 0x00, 0x07, 0xfc,
    0x3f, 0xe0, 0x00, 0x3e, 0x60, 0x3f, 0xf8, 0x67, 0x80, 0x00, 0x07, 0xfc, 0x3f, 0xe0, 0x00, 0x3e, 0x70, 0x3f, 0xf8, 0xe7, 0x00, 0x00, 0x07, 0xfc,
    0x3f, 0xe0, 0x00, 0x1f, 0x30, 0x3f, 0xf8, 0xe7, 0x00, 0x00, 0x07, 0xfc, 0x3f, 0xe0, 0x00, 0x0f, 0x38, 0x3f, 0xf9, 0xcf, 0x00, 0x00, 0x07, 0xfc,
    0x3f, 0xe0, 0x00, 0x0f, 0x1c, 0x3f, 0xff, 0x8e, 0x00, 0x00, 0x07, 0xfc, 0x3f, 0xe0, 0x00, 0x07, 0x9e, 0x1f, 0xff, 0x1e, 0x00, 0x00, 0x07, 0xfc,
    0x3f, 0xe0, 0x00, 0x03, 0xcf, 0x0f, 0xfe, 0x3c, 0x00, 0x00, 0x07, 0xfc, 0x3f, 0xe0, 0x00, 0x01, 0xe3, 0xff, 0xfc, 0x7c, 0x00, 0x00, 0x07, 0xfc,
    0x3f, 0xe0, 0x00, 0x01, 0xe1, 0xff, 0xf8, 0xf8, 0x00, 0x00, 0x0f, 0xfc, 0x3f, 0xe0, 0x00, 0x00, 0xf8, 0x3f, 0xc1, 0xf8, 0x00, 0x00, 0x0f, 0xfc,
    0x3f, 0xf0, 0x00, 0x00, 0x7c, 0x0e, 0x03, 0xf0, 0x00, 0x00, 0x0f, 0xfc, 0x3f, 0xf0, 0x00, 0x00, 0x7f, 0x00, 0x0f, 0xf0, 0x00, 0x00, 0x1f, 0xfc,
    0x3f, 0xf0, 0x00, 0x00, 0x3f, 0xe0, 0x7f, 0xe0, 0x00, 0x00, 0x1f, 0xfc, 0x3f, 0xf8, 0x00, 0x00, 0x1f, 0xff, 0xff, 0xe0, 0x00, 0x00, 0x1f, 0xfc,
    0x3f, 0xf8, 0x00, 0x00, 0x0f, 0xff, 0xff, 0xc0, 0x00, 0x00, 0x3f, 0xfc, 0x3f, 0xfc, 0x00, 0x00, 0x07, 0xff, 0xff, 0xc0, 0x00, 0x00, 0x3f, 0xfc,
    0x3f, 0xfc, 0x00, 0x00, 0x03, 0xff, 0xff, 0x80, 0x00, 0x00, 0x7f, 0xfc, 0x3f, 0xfe, 0x00, 0x00, 0x01, 0xff, 0xff, 0x80, 0x00, 0x00, 0x7f, 0xfc,
    0x3f, 0xff, 0x00, 0x00, 0x01, 0xff, 0xff, 0x00, 0x00, 0x00, 0xff, 0xfc, 0x3f, 0xff, 0x00, 0x00, 0x00, 0xff, 0xfe, 0x00, 0x00, 0x01, 0xff, 0xfc,
    0x3f, 0xc7, 0x80, 0x00, 0x00, 0x7f, 0xfe, 0x00, 0x00, 0x03, 0xe3, 0xf8, 0x3f, 0x03, 0xc0, 0x00, 0x00, 0x3f, 0xfc, 0x00, 0x00, 0x07, 0x81, 0xf8,
    0x3e, 0x01, 0xe0, 0x00, 0x00, 0x1f, 0xf8, 0x00, 0x00, 0x0f, 0x00, 0xf8, 0x3e, 0x00, 0xf0, 0x00, 0x00, 0x0f, 0xf8, 0x00, 0x00, 0x1f, 0x00, 0x78,
    0x1e, 0x00, 0xf8, 0x00, 0x00, 0x07, 0xf0, 0x00, 0x00, 0x3f, 0x00, 0x70, 0x1e, 0x00, 0xfe, 0x00, 0x00, 0x03, 0xe0, 0x00, 0x00, 0x7f, 0x00, 0x70,
    0x0e, 0x01, 0xff, 0x00, 0x00, 0x01, 0xe0, 0x00, 0x01, 0xff, 0x00, 0xf0, 0x0f, 0x01, 0xff, 0xe0, 0x00, 0x01, 0xc0, 0x00, 0x07, 0xff, 0x80, 0xf0,
    0x07, 0x83, 0xff, 0xf8, 0x00, 0x0f, 0xe0, 0x00, 0x3f, 0xff, 0xc1, 0xe0, 0x07, 0xff, 0xff, 0xff, 0xf7, 0xff, 0xff, 0xff, 0xff, 0xff, 0xff, 0xc0,
    0x03, 0xff, 0xff, 0xff, 0xff, 0xff, 0xff, 0xff, 0xff, 0xff, 0xff, 0x80, 0x01, 0xff, 0xff, 0xff, 0xff, 0xff, 0xff, 0xff, 0xff, 0xff, 0xff, 0x00,
    0x00, 0x3f, 0xff, 0xff, 0xff, 0xff, 0xff, 0xff, 0xff, 0xff, 0xfc, 0x00, 0x00, 0x1f, 0xff, 0xff, 0xff, 0xff, 0xff, 0xff, 0xff, 0xff, 0xf0, 0x00,
  }},
  {{
    0x00, 0x0f, 0xff, 0xff, 0xff, 0xff, 0xff, 0xff, 0xff, 0xff, 0xe0, 0x00, 0x00, 0x3f, 0xff, 0xff, 0xff, 0xff, 0xff, 0xff, 0xff, 0xff, 0xfc, 0x00,
    0x00, 0xff, 0xff, 0xff, 0xff, 0xff, 0xff, 0xff, 0xff, 0xff, 0xff, 0x00, 0x03, 0xff, 0xff, 0xff, 0xff, 0xff, 0xff, 0xff, 0xff, 0xff, 0xff, 0x80,
    0x07, 0xff, 0xff, 0xff, 0xc1, 0xff, 0xff, 0x07, 0xff, 0xff, 0xff, 0xc0, 0x07, 0x83, 0xff, 0xf8, 0x00, 0x07, 0xc0, 0x00, 0x3f, 0xff, 0xc1, 0xe0,
    0x0f, 0x01, 0xff, 0xf0, 0x00, 0x00, 0x00, 0x00, 0x07, 0xff, 0x80, 0xf0, 0x0e, 0x01, 0xff, 0xff, 0xff, 0xff, 0xc0, 0x00, 0x01, 0xff, 0x00, 0xf0,
    0x1e, 0x00, 0xff, 0xff, 0xff, 0xff, 0xff, 0xc0, 0x00, 0x7f, 0x00, 0x70, 0x1e, 0x00, 0xf8, 0xff, 0xff, 0xff, 0xff, 0xff, 0x00, 0x3f, 0x00, 0x70,
    0x3e, 0x00, 0xf0, 0x7f, 0xff, 0xff, 0xbf, 0xff, 0xf0, 0x0f, 0x00, 0x78, 0x3e, 0x01, 0xe0, 0x7f, 0xff, 0xf0, 0x01, 0xff, 0xff, 0x0f, 0x00, 0xf8,
    0x3f, 0x03, 0xc0, 0x7f, 0xff, 0xc0, 0x00, 0x7f, 0xff, 0xcf, 0x81, 0xf8, 0x3f, 0x87, 0x80, 0x7f, 0xff, 0x83, 0xf8, 0x3f, 0xff, 0xff, 0xc3, 0xf8,
    0x3f, 0xff, 0x00, 0x7f, 0xfe, 0x1f, 0xff, 0x0f, 0xff, 0xfd, 0xff, 0xfc, 0x3f, 0xff, 0x00, 0x3f, 0xfc, 0x3c, 0x07, 0xc7, 0xff, 0xfc, 0xff, 0xfc,
    0x3f, 0xfe, 0x00, 0x3f, 0xf8, 0xe0, 0x00, 0xe3, 0xff, 0xf8, 0x7f, 0xfc, 0x3f, 0xfc, 0x00, 0x3f, 0xf1, 0xc0, 0x00, 0x73, 0xff, 0xf0, 0x7f, 0xfc,
    0x3f, 0xfc, 0x00, 0x3f, 0xf1, 0x80, 0x00, 0x39, 0xff, 0xf0, 0x3f, 0xfc, 0x3f, 0xf8, 0x00, 0x1f, 0xe3, 0x00, 0x00, 0x18, 0xff, 0xf0, 0x3f, 0xfc,
    0x3f, 0xf8, 0x00, 0x1f, 0xe7, 0x00, 0x00, 0x1c, 0xff, 0xe0, 0x1f, 0xfc, 0x3f, 0xf0, 0x00, 0x1f, 0xc6, 0x00, 0x00, 0x0c, 0xff, 0xe0, 0x1f, 0xfc,
    0x3f, 0xf0, 0x00, 0x0f, 0xce, 0x00, 0x00, 0x0c, 0x7f, 0xc0, 0x1f, 0xfc, 0x3f, 0xf0, 0x00, 0x0f, 0xce, 0x00, 0x00, 0x0e, 0x7f, 0xc0, 0x0f, 0xfc,
    0x3f, 0xe0, 0x00, 0x0f, 0xcc, 0x00, 0x00, 0x06, 0x3f, 0x80, 0x0f, 0xfc, 0x3f, 0xe0, 0x00, 0x07, 0xcc, 0x00, 0x00, 0x06, 0x3f, 0x80, 0x0f, 0xfc,
    0x3f, 0xe0, 0x00, 0x07, 0xcc, 0x03, 0x80, 0x06, 0x3f, 0x00, 0x07, 0xfc, 0x3f, 0xe0, 0x00, 0x07, 0xcc, 0x0f, 0xf0, 0x06, 0x3e, 0x00, 0x07, 0xfc,
    0x3f, 0xe0, 0x00, 0x03, 0xcc, 0x1f, 0xf0, 0x06, 0x3e, 0x00, 0x07, 0xfc, 0x3f, 0xe0, 0x00, 0x03, 0xcc, 0x3f, 0xf8, 0x0e, 0x7c, 0x00, 0x07, 0xfc,
    0x3f, 0xe0, 0x00, 0x01, 0xce, 0x3f, 0xf8, 0x0c, 0x7c, 0x00, 0x07, 0xfc, 0x3f, 0xe0, 0x00, 0x01, 0xc6, 0x3f, 0xfc, 0x0c, 0x78, 0x00, 0x07, 0xfc,
    0x3f, 0xe0, 0x00, 0x00, 0xe7, 0x3f, 0xfc, 0x0c, 0xf0, 0x00, 0x07, 0xfc, 0x3f, 0xe0, 0x00, 0x00, 0xe3, 0x3f, 0xf8, 0x18, 0xf0, 0x00, 0x07, 0xfc,
    0x3f, 0xe0, 0x00, 0x00, 0xf3, 0xbf, 0xf8, 0x39, 0xe0, 0x00, 0x07, 0xfc, 0x3f, 0xe0, 0x00, 0x00, 0x71, 0xff, 0xf0, 0x71, 0xc0, 0x00, 0x07, 0xfc,
    0x3f, 0xe0, 0x00, 0x00, 0x78, 0xff, 0xf0, 0xe3, 0xc0, 0x00, 0x07, 0xfc, 0x3f, 0xe0, 0x00, 0x00, 0x3c, 0x3f, 0xff, 0xc7, 0x80, 0x00, 0x07, 0xfc,
    0x3f, 0xe0, 0x00, 0x00, 0x3e, 0x1f, 0xff, 0x0f, 0x00, 0x00, 0x0f, 0xfc, 0x3f, 0xe0, 0x00, 0x00, 0x3f, 0x03, 0xf8, 0x1f, 0x00, 0x00, 0x0f, 0xfc,
    0x3f, 0xf0, 0x00, 0x00, 0x1f, 0xc0, 0x60, 0x3e, 0x00, 0x00, 0x0f, 0xfc, 0x3f, 0xf0, 0x00, 0x00, 0x0f, 0xf0, 0x01, 0xfc, 0x00, 0x00, 0x1f, 0xfc,
    0x3f, 0xf0, 0x00, 0x00, 0x0f, 0xfe, 0x0f, 0xf8, 0x00, 0x00, 0x1f, 0xfc, 0x3f, 0xf8, 0x00, 0x00, 0x07, 0xff, 0xff, 0xf0, 0x00, 0x00, 0x1f, 0xfc,
    0x3f, 0xf8, 0x00, 0x00, 0x07, 0xff, 0xff, 0xf0, 0x00, 0x00, 0x3f, 0xfc, 0x3f, 0xfc, 0x00, 0x00, 0x03, 0xff, 0xff, 0xe0, 0x00, 0x00, 0x3f, 0xfc,
    0x3f, 0xfc, 0x00, 0x00, 0x01, 0xff, 0xff, 0xc0, 0x00, 0x00, 0x7f, 0xfc, 0x3f, 0xfe, 0x00, 0x00, 0x01, 0xff, 0xff, 0x80, 0x00, 0x00, 0x7f, 0xfc,
    0x3f, 0xff, 0x00, 0x00, 0x00, 0xff, 0xff, 0x00, 0x00, 0x00, 0xff, 0xfc, 0x3f, 0xff, 0x00, 0x00, 0x00, 0xff, 0xfe, 0x00, 0x00, 0x01, 0xff, 0xfc,
    0x3f, 0xc7, 0x80, 0x00, 0x00, 0x7f, 0xfc, 0x00, 0x00, 0x03, 0xe3, 0xf8, 0x3f, 0x03, 0xc0, 0x00, 0x00, 0x3f, 0xf8, 0x00, 0x00, 0x07, 0x81, 0xf8,
    0x3e, 0x01, 0xe0, 0x00, 0x00, 0x3f, 0xf0, 0x00, 0x00, 0x0f, 0x00, 0xf8, 0x3e, 0x00, 0xf0, 0x00, 0x00, 0x1f, 0xe0, 0x00, 0x00, 0x1f, 0x00, 0x78,
    0x1e, 0x00, 0xf8, 0x00, 0x00, 0x0f, 0xc0, 0x00, 0x00, 0x3f, 0x00, 0x70, 0x1e, 0x00, 0xfe, 0x00, 0x00, 0x0f, 0x80, 0x00, 0x00, 0x7f, 0x00, 0x70,
    0x0e, 0x01, 0xff, 0x00, 0x00, 0x07, 0x00, 0x00, 0x01, 0xff, 0x00, 0xf0, 0x0f, 0x01, 0xff, 0xe0, 0x00, 0x07, 0x00, 0x00, 0x07, 0xff, 0x80, 0xf0,
    0x07, 0x83, 0xff, 0xf8, 0x00, 0x0f, 0xe0, 0x00, 0x3f, 0xff, 0xc1, 0xe0, 0x07, 0xff, 0xff, 0xff, 0xf7, 0xff, 0xff, 0xff, 0xff, 0xff, 0xff, 0xc0,
    0x03, 0xff, 0xff, 0xff, 0xff, 0xff, 0xff, 0xff, 0xff, 0xff, 0xff, 0x80, 0x01, 0xff, 0xff, 0xff, 0xff, 0xff, 0xff, 0xff, 0xff, 0xff, 0xff, 0x00,
    0x00, 0x3f, 0xff, 0xff, 0xff, 0xff, 0xff, 0xff, 0xff, 0xff, 0xfc, 0x00, 0x00, 0x1f, 0xff, 0xff, 0xff, 0xff, 0xff, 0xff, 0xff, 0xff, 0xf0, 0x00,
  }},
  {{
    0x00, 0x0f, 0xff, 0xff, 0xff, 0xff, 0xff, 0xff, 0xff, 0xff, 0xe0, 0x00, 0x00, 0x3f, 0xff, 0xff, 0xff, 0xff, 0xff, 0xff, 0xff, 0xff, 0xfc, 0x00,
    0x00, 0xff, 0xff, 0xff, 0xff, 0xff, 0xff, 0xff, 0xff, 0xff, 0xff, 0x00, 0x03, 0xff, 0xff, 0xff, 0xff, 0xff, 0xff, 0xff, 0xff, 0xff, 0xff, 0x80,
    0x07, 0xff, 0xff, 0xff, 0xe1, 0xff, 0xff, 0x87, 0xff, 0xff, 0xff, 0xc0, 0x07, 0x83, 0xff, 0xfb, 0xfe, 0x07, 0xc0, 0x00, 0x3f, 0xff, 0xc1, 0xe0,
    0x0f, 0x01, 0xff, 0xe1, 0xff, 0x80, 0x00, 0x00, 0x07, 0xff, 0x80, 0xf0, 0x0e, 0x01, 0xff, 0x81, 0xff, 0xff, 0x00, 0x00, 0x01, 0xff, 0x00, 0xf0,
    0x1e, 0x00, 0xfe, 0x01, 0xff, 0xff, 0xe0, 0x00, 0x00, 0x7f, 0x00, 0x70, 0x1e, 0x00, 0xf8, 0x01, 0xff, 0xff, 0xfe, 0x00, 0x00, 0x3f, 0x00, 0x70,
    0x3e, 0x00, 0xf0, 0x01, 0xff, 0xff, 0xff, 0xc0, 0x00, 0x1f, 0x00, 0x78, 0x3e, 0x01, 0xe0, 0x00, 0xff, 0xff, 0xff, 0xf8, 0x00, 0x0f, 0x00, 0xf8,
    0x3f, 0x03, 0xc0, 0x00, 0xff, 0xff, 0xff, 0xff, 0x00, 0x07, 0x81, 0xf8, 0x3f, 0x87, 0x80, 0x00, 0xff, 0xff, 0x00, 0x7f, 0xc0, 0x03, 0xc3, 0xf8,
    0x3f, 0xff, 0x00, 0x00, 0xff, 0xf8, 0x00, 0x0f, 0xf8, 0x01, 0xff, 0xfc, 0x3f, 0xff, 0x00, 0x00, 0xff, 0xe0, 0x7f, 0x07, 0xfe, 0x00, 0xff, 0xfc,
    0x3f, 0xfe, 0x00, 0x00, 0xff, 0xc3, 0xff, 0xe1, 0xff, 0x80, 0x7f, 0xfc, 0x3f, 0xfc, 0x00, 0x00, 0xff, 0x8f, 0x80, 0xf0, 0xff, 0xe0, 0x7f, 0xfc,
    0x3f, 0xfc, 0x00, 0x00, 0xff, 0x1e, 0x00, 0x3c, 0x7f, 0xf8, 0x3f, 0xfc, 0x3f, 0xf8, 0x00, 0x00, 0xfe, 0x38, 0x00, 0x1c, 0x7f, 0xfe, 0x3f, 0xfc,
    0x3f, 0xf8, 0x00, 0x00, 0xfe, 0x70, 0x00, 0x0e, 0x3f, 0xff, 0x3f, 0xfc, 0x3f, 0xf0, 0x00, 0x00, 0xfc, 0x60, 0x00, 0x07, 0x1f, 0xff, 0xff, 0xfc,
    0x3f, 0xf0, 0x00, 0x00, 0xfc, 0xe0, 0x00, 0x03, 0x9f, 0xff, 0xff, 0xfc, 0x3f, 0xf0, 0x00, 0x00, 0xf8, 0xc0, 0x00, 0x03, 0x8f, 0xff, 0xdf, 0xfc,
    0x3f, 0xe0, 0x00, 0x00, 0xf9, 0x80, 0x00, 0x01, 0xcf, 0xff, 0x8f, 0xfc, 0x3f, 0xe0, 0x00, 0x00, 0x79, 0x80, 0x00, 0x00, 0xcf, 0xff, 0x8f, 0xfc,
    0x3f, 0xe0, 0x00, 0x00, 0x79, 0x83, 0x80, 0x00, 0xcf, 0xff, 0x07, 0xfc, 0x3f, 0xe0, 0x00, 0x00, 0x79, 0x8f, 0xf0, 0x00, 0xcf, 0xfe, 0x07, 0xfc,
    0x3f, 0xe0, 0x00, 0x00, 0x79, 0x9f, 0xf0, 0x00, 0xcf, 0xfc, 0x07, 0xfc, 0x3f, 0xe0, 0x00, 0x00, 0x79, 0xbf, 0xf8, 0x00, 0xcf, 0xfc, 0x07, 0xfc,
    0x3f, 0xe0, 0x00, 0x00, 0x79, 0xff, 0xf8, 0x00, 0xcf, 0xf8, 0x07, 0xfc, 0x3f, 0xe0, 0x00, 0x00, 0x39, 0xff, 0xfc, 0x00, 0xcf, 0xf0, 0x07, 0xfc,
    0x3f, 0xe0, 0x00, 0x00, 0x39, 0xff, 0xfc, 0x01, 0xcf, 0xe0, 0x07, 0xfc, 0x3f, 0xe0, 0x00, 0x00, 0x38, 0xff, 0xf8, 0x01, 0x8f, 0xc0, 0x07, 0xfc,
    0x3f, 0xe0, 0x00, 0x00, 0x3c, 0xff, 0xf8, 0x03, 0x9f, 0x80, 0x07, 0xfc, 0x3f, 0xe0, 0x00, 0x00, 0x3c, 0x7f, 0xf0, 0x03, 0x1f, 0x00, 0x07, 0xfc,
    0x3f, 0xe0, 0x00, 0x00, 0x1e, 0x7f, 0xe0, 0x07, 0x3e, 0x00, 0x07, 0xfc, 0x3f, 0xe0, 0x00, 0x00, 0x1e, 0x3f, 0x00, 0x0e, 0x3c, 0x00, 0x07, 0xfc,
    0x3f, 0xe0, 0x00, 0x00, 0x1f, 0x1e, 0x00, 0x3c, 0x78, 0x00, 0x0f, 0xfc, 0x3f, 0xe0, 0x00, 0x00, 0x1f, 0x8f, 0x80, 0xf8, 0xf0, 0x00, 0x0f, 0xfc,
    0x3f, 0xf0, 0x00, 0x00, 0x0f, 0xc7, 0xff, 0xf1, 0xe0, 0x00, 0x0f, 0xfc, 0x3f, 0xf0, 0x00, 0x00, 0x0f, 0xe0, 0xff, 0x83, 0xc0, 0x00, 0x1f, 0xfc,
    0x3f, 0xf0, 0x00, 0x00, 0x0f, 0xf0, 0x3e, 0x0f, 0x80, 0x00, 0x1f, 0xfc, 0x3f, 0xf8, 0x00, 0x00, 0x07, 0xfe, 0x00, 0x3f, 0x00, 0x00, 0x1f, 0xfc,
    0x3f, 0xf8, 0x00, 0x00, 0x07, 0xff, 0xc3, 0xfe, 0x00, 0x00, 0x3f, 0xfc, 0x3f, 0xfc, 0x00, 0x00, 0x07, 0xff, 0xff, 0xfc, 0x00, 0x00, 0x3f, 0xfc,
    0x3f, 0xfc, 0x00, 0x00, 0x03, 0xff, 0xff, 0xf8, 0x00, 0x00, 0x7f, 0xfc, 0x3f, 0xfe, 0x00, 0x00, 0x03, 0xff, 0xff, 0xf0, 0x00, 0x00, 0x7f, 0xfc,
    0x3f, 0xff, 0x00, 0x00, 0x01, 0xff, 0xff, 0xc0, 0x00, 0x00, 0xff, 0xfc, 0x3f, 0xff, 0x00, 0x00, 0x01, 0xff, 0xff, 0x80, 0x00, 0x01, 0xff, 0xfc,
    0x3f, 0xc7, 0x80, 0x00, 0x01, 0xff, 0xfe, 0x00, 0x00, 0x03, 0xe3, 0xf8, 0x3f, 0x03, 0xc0, 0x00, 0x01, 0xff, 0xfc, 0x00, 0x00, 0x07, 0x81, 0xf8,
    0x3e, 0x01, 0xe0, 0x00, 0x00, 0xff, 0xf8, 0x00, 0x00, 0x0f, 0x00, 0xf8, 0x3e, 0x00, 0xf0, 0x00, 0x00, 0xff, 0xe0, 0x00, 0x00, 0x1f, 0x00, 0x78,
    0x1e, 0x00, 0xf8, 0x00, 0x00, 0x7f, 0xc0, 0x00, 0x00, 0x3f, 0x00, 0x70, 0x1e, 0x00, 0xfe, 0x00, 0x00, 0x7f, 0x00, 0x00, 0x00, 0x7f, 0x00, 0x70,
    0x0e, 0x01, 0xff, 0x00, 0x00, 0x7e, 0x00, 0x00, 0x01, 0xff, 0x00, 0xf0, 0x0f, 0x01, 0xff, 0xe0, 0x00, 0x3c, 0x00, 0x00, 0x07, 0xff, 0x80, 0xf0,
    0x07, 0x83, 0xff, 0xf8, 0x00, 0x3f, 0xe0, 0x00, 0x3f, 0xff, 0xc1, 0xe0, 0x07, 0xff, 0xff, 0xff, 0xf7, 0xff, 0xff, 0xff, 0xff, 0xff, 0xff, 0xc0,
    0x03, 0xff, 0xff, 0xff, 0xff, 0xff, 0xff, 0xff, 0xff, 0xff, 0xff, 0x80, 0x01, 0xff, 0xff, 0xff, 0xff, 0xff, 0xff, 0xff, 0xff, 0xff, 0xff, 0x00,
    0x00, 0x3f, 0xff, 0xff, 0xff, 0xff, 0xff, 0xff, 0xff, 0xff, 0xfc, 0x00, 0x00, 0x1f, 0xff, 0xff, 0xff, 0xff, 0xff, 0xff, 0xff, 0xff, 0xf0, 0x00,
  }},
};
constexpr RunCatBitmap kRunner7[] = { // escapement
  {{
    0x00, 0x00, 0x00, 0x08, 0x00, 0x00, 0x00, 0x00, 0x00, 0x00, 0x00, 0x00, 0x00, 0x00, 0x00, 0x18, 0x00, 0x00, 0x00, 0x00, 0x00, 0x00, 0x00, 0x00,
    0x00, 0x00, 0x60, 0x18, 0x00, 0x00, 0x00, 0x00, 0x00, 0x00, 0x00, 0x00, 0x00, 0x00, 0x60, 0x30, 0x00, 0x00, 0x00, 0x00, 0x00, 0x00, 0x00, 0x00,
    0x00, 0x00, 0x60, 0x20, 0x00, 0x00, 0x00, 0x00, 0x00, 0x00, 0x00, 0x00, 0x00, 0x00, 0x60, 0xe0, 0x0c, 0x00, 0x00, 0x00, 0x00, 0x00, 0x00, 0x00,
    0x00, 0x00, 0x40, 0xc0, 0x1c, 0x00, 0x00, 0x00, 0x00, 0x00, 0x00, 0x00, 0x00, 0x40, 0xc7, 0xe0, 0x78, 0x00, 0x00, 0x00, 0x00, 0x00, 0x00, 0x00,
    0x00, 0x60, 0xcf, 0xff, 0xf0, 0x00, 0x00, 0x00, 0x00, 0x00, 0x00, 0x00, 0x00, 0x61, 0xff, 0xff, 0xc0, 0x00, 0x00, 0x00, 0x00, 0x00, 0x00, 0x00,
    0x00, 0x61, 0xff, 0xff, 0xc0, 0x00, 0x01, 0x80, 0x00, 0x00, 0x00, 0x00, 0x00, 0x63, 0xff, 0xff, 0xe0, 0x00, 0x07, 0xc0, 0x00, 0x00, 0x00, 0x00,
    0x00, 0x67, 0xf8, 0x7f, 0xf8, 0x00, 0x1f, 0xc0, 0x00, 0x00, 0x00, 0x00, 0x00, 0x67, 0xf0, 0x7f, 0xfc, 0x00, 0x3f, 0xc0, 0x00, 0x00, 0x00, 0x00,
    0x00, 0x3f, 0x80, 0x7c, 0xff, 0xf9, 0xff, 0xc0, 0x00, 0x00, 0x00, 0x00, 0x00, 0x3f, 0x00, 0x78, 0x7f, 0xfb, 0xff, 0xc0, 0x00, 0x00, 0x00, 0x00,
    0x00, 0x7e, 0x00, 0x78, 0x3f, 0x03, 0xff, 0xc0, 0x00, 0x00, 0x00, 0x00, 0x00, 0x7e, 0x00, 0x78, 0x1f, 0x03, 0xff, 0x80, 0x00, 0x00, 0x00, 0x00,
    0x18, 0x7c, 0x00, 0x78, 0x0f, 0x00, 0x3f, 0x80, 0x00, 0x00, 0x00, 0x00, 0x18, 0xf8, 0x00, 0xf8, 0x07, 0x80, 0x3f, 0x00, 0x00, 0x00, 0x00, 0x00,
    0x0c, 0xf8, 0x00, 0xf8, 0x07, 0xc0, 0x1e, 0x00, 0x00, 0x00, 0x00, 0x00, 0x0c, 0xfe, 0x00, 0xf8, 0x03, 0xc0, 0x1e, 0x00, 0x00, 0x00, 0x00, 0x00,
    0x06, 0xff, 0x00, 0xf8, 0x03, 0xe0, 0x1e, 0x00, 0x00, 0x00, 0x00, 0x00, 0x07, 0xff, 0xc0, 0xf0, 0x03, 0xf0, 0x1c, 0x00, 0x00, 0x00, 0x00, 0x00,
    0x07, 0xff, 0xc1, 0xf0, 0x01, 0xf8, 0x1c, 0x00, 0x00, 0x00, 0x00, 0x00, 0x07, 0xff, 0xff, 0xf0, 0x01, 0xff, 0x9c, 0x00, 0x01, 0xc0, 0x20, 0xf0,
    0x03, 0xc7, 0xff, 0xf8, 0x01, 0xef, 0x9e, 0x00, 0x01, 0xc0, 0x61, 0xf8, 0x03, 0xc3, 0xfc, 0x1c, 0x7f, 0xe0, 0x9e, 0x00, 0x00, 0x0f, 0xc3, 0xfc,
    0x03, 0xc0, 0xfc, 0x0f, 0xff, 0xe0, 0x1e, 0x00, 0x00, 0x1f, 0xc7, 0xfc, 0x03, 0xc0, 0x78, 0x07, 0xff, 0xf0, 0x13, 0x00, 0x00, 0x1c, 0x43, 0x0e,
    0xe3, 0xc0, 0x38, 0x07, 0xff, 0xf0, 0x21, 0xff, 0xff, 0xfc, 0x63, 0x0e, 0xe3, 0xc0, 0x18, 0x07, 0xff, 0xf0, 0x61, 0xff, 0xff, 0xfc, 0x63, 0x0f,
    0x3f, 0xc0, 0x18, 0x07, 0xf0, 0xf0, 0x01, 0xff, 0xff, 0xfc, 0x63, 0x0f, 0x1f, 0xc0, 0x18, 0x07, 0x80, 0xf8, 0x01, 0x80, 0x00, 0x3c, 0x63, 0x0e,
    0x0f, 0xc0, 0x18, 0x04, 0x00, 0xf8, 0x1e, 0x00, 0x00, 0x1e, 0xc7, 0x9e, 0x07, 0xc0, 0x1c, 0x0c, 0x00, 0xfc, 0x1e, 0x00, 0x00, 0x0f, 0xc7, 0xfc,
    0x07, 0xc0, 0x3c, 0x1c, 0x00, 0xfc, 0x1e, 0x00, 0x00, 0x87, 0xc3, 0xfc, 0x03, 0xc0, 0x7f, 0xf8, 0x01, 0xe6, 0x1c, 0x00, 0x01, 0xc0, 0x61, 0xf8,
    0x03, 0xe0, 0xff, 0xfc, 0x01, 0xe3, 0x1c, 0x00, 0x01, 0xc0, 0x00, 0xf0, 0x01, 0xe1, 0xfc, 0xfc, 0x01, 0xe3, 0x18, 0x00, 0x00, 0x00, 0x00, 0x00,
    0x01, 0xe1, 0xf8, 0x3c, 0x03, 0xe0, 0x18, 0x00, 0x00, 0x00, 0x00, 0x00, 0x00, 0xe3, 0xf0, 0x3e, 0x03, 0xe0, 0x18, 0x00, 0x00, 0x00, 0x00, 0x00,
    0x18, 0xf7, 0xe0, 0x3e, 0x03, 0xe0, 0x18, 0x00, 0x00, 0x00, 0x00, 0x00, 0x3f, 0xff, 0xc0, 0x1e, 0x07, 0xe0, 0x10, 0x00, 0x00, 0x00, 0x00, 0x00,
    0x1f, 0xff, 0xc0, 0x1f, 0x0f, 0xe0, 0x30, 0x00, 0x00, 0x00, 0x00, 0x00, 0x01, 0xff, 0x80, 0x1f, 0x0f, 0xe0, 0x30, 0x00, 0x00, 0x00, 0x00, 0x00,
    0x00, 0x7f, 0x00, 0x0f, 0x9f, 0x60, 0x30, 0x00, 0x00, 0x00, 0x00, 0x00, 0x00, 0x3f, 0x00, 0x0f, 0xbe, 0x60, 0x70, 0x00, 0x00, 0x00, 0x00, 0x00,
    0x00, 0x1f, 0x80, 0x07, 0xfe, 0x3e, 0x70, 0x00, 0x00, 0x00, 0x00, 0x00, 0x00, 0x0f, 0xc0, 0x07, 0xfc, 0x3f, 0x70, 0x00, 0x00, 0x00, 0x00, 0x00,
    0x00, 0x07, 0xf0, 0x07, 0xfc, 0x3f, 0xf0, 0x00, 0x00, 0x00, 0x00, 0x00, 0x00, 0x0f, 0xfc, 0x0f, 0xf8, 0x1f, 0xf0, 0x00, 0x00, 0x00, 0x00, 0x00,
    0x00, 0x7f, 0xff, 0xff, 0xf8, 0x03, 0xf8, 0x00, 0x00, 0x00, 0x00, 0x00, 0x00, 0xf9, 0xff, 0xff, 0x98, 0x03, 0xfc, 0x00, 0x00, 0x00, 0x00, 0x00,
    0x00, 0xc0, 0x7f, 0xff, 0x98, 0x03, 0xfe, 0x00, 0x00, 0x00, 0x00, 0x00, 0x00, 0x00, 0x1f, 0xfe, 0x18, 0x01, 0xfe, 0x00, 0x00, 0x00, 0x00, 0x00,
    0x00, 0x00, 0x1f, 0xdc, 0x18, 0x01, 0xfe, 0x00, 0x00, 0x00, 0x00, 0x00, 0x00, 0x00, 0x38, 0x18, 0x18, 0x00, 0xfc, 0x00, 0x00, 0x00, 0x00, 0x00,
    0x00, 0x00, 0x70, 0x18, 0x18, 0x00, 0xfc, 0x00, 0x00, 0x00, 0x00, 0x00, 0x00, 0x00, 0x60, 0x18, 0x18, 0x00, 0x78, 0x00, 0x00, 0x00, 0x00, 0x00,
    0x00, 0x00, 0xc0, 0x30, 0x00, 0x00, 0x30, 0x00, 0x00, 0x00, 0x00, 0x00, 0x00, 0x00, 0xc0, 0x30, 0x00, 0x00, 0x10, 0x00, 0x00, 0x00, 0x00, 0x00,
    0x00, 0x00, 0x00, 0x20, 0x00, 0x00, 0x00, 0x00, 0x00, 0x00, 0x00, 0x00, 0x00, 0x00, 0x00, 0x20, 0x00, 0x00, 0x00, 0x00, 0x00, 0x00, 0x00, 0x00,
  }},
  {{
    0x00, 0x00, 0x01, 0x80, 0x00, 0x00, 0x00, 0x00, 0x00, 0x00, 0x00, 0x00, 0x00, 0x00, 0x01, 0x80, 0x00, 0x00, 0x00, 0x00, 0x00, 0x00, 0x00, 0x00,
    0x00, 0x00, 0x01, 0x80, 0x40, 0x00, 0x00, 0x00, 0x00, 0x00, 0x00, 0x00, 0x00, 0x00, 0x03, 0x00, 0xc0, 0x00, 0x00, 0x00, 0x00, 0x00, 0x00, 0x00,
    0x00, 0x06, 0x02, 0x00, 0xc0, 0x00, 0x00, 0x00, 0x00, 0x00, 0x00, 0x00, 0x00, 0x06, 0x06, 0x03, 0x80, 0x00, 0x00, 0x00, 0x00, 0x00, 0x00, 0x00,
    0x00, 0x02, 0x0e, 0x07, 0x00, 0x00, 0x00, 0x00, 0x00, 0x00, 0x00, 0x00, 0x00, 0x02, 0x1f, 0xfe, 0x00, 0x00, 0x00, 0x00, 0x00, 0x00, 0x00, 0x00,
    0x00, 0x06, 0x1f, 0xfc, 0x00, 0x00, 0x00, 0x00, 0x00, 0x00, 0x00, 0x00, 0x00, 0x06, 0x7f, 0xff, 0x80, 0x40, 0x00, 0x00, 0x00, 0x00, 0x00, 0x00,
    0x00, 0x06, 0xff, 0xff, 0xc0, 0xc0, 0x00, 0x00, 0x00, 0x00, 0x00, 0x00, 0x00, 0x07, 0xff, 0xff, 0xff, 0xc0, 0x03, 0xe0, 0x00, 0x00, 0x00, 0x00,
    0x02, 0x0f, 0xfc, 0x0f, 0xff, 0x00, 0x0f, 0xe0, 0x00, 0x00, 0x00, 0x00, 0x03, 0x0f, 0xe0, 0x07, 0xf8, 0x00, 0x1f, 0xe0, 0x00, 0x00, 0x00, 0x00,
    0x01, 0x1f, 0x80, 0x07, 0xfc, 0x01, 0xff, 0xe0, 0x00, 0x00, 0x00, 0x00, 0x01, 0x1f, 0x00, 0x0f, 0xfe, 0x01, 0xff, 0xe0, 0x00, 0x00, 0x00, 0x00,
    0x01, 0x3e, 0x00, 0x0f, 0x3f, 0x01, 0xff, 0xe0, 0x00, 0x00, 0x00, 0x00, 0x01, 0xfe, 0x00, 0x1f, 0x1f, 0x01, 0xff, 0xe0, 0x00, 0x00, 0x00, 0x00,
    0x01, 0xff, 0x00, 0x1f, 0x0f, 0xc0, 0x1f, 0xe0, 0x00, 0x00, 0x00, 0x00, 0x01, 0xff, 0x80, 0x1e, 0x07, 0xf0, 0x1f, 0x80, 0x00, 0x00, 0x00, 0x00,
    0x01, 0xff, 0xc0, 0x3e, 0x07, 0xff, 0x0f, 0x00, 0x00, 0x00, 0x00, 0x00, 0x01, 0xff, 0xe0, 0x3e, 0x03, 0xef, 0x0f, 0x00, 0x00, 0x00, 0x00, 0x00,
    0x01, 0xe3, 0xf0, 0x3c, 0x03, 0xc2, 0x0e, 0x00, 0x00, 0x00, 0x00, 0x00, 0x61, 0xe1, 0xf8, 0x7c, 0x03, 0xc0, 0x0e, 0x00, 0x00, 0x00, 0x00, 0x00,
    0x71, 0xe1, 0xfc, 0xfc, 0x01, 0xe0, 0x0e, 0x00, 0x00, 0x00, 0x00, 0x00, 0x19, 0xc0, 0xff, 0xf8, 0x01, 0xe0, 0x0e, 0x00, 0x01, 0xc0, 0x00, 0xf0,
    0x19, 0xc0, 0x7f, 0xf8, 0x00, 0xf0, 0x1e, 0x00, 0x01, 0xc0, 0x01, 0xf8, 0x0f, 0xc0, 0x3c, 0x1c, 0x00, 0xf0, 0x1e, 0x00, 0x00, 0x80, 0x03, 0xfc,
    0x0f, 0xc0, 0x18, 0x0c, 0x00, 0xf8, 0x1e, 0x00, 0x00, 0x00, 0x07, 0x9c, 0x07, 0xc0, 0x18, 0x06, 0x00, 0xf8, 0x13, 0x00, 0x00, 0x00, 0x07, 0x0e,
    0x07, 0xc0, 0x18, 0x07, 0xfd, 0xfc, 0x23, 0x80, 0x00, 0x0f, 0xe7, 0x0e, 0x07, 0xc0, 0x18, 0x07, 0xff, 0xfe, 0x61, 0xe0, 0x00, 0x1f, 0xc7, 0x0e,
    0x03, 0xc0, 0x18, 0x07, 0xff, 0xf7, 0xe1, 0xff, 0xf8, 0x3c, 0x87, 0x0e, 0x03, 0xc0, 0x18, 0x07, 0xff, 0xf3, 0xe3, 0xff, 0xff, 0xfc, 0x07, 0x0e,
    0x03, 0xc0, 0x78, 0x07, 0xff, 0xf0, 0xff, 0x00, 0xff, 0xfc, 0x07, 0x9e, 0x03, 0xc0, 0xfc, 0x0f, 0xff, 0xf0, 0x3e, 0x00, 0x07, 0xf8, 0x07, 0xbc,
    0x73, 0xc3, 0xfe, 0x1c, 0x01, 0xf0, 0x3c, 0x00, 0x01, 0xfc, 0x03, 0xbc, 0x3f, 0xc7, 0xff, 0xf8, 0x01, 0xf0, 0x3c, 0x00, 0x01, 0xfe, 0x01, 0x08,
    0x0f, 0xef, 0xf3, 0xf0, 0x01, 0xf0, 0x38, 0x00, 0x01, 0xdf, 0x80, 0x00, 0x07, 0xff, 0xe1, 0xf0, 0x01, 0xf0, 0x38, 0x00, 0x00, 0x03, 0xc0, 0x00,
    0x03, 0xff, 0xc0, 0xf0, 0x03, 0xf0, 0x38, 0x00, 0x00, 0x00, 0xc0, 0x00, 0x01, 0xff, 0x00, 0xf8, 0x03, 0xf0, 0x30, 0x00, 0x00, 0x00, 0x40, 0xe0,
    0x01, 0xfe, 0x00, 0x78, 0x03, 0xf8, 0x30, 0x00, 0x00, 0x00, 0x00, 0xe0, 0x00, 0xfc, 0x00, 0x78, 0x07, 0x88, 0x70, 0x00, 0x00, 0x00, 0x00, 0xe0,
    0x00, 0x78, 0x00, 0x78, 0x0f, 0x8c, 0x60, 0x00, 0x00, 0x00, 0x00, 0x00, 0x00, 0x7c, 0x00, 0x78, 0x0f, 0x8c, 0x60, 0x00, 0x00, 0x00, 0x00, 0x00,
    0x00, 0x7e, 0x00, 0x78, 0x1f, 0x8c, 0xe0, 0x00, 0x00, 0x00, 0x00, 0x00, 0x04, 0xfe, 0x00, 0x78, 0x3f, 0x1c, 0xe0, 0x00, 0x00, 0x00, 0x00, 0x00,
    0x0f, 0xff, 0x80, 0x7c, 0x7f, 0x1e, 0xc0, 0x00, 0x00, 0x00, 0x00, 0x00, 0x0f, 0xff, 0xc0, 0x3c, 0xff, 0x1f, 0xc0, 0x00, 0x00, 0x00, 0x00, 0x00,
    0x00, 0x0f, 0xf0, 0x3f, 0xfb, 0x0f, 0xe0, 0x00, 0x00, 0x00, 0x00, 0x00, 0x00, 0x07, 0xff, 0x7f, 0xf3, 0x07, 0xe0, 0x00, 0x00, 0x00, 0x00, 0x00,
    0x00, 0x01, 0xff, 0xff, 0xe3, 0x07, 0xf0, 0x00, 0x00, 0x00, 0x00, 0x00, 0x00, 0x01, 0xff, 0xff, 0xe3, 0x07, 0xf0, 0x00, 0x00, 0x00, 0x00, 0x00,
    0x00, 0x01, 0xff, 0xff, 0xc3, 0x0f, 0xf8, 0x00, 0x00, 0x00, 0x00, 0x00, 0x00, 0x07, 0xcf, 0xf9, 0x83, 0x87, 0xf8, 0x00, 0x00, 0x00, 0x00, 0x00,
    0x00, 0x0f, 0x03, 0xf1, 0x81, 0x83, 0xf8, 0x00, 0x00, 0x00, 0x00, 0x00, 0x00, 0x18, 0x01, 0xc1, 0x00, 0x01, 0xf0, 0x00, 0x00, 0x00, 0x00, 0x00,
    0x00, 0x10, 0x03, 0x83, 0x00, 0x01, 0xf0, 0x00, 0x00, 0x00, 0x00, 0x00, 0x00, 0x00, 0x02, 0x03, 0x00, 0x00, 0xe0, 0x00, 0x00, 0x00, 0x00, 0x00,
    0x00, 0x00, 0x06, 0x03, 0x00, 0x00, 0xc0, 0x00, 0x00, 0x00, 0x00, 0x00, 0x00, 0x00, 0x0c, 0x03, 0x00, 0x00, 0x00, 0x00, 0x00, 0x00, 0x00, 0x00,
    0x00, 0x00, 0x0c, 0x00, 0x00, 0x00, 0x00, 0x00, 0x00, 0x00, 0x00, 0x00, 0x00, 0x00, 0x04, 0x00, 0x00, 0x00, 0x00, 0x00, 0x00, 0x00, 0x00, 0x00,
  }},
  {{
    0x00, 0x00, 0x01, 0x80, 0x00, 0x00, 0x00, 0x00, 0x00, 0x00, 0x00, 0x00, 0x00, 0x00, 0x01, 0x80, 0x00, 0x00, 0x00, 0x00, 0x00, 0x00, 0x00, 0x00,
    0x00, 0x00, 0x01, 0x80, 0x40, 0x00, 0x00, 0x00, 0x00, 0x00, 0x00, 0x00, 0x00, 0x00, 0x03, 0x00, 0xc0, 0x00, 0x00, 0x00, 0x00, 0x00, 0x00, 0x00,
    0x00, 0x06, 0x02, 0x00, 0xc0, 0x00, 0x00, 0x00, 0x00, 0x00, 0x00, 0x00, 0x00, 0x06, 0x06, 0x03, 0x80, 0x00, 0x00, 0x00, 0x00, 0x00, 0x00, 0x00,
    0x00, 0x02, 0x0e, 0x07, 0x00, 0x00, 0x00, 0x00, 0x00, 0x00, 0x00, 0x00, 0x00, 0x02, 0x1f, 0xfe, 0x00, 0x00, 0x00, 0x00, 0x00, 0x00, 0x00, 0x00,
    0x00, 0x06, 0x1f, 0xfc, 0x00, 0x00, 0x00, 0x00, 0x00, 0x00, 0x00, 0x00, 0x00, 0x06, 0x7f, 0xff, 0x80, 0x40, 0x00, 0x00, 0x00, 0x00, 0x00, 0x00,
    0x00, 0x06, 0xff, 0xff, 0xc0, 0xc0, 0x00, 0x00, 0x00, 0x00, 0x00, 0x00, 0x00, 0x07, 0xff, 0xff, 0xff, 0xc0, 0x03, 0xe0, 0x00, 0x00, 0x00, 0x00,
    0x02, 0x0f, 0xfc, 0x0f, 0xff, 0x00, 0x0f, 0xe0, 0x00, 0x00, 0x00, 0x00, 0x03, 0x0f, 0xe0, 0x07, 0xf8, 0x00, 0x1f, 0xe0, 0x00, 0x00, 0x00, 0x00,
    0x01, 0x1f, 0x80, 0x07, 0xfc, 0x01, 0xff, 0xe0, 0x00, 0x00, 0x00, 0x00, 0x01, 0x1f, 0x00, 0x0f, 0xfe, 0x01, 0xff, 0xe0, 0x00, 0x00, 0x00, 0x00,
    0x01, 0x3e, 0x00, 0x0f, 0x3f, 0x01, 0xff, 0xe0, 0x00, 0x00, 0x00, 0x00, 0x01, 0xfe, 0x00, 0x1f, 0x1f, 0x01, 0xff, 0xe0, 0x00, 0x00, 0x00, 0x00,
    0x01, 0xff, 0x00, 0x1f, 0x0f, 0xc0, 0x1f, 0xe0, 0x00, 0x00, 0x00, 0x00, 0x01, 0xff, 0x80, 0x1e, 0x07, 0xf0, 0x1f, 0x80, 0x00, 0x00, 0x00, 0x00,
    0x01, 0xff, 0xc0, 0x3e, 0x07, 0xff, 0x0f, 0x00, 0x00, 0x00, 0x00, 0x00, 0x01, 0xff, 0xe0, 0x3e, 0x03, 0xef, 0x0f, 0x00, 0x00, 0x00, 0x00, 0x00,
    0x01, 0xe3, 0xf0, 0x3c, 0x03, 0xc2, 0x0e, 0x00, 0x00, 0x00, 0x00, 0x00, 0x61, 0xe1, 0xf8, 0x7c, 0x03, 0xc0, 0x0e, 0x00, 0x00, 0x00, 0x00, 0x00,
    0x71, 0xe1, 0xfc, 0xfc, 0x01, 0xe0, 0x0e, 0x00, 0x00, 0x00, 0x00, 0x00, 0x19, 0xc0, 0xff, 0xf8, 0x01, 0xe0, 0x0e, 0x00, 0x01, 0xc0, 0x00, 0xf0,
    0x19, 0xc0, 0x7f, 0xf8, 0x00, 0xf0, 0x1e, 0x00, 0x01, 0xc0, 0x01, 0xf8, 0x0f, 0xc0, 0x3c, 0x1c, 0x00, 0xf0, 0x1e, 0x00, 0x00, 0x80, 0x03, 0xfc,
    0x0f, 0xc0, 0x18, 0x0c, 0x00, 0xf8, 0x1e, 0x00, 0x00, 0x00, 0x07, 0x9c, 0x07, 0xc0, 0x18, 0x06, 0x00, 0xf8, 0x13, 0x00, 0x00, 0x00, 0x07, 0x0e,
    0x07, 0xc0, 0x18, 0x07, 0xfd, 0xfc, 0x23, 0x80, 0x00, 0x0f, 0xe7, 0x0e, 0x07, 0xc0, 0x18, 0x07, 0xff, 0xfe, 0x61, 0xe0, 0x00, 0x1f, 0xc7, 0x0e,
    0x03, 0xc0, 0x18, 0x07, 0xff, 0xf7, 0xe1, 0xff, 0xf8, 0x3c, 0x87, 0x0e, 0x03, 0xc0, 0x18, 0x07, 0xff, 0xf3, 0xe3, 0xff, 0xff, 0xfc, 0x07, 0x0e,
    0x03, 0xc0, 0x78, 0x07, 0xff, 0xf0, 0xff, 0x00, 0xff, 0xfc, 0x07, 0x9e, 0x03, 0xc0, 0xfc, 0x0f, 0xff, 0xf0, 0x3e, 0x00, 0x07, 0xf8, 0x07, 0xdc,
    0x73, 0xc3, 0xfe, 0x1c, 0x01, 0xf0, 0x3c, 0x00, 0x01, 0xfc, 0x03, 0xcc, 0x3f, 0xc7, 0xff, 0xf8, 0x01, 0xf0, 0x3c, 0x00, 0x01, 0xfe, 0x01, 0x80,
    0x0f, 0xef, 0xf3, 0xf0, 0x01, 0xf0, 0x38, 0x00, 0x01, 0xdf, 0x80, 0x80, 0x07, 0xff, 0xe1, 0xf0, 0x01, 0xf0, 0x38, 0x00, 0x00, 0x03, 0xc0, 0x00,
    0x03, 0xff, 0xc0, 0xf0, 0x03, 0xf0, 0x38, 0x00, 0x00, 0x00, 0xc0, 0x00, 0x01, 0xff, 0x00, 0xf8, 0x03, 0xf0, 0x30, 0x00, 0x00, 0x00, 0x40, 0x38,
    0x01, 0xfe, 0x00, 0x78, 0x03, 0xf8, 0x30, 0x00, 0x00, 0x00, 0x00, 0x38, 0x00, 0xfc, 0x00, 0x78, 0x07, 0x88, 0x70, 0x00, 0x00, 0x00, 0x00, 0x30,
    0x00, 0x78, 0x00, 0x78, 0x0f, 0x8c, 0x60, 0x00, 0x00, 0x00, 0x00, 0x00, 0x00, 0x7c, 0x00, 0x78, 0x0f, 0x8c, 0x60, 0x00, 0x00, 0x00, 0x00, 0x00,
    0x00, 0x7e, 0x00, 0x78, 0x1f, 0x8c, 0xe0, 0x00, 0x00, 0x00, 0x00, 0x00, 0x04, 0xfe, 0x00, 0x78, 0x3f, 0x1c, 0xe0, 0x00, 0x00, 0x00, 0x00, 0x00,
    0x0f, 0xff, 0x80, 0x7c, 0x7f, 0x1e, 0xc0, 0x00, 0x00, 0x00, 0x00, 0x00, 0x0f, 0xff, 0xc0, 0x3c, 0xff, 0x1f, 0xc0, 0x00, 0x00, 0x00, 0x00, 0x00,
    0x00, 0x0f, 0xf0, 0x3f, 0xfb, 0x0f, 0xe0, 0x00, 0x00, 0x00, 0x00, 0x00, 0x00, 0x07, 0xff, 0x7f, 0xf3, 0x07, 0xe0, 0x00, 0x00, 0x00, 0x00, 0x00,
    0x00, 0x01, 0xff, 0xff, 0xe3, 0x07, 0xf0, 0x00, 0x00, 0x00, 0x00, 0x00, 0x00, 0x01, 0xff, 0xff, 0xe3, 0x07, 0xf0, 0x00, 0x00, 0x00, 0x00, 0x00,
    0x00, 0x01, 0xff, 0xff, 0xc3, 0x0f, 0xf8, 0x00, 0x00, 0x00, 0x00, 0x00, 0x00, 0x07, 0xcf, 0xf9, 0x83, 0x87, 0xf8, 0x00, 0x00, 0x00, 0x00, 0x00,
    0x00, 0x0f, 0x03, 0xf1, 0x81, 0x83, 0xf8, 0x00, 0x00, 0x00, 0x00, 0x00, 0x00, 0x18, 0x01, 0xc1, 0x00, 0x01, 0xf0, 0x00, 0x00, 0x00, 0x00, 0x00,
    0x00, 0x10, 0x03, 0x83, 0x00, 0x01, 0xf0, 0x00, 0x00, 0x00, 0x00, 0x00, 0x00, 0x00, 0x02, 0x03, 0x00, 0x00, 0xe0, 0x00, 0x00, 0x00, 0x00, 0x00,
    0x00, 0x00, 0x06, 0x03, 0x00, 0x00, 0xc0, 0x00, 0x00, 0x00, 0x00, 0x00, 0x00, 0x00, 0x0c, 0x03, 0x00, 0x00, 0x00, 0x00, 0x00, 0x00, 0x00, 0x00,
    0x00, 0x00, 0x0c, 0x00, 0x00, 0x00, 0x00, 0x00, 0x00, 0x00, 0x00, 0x00, 0x00, 0x00, 0x04, 0x00, 0x00, 0x00, 0x00, 0x00, 0x00, 0x00, 0x00, 0x00,
  }},
  {{
    0x00, 0x00, 0x01, 0x80, 0x00, 0x00, 0x00, 0x00, 0x00, 0x00, 0x00, 0x00, 0x00, 0x00, 0x01, 0x80, 0x00, 0x00, 0x00, 0x00, 0x00, 0x00, 0x00, 0x00,
    0x00, 0x00, 0x01, 0x80, 0x40, 0x00, 0x00, 0x00, 0x00, 0x00, 0x00, 0x00, 0x00, 0x00, 0x03, 0x00, 0xc0, 0x00, 0x00, 0x00, 0x00, 0x00, 0x00, 0x00,
    0x00, 0x06, 0x02, 0x00, 0xc0, 0x00, 0x00, 0x00, 0x00, 0x00, 0x00, 0x00, 0x00, 0x06, 0x06, 0x03, 0x80, 0x00, 0x00, 0x00, 0x00, 0x00, 0x00, 0x00,
    0x00, 0x02, 0x0e, 0x07, 0x00, 0x00, 0x00, 0x00, 0x00, 0x00, 0x00, 0x00, 0x00, 0x02, 0x1f, 0xfe, 0x00, 0x00, 0x00, 0x00, 0x00, 0x00, 0x00, 0x00,
    0x00, 0x06, 0x1f, 0xfc, 0x00, 0x00, 0x00, 0x00, 0x00, 0x00, 0x00, 0x00, 0x00, 0x06, 0x7f, 0xff, 0x80, 0x40, 0x00, 0x00, 0x00, 0x00, 0x00, 0x00,
    0x00, 0x06, 0xff, 0xff, 0xc0, 0xc0, 0x00, 0x00, 0x00, 0x00, 0x00, 0x00, 0x00, 0x07, 0xff, 0xff, 0xff, 0xc0, 0x03, 0xe0, 0x00, 0x00, 0x00, 0x00,
    0x02, 0x0f, 0xfc, 0x0f, 0xff, 0x00, 0x0f, 0xe0, 0x00, 0x00, 0x00, 0x00, 0x03, 0x0f, 0xe0, 0x07, 0xf8, 0x00, 0x1f, 0xe0, 0x00, 0x00, 0x00, 0x00,
    0x01, 0x1f, 0x80, 0x07, 0xfc, 0x01, 0xff, 0xe0, 0x00, 0x00, 0x00, 0x00, 0x01, 0x1f, 0x00, 0x0f, 0xfe, 0x01, 0xff, 0xe0, 0x00, 0x00, 0x00, 0x00,
    0x01, 0x3e, 0x00, 0x0f, 0x3f, 0x01, 0xff, 0xe0, 0x00, 0x00, 0x00, 0x00, 0x01, 0xfe, 0x00, 0x1f, 0x1f, 0x01, 0xff, 0xe0, 0x00, 0x00, 0x00, 0x00,
    0x01, 0xff, 0x00, 0x1f, 0x0f, 0xc0, 0x1f, 0xe0, 0x00, 0x00, 0x00, 0x00, 0x01, 0xff, 0x80, 0x1e, 0x07, 0xf0, 0x1f, 0x80, 0x00, 0x00, 0x00, 0x00,
    0x01, 0xff, 0xc0, 0x3e, 0x07, 0xff, 0x0f, 0x00, 0x00, 0x00, 0x00, 0x00, 0x01, 0xff, 0xe0, 0x3e, 0x03, 0xef, 0x0f, 0x00, 0x00, 0x00, 0x00, 0x00,
    0x01, 0xe3, 0xf0, 0x3c, 0x03, 0xc2, 0x0e, 0x00, 0x00, 0x00, 0x00, 0x00, 0x61, 0xe1, 0xf8, 0x7c, 0x03, 0xc0, 0x0e, 0x00, 0x00, 0x00, 0x00, 0x00,
    0x71, 0xe1, 0xfc, 0xfc, 0x01, 0xe0, 0x0e, 0x00, 0x00, 0x00, 0x00, 0x00, 0x19, 0xc0, 0xff, 0xf8, 0x01, 0xe0, 0x0e, 0x00, 0x01, 0xc0, 0x00, 0xf0,
    0x19, 0xc0, 0x7f, 0xf8, 0x00, 0xf0, 0x1e, 0x00, 0x01, 0xc0, 0x01, 0xf8, 0x0f, 0xc0, 0x3c, 0x1c, 0x00, 0xf0, 0x1e, 0x00, 0x00, 0x80, 0x03, 0xfc,
    0x0f, 0xc0, 0x18, 0x0c, 0x00, 0xf8, 0x1e, 0x00, 0x00, 0x00, 0x07, 0x9c, 0x07, 0xc0, 0x18, 0x06, 0x00, 0xf8, 0x13, 0x00, 0x00, 0x00, 0x07, 0x0e,
    0x07, 0xc0, 0x18, 0x07, 0xfd, 0xfc, 0x23, 0x80, 0x00, 0x0f, 0xe7, 0x0e, 0x07, 0xc0, 0x18, 0x07, 0xff, 0xfe, 0x61, 0xe0, 0x00, 0x1f, 0xc7, 0x0e,
    0x03, 0xc0, 0x18, 0x07, 0xff, 0xf7, 0xe1, 0xff, 0xf8, 0x3c, 0x87, 0x0e, 0x03, 0xc0, 0x18, 0x07, 0xff, 0xf3, 0xe3, 0xff, 0xff, 0xfc, 0x07, 0x0e,
    0x03, 0xc0, 0x78, 0x07, 0xff, 0xf0, 0xff, 0x00, 0xff, 0xfc, 0x07, 0x9e, 0x03, 0xc0, 0xfc, 0x0f, 0xff, 0xf0, 0x3e, 0x00, 0x07, 0xf8, 0x07, 0xbc,
    0x73, 0xc3, 0xfe, 0x1c, 0x01, 0xf0, 0x3c, 0x00, 0x01, 0xfc, 0x03, 0xbc, 0x3f, 0xc7, 0xff, 0xf8, 0x01, 0xf0, 0x3c, 0x00, 0x01, 0xfe, 0x01, 0x08,
    0x0f, 0xef, 0xf3, 0xf0, 0x01, 0xf0, 0x38, 0x00, 0x01, 0xdf, 0x80, 0x00, 0x07, 0xff, 0xe1, 0xf0, 0x01, 0xf0, 0x38, 0x00, 0x00, 0x03, 0xc0, 0x00,
    0x03, 0xff, 0xc0, 0xf0, 0x03, 0xf0, 0x38, 0x00, 0x00, 0x00, 0xc0, 0x00, 0x01, 0xff, 0x00, 0xf8, 0x03, 0xf0, 0x30, 0x00, 0x00, 0x00, 0x40, 0xe0,
    0x01, 0xfe, 0x00, 0x78, 0x03, 0xf8, 0x30, 0x00, 0x00, 0x00, 0x00, 0xe0, 0x00, 0xfc, 0x00, 0x78, 0x07, 0x88, 0x70, 0x00, 0x00, 0x00, 0x00, 0xe0,
    0x00, 0x78, 0x00, 0x78, 0x0f, 0x8c, 0x60, 0x00, 0x00, 0x00, 0x00, 0x00, 0x00, 0x7c, 0x00, 0x78, 0x0f, 0x8c, 0x60, 0x00, 0x00, 0x00, 0x00, 0x00,
    0x00, 0x7e, 0x00, 0x78, 0x1f, 0x8c, 0xe0, 0x00, 0x00, 0x00, 0x00, 0x00, 0x04, 0xfe, 0x00, 0x78, 0x3f, 0x1c, 0xe0, 0x00, 0x00, 0x00, 0x00, 0x00,
    0x0f, 0xff, 0x80, 0x7c, 0x7f, 0x1e, 0xc0, 0x00, 0x00, 0x00, 0x00, 0x00, 0x0f, 0xff, 0xc0, 0x3c, 0xff, 0x1f, 0xc0, 0x00, 0x00, 0x00, 0x00, 0x00,
    0x00, 0x0f, 0xf0, 0x3f, 0xfb, 0x0f, 0xe0, 0x00, 0x00, 0x00, 0x00, 0x00, 0x00, 0x07, 0xff, 0x7f, 0xf3, 0x07, 0xe0, 0x00, 0x00, 0x00, 0x00, 0x00,
    0x00, 0x01, 0xff, 0xff, 0xe3, 0x07, 0xf0, 0x00, 0x00, 0x00, 0x00, 0x00, 0x00, 0x01, 0xff, 0xff, 0xe3, 0x07, 0xf0, 0x00, 0x00, 0x00, 0x00, 0x00,
    0x00, 0x01, 0xff, 0xff, 0xc3, 0x0f, 0xf8, 0x00, 0x00, 0x00, 0x00, 0x00, 0x00, 0x07, 0xcf, 0xf9, 0x83, 0x87, 0xf8, 0x00, 0x00, 0x00, 0x00, 0x00,
    0x00, 0x0f, 0x03, 0xf1, 0x81, 0x83, 0xf8, 0x00, 0x00, 0x00, 0x00, 0x00, 0x00, 0x18, 0x01, 0xc1, 0x00, 0x01, 0xf0, 0x00, 0x00, 0x00, 0x00, 0x00,
    0x00, 0x10, 0x03, 0x83, 0x00, 0x01, 0xf0, 0x00, 0x00, 0x00, 0x00, 0x00, 0x00, 0x00, 0x02, 0x03, 0x00, 0x00, 0xe0, 0x00, 0x00, 0x00, 0x00, 0x00,
    0x00, 0x00, 0x06, 0x03, 0x00, 0x00, 0xc0, 0x00, 0x00, 0x00, 0x00, 0x00, 0x00, 0x00, 0x0c, 0x03, 0x00, 0x00, 0x00, 0x00, 0x00, 0x00, 0x00, 0x00,
    0x00, 0x00, 0x0c, 0x00, 0x00, 0x00, 0x00, 0x00, 0x00, 0x00, 0x00, 0x00, 0x00, 0x00, 0x04, 0x00, 0x00, 0x00, 0x00, 0x00, 0x00, 0x00, 0x00, 0x00,
  }},
  {{
    0x00, 0x00, 0x01, 0x80, 0x00, 0x00, 0x00, 0x00, 0x00, 0x00, 0x00, 0x00, 0x00, 0x00, 0x01, 0x80, 0x00, 0x00, 0x00, 0x00, 0x00, 0x00, 0x00, 0x00,
    0x00, 0x00, 0x01, 0x80, 0x40, 0x00, 0x00, 0x00, 0x00, 0x00, 0x00, 0x00, 0x00, 0x00, 0x03, 0x00, 0xc0, 0x00, 0x00, 0x00, 0x00, 0x00, 0x00, 0x00,
    0x00, 0x06, 0x02, 0x00, 0xc0, 0x00, 0x00, 0x00, 0x00, 0x00, 0x00, 0x00, 0x00, 0x06, 0x06, 0x03, 0x80, 0x00, 0x00, 0x00, 0x00, 0x00, 0x00, 0x00,
    0x00, 0x02, 0x0e, 0x07, 0x00, 0x00, 0x00, 0x00, 0x00, 0x00, 0x00, 0x00, 0x00, 0x02, 0x1f, 0xfe, 0x00, 0x00, 0x00, 0x00, 0x00, 0x00, 0x00, 0x00,
    0x00, 0x06, 0x1f, 0xfc, 0x00, 0x00, 0x00, 0x00, 0x00, 0x00, 0x00, 0x00, 0x00, 0x06, 0x7f, 0xff, 0x80, 0x40, 0x00, 0x00, 0x00, 0x00, 0x00, 0x00,
    0x00, 0x06, 0xff, 0xff, 0xc0, 0xc0, 0x01, 0x80, 0x00, 0x00, 0x00, 0x00, 0x00, 0x07, 0xff, 0xff, 0xff, 0xc0, 0x0f, 0x80, 0x00, 0x00, 0x00, 0x00,
    0x02, 0x0f, 0xfc, 0x0f, 0xff, 0x00, 0x1f, 0xc0, 0x00, 0x00, 0x00, 0x00, 0x03, 0x0f, 0xe0, 0x07, 0xf8, 0x00, 0x3f, 0xc0, 0x00, 0x00, 0x00, 0x00,
    0x01, 0x1f, 0x80, 0x07, 0xfc, 0x00, 0xff, 0xc0, 0x00, 0x00, 0x00, 0x00, 0x01, 0x1f, 0x00, 0x0f, 0xfe, 0x03, 0xff, 0xc0, 0x00, 0x00, 0x00, 0x00,
    0x01, 0x3e, 0x00, 0x0f, 0x3f, 0x07, 0xff, 0xc0, 0x00, 0x00, 0x00, 0x00, 0x01, 0xfe, 0x00, 0x1f, 0x1f, 0x07, 0xff, 0xc0, 0x00, 0x00, 0x00, 0x00,
    0x01, 0xff, 0x00, 0x1f, 0x0f, 0xc2, 0x3f, 0x80, 0x00, 0x00, 0x00, 0x00, 0x01, 0xff, 0x80, 0x1e, 0x07, 0xf0, 0x3f, 0x00, 0x00, 0x00, 0x00, 0x00,
    0x01, 0xff, 0xc0, 0x3e, 0x07, 0xff, 0x1e, 0x00, 0x00, 0x00, 0x00, 0x00, 0x01, 0xff, 0xe0, 0x3e, 0x03, 0xef, 0x1e, 0x00, 0x00, 0x00, 0x00, 0x00,
    0x01, 0xe3, 0xf0, 0x3c, 0x03, 0xc2, 0x1c, 0x00, 0x00, 0x00, 0x00, 0x00, 0x61, 0xe1, 0xf8, 0x7c, 0x03, 0xc0, 0x1c, 0x00, 0x00, 0x00, 0x00, 0x00,
    0x71, 0xe1, 0xfc, 0xfc, 0x01, 0xe0, 0x1c, 0x00, 0x00, 0x00, 0x00, 0x00, 0x19, 0xc0, 0xff, 0xf8, 0x01, 0xe0, 0x1c, 0x00, 0x01, 0xc0, 0x20, 0xf0,
    0x19, 0xc0, 0x7f, 0xf8, 0x00, 0xf0, 0x1e, 0x00, 0x01, 0xc0, 0x61, 0xf8, 0x0f, 0xc0, 0x3c, 0x1c, 0x00, 0xf0, 0x1e, 0x00, 0x00, 0x8f, 0xc3, 0xfc,
    0x0f, 0xc0, 0x18, 0x0c, 0x00, 0xf8, 0x1e, 0x00, 0x00, 0x1f, 0xc7, 0x9c, 0x07, 0xc0, 0x18, 0x06, 0x00, 0xf8, 0x33, 0x00, 0x00, 0x1c, 0x47, 0x0e,
    0x07, 0xc0, 0x18, 0x07, 0xfd, 0xfc, 0x23, 0xff, 0xff, 0xfc, 0x63, 0x0e, 0x07, 0xc0, 0x18, 0x07, 0xff, 0xfe, 0x61, 0xff, 0xff, 0xfc, 0x63, 0x0e,
    0x03, 0xc0, 0x18, 0x07, 0xff, 0xf7, 0xe1, 0xff, 0xff, 0xfc, 0x63, 0x0e, 0x03, 0xc0, 0x18, 0x07, 0xff, 0xf3, 0xe3, 0xc0, 0x00, 0x7c, 0x63, 0x0e,
    0x03, 0xc0, 0x78, 0x07, 0xff, 0xf0, 0xbf, 0x00, 0x00, 0x1f, 0xc7, 0x9e, 0x03, 0xc0, 0xfc, 0x0f, 0xff, 0xf0, 0x1e, 0x00, 0x00, 0x0f, 0xc7, 0xfc,
    0x73, 0xc3, 0xfe, 0x1c, 0x01, 0xf0, 0x1e, 0x00, 0x00, 0x81, 0xc3, 0xfc, 0x3f, 0xc7, 0xff, 0xf8, 0x01, 0xf0, 0x1c, 0x00, 0x01, 0xc0, 0x41, 0xf8,
    0x0f, 0xef, 0xf3, 0xf0, 0x01, 0xf0, 0x1c, 0x00, 0x01, 0xc0, 0x00, 0xf0, 0x07, 0xff, 0xe1, 0xf0, 0x01, 0xf0, 0x1c, 0x00, 0x00, 0x00, 0x00, 0x00,
    0x03, 0xff, 0xc0, 0xf0, 0x03, 0xf0, 0x18, 0x00, 0x00, 0x00, 0x00, 0x00, 0x01, 0xff, 0x00, 0xf8, 0x03, 0xf0, 0x18, 0x00, 0x00, 0x00, 0x00, 0x00,
    0x01, 0xfe, 0x00, 0x78, 0x03, 0xf8, 0x18, 0x00, 0x00, 0x00, 0x00, 0x00, 0x00, 0xfc, 0x00, 0x78, 0x07, 0x88, 0x18, 0x00, 0x00, 0x00, 0x00, 0x00,
    0x00, 0x78, 0x00, 0x78, 0x0f, 0x8c, 0x30, 0x00, 0x00, 0x00, 0x00, 0x00, 0x00, 0x7c, 0x00, 0x78, 0x0f, 0x8c, 0x30, 0x00, 0x00, 0x00, 0x00, 0x00,
    0x00, 0x7e, 0x00, 0x78, 0x1f, 0x86, 0x30, 0x00, 0x00, 0x00, 0x00, 0x00, 0x04, 0xfe, 0x00, 0x78, 0x3f, 0x06, 0x70, 0x00, 0x00, 0x00, 0x00, 0x00,
    0x0f, 0xff, 0x80, 0x7c, 0x7f, 0x0e, 0x70, 0x00, 0x00, 0x00, 0x00, 0x00, 0x0f, 0xff, 0xc0, 0x3c, 0xff, 0x0f, 0xf0, 0x00, 0x00, 0x00, 0x00, 0x00,
    0x00, 0x0f, 0xf0, 0x3f, 0xfb, 0x0f, 0xf0, 0x00, 0x00, 0x00, 0x00, 0x00, 0x00, 0x07, 0xff, 0x7f, 0xf3, 0x07, 0xf0, 0x00, 0x00, 0x00, 0x00, 0x00,
    0x00, 0x01, 0xff, 0xff, 0xe3, 0x03, 0xf8, 0x00, 0x00, 0x00, 0x00, 0x00, 0x00, 0x01, 0xff, 0xff, 0xe3, 0x03, 0xfc, 0x00, 0x00, 0x00, 0x00, 0x00,
    0x00, 0x01, 0xff, 0xff, 0xc3, 0x01, 0xfe, 0x00, 0x00, 0x00, 0x00, 0x00, 0x00, 0x07, 0xcf, 0xf9, 0x83, 0x81, 0xfe, 0x00, 0x00, 0x00, 0x00, 0x00,
    0x00, 0x0f, 0x03, 0xf1, 0x81, 0x81, 0xfe, 0x00, 0x00, 0x00, 0x00, 0x00, 0x00, 0x18, 0x01, 0xc1, 0x00, 0x00, 0xfc, 0x00, 0x00, 0x00, 0x00, 0x00,
    0x00, 0x10, 0x03, 0x83, 0x00, 0x00, 0x7c, 0x00, 0x00, 0x00, 0x00, 0x00, 0x00, 0x00, 0x02, 0x03, 0x00, 0x00, 0x78, 0x00, 0x00, 0x00, 0x00, 0x00,
    0x00, 0x00, 0x06, 0x03, 0x00, 0x00, 0x30, 0x00, 0x00, 0x00, 0x00, 0x00, 0x00, 0x00, 0x0c, 0x03, 0x00, 0x00, 0x10, 0x00, 0x00, 0x00, 0x00, 0x00,
    0x00, 0x00, 0x0c, 0x00, 0x00, 0x00, 0x00, 0x00, 0x00, 0x00, 0x00, 0x00, 0x00, 0x00, 0x04, 0x00, 0x00, 0x00, 0x00, 0x00, 0x00, 0x00, 0x00, 0x00,
  }},
  {{
    0x00, 0x00, 0x00, 0x08, 0x00, 0x00, 0x00, 0x00, 0x00, 0x00, 0x00, 0x00, 0x00, 0x00, 0x00, 0x18, 0x00, 0x00, 0x00, 0x00, 0x00, 0x00, 0x00, 0x00,
    0x00, 0x00, 0x60, 0x18, 0x00, 0x00, 0x00, 0x00, 0x00, 0x00, 0x00, 0x00, 0x00, 0x00, 0x60, 0x30, 0x00, 0x00, 0x00, 0x00, 0x00, 0x00, 0x00, 0x00,
    0x00, 0x00, 0x60, 0x20, 0x00, 0x00, 0x00, 0x00, 0x00, 0x00, 0x00, 0x00, 0x00, 0x00, 0x40, 0xe0, 0x0c, 0x00, 0x00, 0x00, 0x00, 0x00, 0x00, 0x00,
    0x00, 0x00, 0x41, 0xc0, 0x1c, 0x00, 0x00, 0x00, 0x00, 0x00, 0x00, 0x00, 0x00, 0x00, 0xc7, 0xe0, 0x78, 0x00, 0x00, 0x00, 0x00, 0x00, 0x00, 0x00,
    0x00, 0x60, 0xcf, 0xff, 0xf0, 0x00, 0x00, 0x00, 0x00, 0x00, 0x00, 0x00, 0x00, 0x61, 0xff, 0xff, 0xc0, 0x00, 0x00, 0x00, 0x00, 0x00, 0x00, 0x00,
    0x00, 0x61, 0xff, 0xff, 0xc0, 0x00, 0x06, 0x00, 0x00, 0x00, 0x00, 0x00, 0x00, 0x63, 0xff, 0xff, 0xe0, 0x00, 0x1f, 0x00, 0x00, 0x00, 0x00, 0x00,
    0x00, 0x67, 0xf8, 0x0f, 0xf8, 0x00, 0x3f, 0x00, 0x00, 0x00, 0x00, 0x00, 0x00, 0x67, 0xf0, 0x03, 0xfc, 0x00, 0x7f, 0x00, 0x00, 0x00, 0x00, 0x00,
    0x00, 0x7f, 0xc0, 0x01, 0xff, 0xf8, 0xff, 0x00, 0x00, 0x00, 0x00, 0x00, 0x00, 0x3f, 0xc0, 0x01, 0xff, 0xf9, 0xff, 0x80, 0x00, 0x00, 0x00, 0x00,
    0x00, 0x7f, 0xc0, 0x03, 0xff, 0x0f, 0xff, 0x80, 0x00, 0x00, 0x00, 0x00, 0x00, 0x7f, 0xe0, 0x03, 0xff, 0x07, 0xff, 0x00, 0x00, 0x00, 0x00, 0x00,
    0x10, 0xff, 0xe0, 0x07, 0xcf, 0x07, 0xfe, 0x00, 0x00, 0x00, 0x00, 0x00, 0x18, 0xf9, 0xf0, 0x07, 0xc7, 0x80, 0x7e, 0x00, 0x00, 0x00, 0x00, 0x00,
    0x0c, 0xf1, 0xf8, 0x0f, 0x87, 0xc0, 0x3c, 0x00, 0x00, 0x00, 0x00, 0xf0, 0x0c, 0xf0, 0xf8, 0x0f, 0x83, 0xc0, 0x3c, 0x00, 0x00, 0x00, 0x40, 0xe0,
    0x07, 0xe0, 0x7c, 0x1f, 0x83, 0xe0, 0x18, 0x00, 0x00, 0x00, 0x40, 0xe0, 0x07, 0xe0, 0x7e, 0x3f, 0x03, 0xf0, 0x18, 0x00, 0x00, 0x01, 0xc0, 0x00,
    0x07, 0xe0, 0x3f, 0xfe, 0x01, 0xf8, 0x18, 0x00, 0x00, 0x07, 0x80, 0x00, 0x07, 0xe0, 0x3f, 0xfe, 0x01, 0xff, 0x98, 0x00, 0x01, 0xde, 0x00, 0x00,
    0x03, 0xc0, 0x1f, 0xfc, 0x00, 0xef, 0x9c, 0x00, 0x01, 0xfc, 0x01, 0x18, 0x03, 0xc0, 0x1c, 0x1c, 0x00, 0xe0, 0x1e, 0x00, 0x00, 0xfc, 0x03, 0xfc,
    0x03, 0xc0, 0x1c, 0x0c, 0x00, 0xe0, 0x1e, 0x00, 0x0f, 0xf8, 0x07, 0xfc, 0x03, 0xc0, 0x18, 0x04, 0x00, 0xf0, 0x33, 0x87, 0xff, 0xfc, 0x07, 0x0e,
    0xe3, 0xc0, 0x18, 0x06, 0x00, 0xf0, 0x21, 0xff, 0xff, 0x7c, 0x07, 0x0e, 0xe3, 0xc0, 0x18, 0x06, 0x00, 0xf0, 0x61, 0xff, 0xc0, 0x1f, 0xc7, 0x0f,
    0x3b, 0xc0, 0x78, 0x07, 0xc0, 0xf0, 0x01, 0xc0, 0x00, 0x0f, 0xe7, 0x0f, 0x1f, 0xc1, 0xf8, 0x07, 0xf0, 0xf8, 0x01, 0x00, 0x00, 0x00, 0x67, 0x0e,
    0x0f, 0xcf, 0xf8, 0x07, 0xff, 0xf8, 0x1e, 0x00, 0x00, 0x00, 0x07, 0x9e, 0x07, 0xdf, 0xfc, 0x0f, 0xff, 0xfc, 0x1e, 0x00, 0x00, 0x00, 0x07, 0xfc,
    0x07, 0xff, 0xfc, 0x1f, 0xff, 0xfc, 0x1e, 0x00, 0x00, 0x80, 0x03, 0xfc, 0x03, 0xff, 0xe7, 0xf8, 0xff, 0xe6, 0x1e, 0x00, 0x01, 0xc0, 0x01, 0xf8,
    0x03, 0xff, 0x83, 0xf0, 0x3f, 0xe3, 0x1e, 0x00, 0x01, 0xc0, 0x00, 0xf0, 0x01, 0xfc, 0x01, 0xe0, 0x03, 0xe3, 0x1c, 0x00, 0x00, 0x00, 0x00, 0x00,
    0x01, 0xf8, 0x01, 0xe0, 0x03, 0xe0, 0x0c, 0x00, 0x00, 0x00, 0x00, 0x00, 0x00, 0xf0, 0x01, 0xe0, 0x03, 0xe0, 0x0c, 0x00, 0x00, 0x00, 0x00, 0x00,
    0x18, 0xf0, 0x01, 0xe0, 0x03, 0xe0, 0x0c, 0x00, 0x00, 0x00, 0x00, 0x00, 0x3f, 0xf0, 0x01, 0xe0, 0x07, 0xe0, 0x0c, 0x00, 0x00, 0x00, 0x00, 0x00,
    0x1f, 0xf8, 0x01, 0xe0, 0x0f, 0xe0, 0x18, 0x00, 0x00, 0x00, 0x00, 0x00, 0x01, 0xfc, 0x01, 0xe0, 0x0f, 0xe0, 0x18, 0x00, 0x00, 0x00, 0x00, 0x00,
    0x00, 0x7e, 0x01, 0xe0, 0x1f, 0x60, 0x18, 0x00, 0x00, 0x00, 0x00, 0x00, 0x00, 0x3e, 0x01, 0xe0, 0x3e, 0x60, 0x18, 0x00, 0x00, 0x00, 0x00, 0x00,
    0x00, 0x1f, 0x81, 0xe0, 0x7e, 0x21, 0x18, 0x00, 0x00, 0x00, 0x00, 0x00, 0x00, 0x0f, 0xc1, 0xe0, 0xfc, 0x33, 0x38, 0x00, 0x00, 0x00, 0x00, 0x00,
    0x00, 0x0f, 0xf1, 0xe7, 0xfc, 0x3f, 0xf8, 0x00, 0x00, 0x00, 0x00, 0x00, 0x00, 0x0f, 0xff, 0xff, 0xf8, 0x1f, 0xfc, 0x00, 0x00, 0x00, 0x00, 0x00,
    0x00, 0x7f, 0xff, 0xff, 0xf8, 0x01, 0xfe, 0x00, 0x00, 0x00, 0x00, 0x00, 0x00, 0xf9, 0xff, 0xff, 0x98, 0x00, 0xff, 0x00, 0x00, 0x00, 0x00, 0x00,
    0x00, 0xc0, 0x7f, 0xff, 0x98, 0x00, 0xff, 0x00, 0x00, 0x00, 0x00, 0x00, 0x00, 0x00, 0x1f, 0xfe, 0x18, 0x00, 0xff, 0x80, 0x00, 0x00, 0x00, 0x00,
    0x00, 0x00, 0x1f, 0xdc, 0x18, 0x00, 0xff, 0x80, 0x00, 0x00, 0x00, 0x00, 0x00, 0x00, 0x38, 0x18, 0x18, 0x00, 0x7f, 0x00, 0x00, 0x00, 0x00, 0x00,
    0x00, 0x00, 0x70, 0x18, 0x18, 0x00, 0x3f, 0x00, 0x00, 0x00, 0x00, 0x00, 0x00, 0x00, 0xe0, 0x10, 0x18, 0x00, 0x1e, 0x00, 0x00, 0x00, 0x00, 0x00,
    0x00, 0x00, 0xc0, 0x30, 0x00, 0x00, 0x0e, 0x00, 0x00, 0x00, 0x00, 0x00, 0x00, 0x00, 0xc0, 0x20, 0x00, 0x00, 0x00, 0x00, 0x00, 0x00, 0x00, 0x00,
    0x00, 0x00, 0x00, 0x20, 0x00, 0x00, 0x00, 0x00, 0x00, 0x00, 0x00, 0x00, 0x00, 0x00, 0x00, 0x20, 0x00, 0x00, 0x00, 0x00, 0x00, 0x00, 0x00, 0x00,
  }},
  {{
    0x00, 0x00, 0x00, 0x08, 0x00, 0x00, 0x00, 0x00, 0x00, 0x00, 0x00, 0x00, 0x00, 0x00, 0x00, 0x18, 0x00, 0x00, 0x00, 0x00, 0x00, 0x00, 0x00, 0x00,
    0x00, 0x00, 0x60, 0x18, 0x00, 0x00, 0x00, 0x00, 0x00, 0x00, 0x00, 0x00, 0x00, 0x00, 0x60, 0x30, 0x00, 0x00, 0x00, 0x00, 0x00, 0x00, 0x00, 0x00,
    0x00, 0x00, 0x60, 0x20, 0x00, 0x00, 0x00, 0x00, 0x00, 0x00, 0x00, 0x00, 0x00, 0x00, 0x40, 0xe0, 0x0c, 0x00, 0x00, 0x00, 0x00, 0x00, 0x00, 0x00,
    0x00, 0x00, 0x41, 0xc0, 0x1c, 0x00, 0x00, 0x00, 0x00, 0x00, 0x00, 0x00, 0x00, 0x00, 0xc7, 0xe0, 0x78, 0x00, 0x00, 0x00, 0x00, 0x00, 0x00, 0x00,
    0x00, 0x60, 0xcf, 0xff, 0xf0, 0x00, 0x00, 0x00, 0x00, 0x00, 0x00, 0x00, 0x00, 0x61, 0xff, 0xff, 0xc0, 0x00, 0x00, 0x00, 0x00, 0x00, 0x00, 0x00,
    0x00, 0x61, 0xff, 0xff, 0xc0, 0x00, 0x06, 0x00, 0x00, 0x00, 0x00, 0x00, 0x00, 0x63, 0xff, 0xff, 0xe0, 0x00, 0x1f, 0x00, 0x00, 0x00, 0x00, 0x00,
    0x00, 0x67, 0xf8, 0x0f, 0xf8, 0x00, 0x3f, 0x00, 0x00, 0x00, 0x00, 0x00, 0x00, 0x67, 0xf0, 0x03, 0xfc, 0x00, 0x7f, 0x00, 0x00, 0x00, 0x00, 0x00,
    0x00, 0x7f, 0xc0, 0x01, 0xff, 0xf8, 0xff, 0x00, 0x00, 0x00, 0x00, 0x00, 0x00, 0x3f, 0xc0, 0x01, 0xff, 0xf9, 0xff, 0x80, 0x00, 0x00, 0x00, 0x00,
    0x00, 0x7f, 0xc0, 0x03, 0xff, 0x0f, 0xff, 0x80, 0x00, 0x00, 0x00, 0x00, 0x00, 0x7f, 0xe0, 0x03, 0xff, 0x07, 0xff, 0x00, 0x00, 0x00, 0x00, 0x00,
    0x10, 0xff, 0xe0, 0x07, 0xcf, 0x07, 0xfe, 0x00, 0x00, 0x00, 0x00, 0x00, 0x18, 0xf9, 0xf0, 0x07, 0xc7, 0x80, 0x7e, 0x00, 0x00, 0x00, 0x00, 0x00,
    0x0c, 0xf1, 0xf8, 0x0f, 0x87, 0xc0, 0x3c, 0x00, 0x00, 0x00, 0x00, 0x38, 0x0c, 0xf0, 0xf8, 0x0f, 0x83, 0xc0, 0x3c, 0x00, 0x00, 0x00, 0x40, 0x38,
    0x07, 0xe0, 0x7c, 0x1f, 0x83, 0xe0, 0x18, 0x00, 0x00, 0x00, 0x40, 0x38, 0x07, 0xe0, 0x7e, 0x3f, 0x03, 0xf0, 0x18, 0x00, 0x00, 0x01, 0xc0, 0x00,
    0x07, 0xe0, 0x3f, 0xfe, 0x01, 0xf8, 0x18, 0x00, 0x00, 0x07, 0x80, 0x00, 0x07, 0xe0, 0x3f, 0xfe, 0x01, 0xff, 0x98, 0x00, 0x01, 0xde, 0x00, 0x80,
    0x03, 0xc0, 0x1f, 0xfc, 0x00, 0xef, 0x9c, 0x00, 0x01, 0xfc, 0x01, 0xc0, 0x03, 0xc0, 0x1c, 0x1c, 0x00, 0xe0, 0x1e, 0x00, 0x00, 0xfc, 0x03, 0xfc,
    0x03, 0xc0, 0x1c, 0x0c, 0x00, 0xe0, 0x1e, 0x00, 0x0f, 0xf8, 0x07, 0xdc, 0x03, 0xc0, 0x18, 0x04, 0x00, 0xf0, 0x33, 0x87, 0xff, 0xfc, 0x07, 0x1e,
    0xe3, 0xc0, 0x18, 0x06, 0x00, 0xf0, 0x21, 0xff, 0xff, 0x7c, 0x07, 0x0e, 0xe3, 0xc0, 0x18, 0x06, 0x00, 0xf0, 0x61, 0xff, 0xc0, 0x1f, 0xc7, 0x0e,
    0x3b, 0xc0, 0x78, 0x07, 0xc0, 0xf0, 0x01, 0xc0, 0x00, 0x0f, 0xe7, 0x0e, 0x1f, 0xc1, 0xf8, 0x07, 0xf0, 0xf8, 0x01, 0x00, 0x00, 0x00, 0x67, 0x0e,
    0x0f, 0xcf, 0xf8, 0x07, 0xff, 0xf8, 0x1e, 0x00, 0x00, 0x00, 0x07, 0x9e, 0x07, 0xdf, 0xfc, 0x0f, 0xff, 0xfc, 0x1e, 0x00, 0x00, 0x00, 0x07, 0xfc,
    0x07, 0xff, 0xfc, 0x1f, 0xff, 0xfc, 0x1e, 0x00, 0x00, 0x80, 0x03, 0xfc, 0x03, 0xff, 0xe7, 0xf8, 0xff, 0xe6, 0x1e, 0x00, 0x01, 0xc0, 0x01, 0xf8,
    0x03, 0xff, 0x83, 0xf0, 0x3f, 0xe3, 0x1e, 0x00, 0x01, 0xc0, 0x00, 0xf0, 0x01, 0xfc, 0x01, 0xe0, 0x03, 0xe3, 0x1c, 0x00, 0x00, 0x00, 0x00, 0x00,
    0x01, 0xf8, 0x01, 0xe0, 0x03, 0xe0, 0x0c, 0x00, 0x00, 0x00, 0x00, 0x00, 0x00, 0xf0, 0x01, 0xe0, 0x03, 0xe0, 0x0c, 0x00, 0x00, 0x00, 0x00, 0x00,
    0x18, 0xf0, 0x01, 0xe0, 0x03, 0xe0, 0x0c, 0x00, 0x00, 0x00, 0x00, 0x00, 0x3f, 0xf0, 0x01, 0xe0, 0x07, 0xe0, 0x0c, 0x00, 0x00, 0x00, 0x00, 0x00,
    0x1f, 0xf8, 0x01, 0xe0, 0x0f, 0xe0, 0x18, 0x00, 0x00, 0x00, 0x00, 0x00, 0x01, 0xfc, 0x01, 0xe0, 0x0f, 0xe0, 0x18, 0x00, 0x00, 0x00, 0x00, 0x00,
    0x00, 0x7e, 0x01, 0xe0, 0x1f, 0x60, 0x18, 0x00, 0x00, 0x00, 0x00, 0x00, 0x00, 0x3e, 0x01, 0xe0, 0x3e, 0x60, 0x18, 0x00, 0x00, 0x00, 0x00, 0x00,
    0x00, 0x1f, 0x81, 0xe0, 0x7e, 0x21, 0x18, 0x00, 0x00, 0x00, 0x00, 0x00, 0x00, 0x0f, 0xc1, 0xe0, 0xfc, 0x33, 0x38, 0x00, 0x00, 0x00, 0x00, 0x00,
    0x00, 0x0f, 0xf1, 0xe7, 0xfc, 0x3f, 0xf8, 0x00, 0x00, 0x00, 0x00, 0x00, 0x00, 0x0f, 0xff, 0xff, 0xf8, 0x1f, 0xfc, 0x00, 0x00, 0x00, 0x00, 0x00,
    0x00, 0x7f, 0xff, 0xff, 0xf8, 0x01, 0xfe, 0x00, 0x00, 0x00, 0x00, 0x00, 0x00, 0xf9, 0xff, 0xff, 0x98, 0x00, 0xff, 0x00, 0x00, 0x00, 0x00, 0x00,
    0x00, 0xc0, 0x7f, 0xff, 0x98, 0x00, 0xff, 0x00, 0x00, 0x00, 0x00, 0x00, 0x00, 0x00, 0x1f, 0xfe, 0x18, 0x00, 0xff, 0x80, 0x00, 0x00, 0x00, 0x00,
    0x00, 0x00, 0x1f, 0xdc, 0x18, 0x00, 0xff, 0x80, 0x00, 0x00, 0x00, 0x00, 0x00, 0x00, 0x38, 0x18, 0x18, 0x00, 0x7f, 0x00, 0x00, 0x00, 0x00, 0x00,
    0x00, 0x00, 0x70, 0x18, 0x18, 0x00, 0x3f, 0x00, 0x00, 0x00, 0x00, 0x00, 0x00, 0x00, 0xe0, 0x10, 0x18, 0x00, 0x1e, 0x00, 0x00, 0x00, 0x00, 0x00,
    0x00, 0x00, 0xc0, 0x30, 0x00, 0x00, 0x0e, 0x00, 0x00, 0x00, 0x00, 0x00, 0x00, 0x00, 0xc0, 0x20, 0x00, 0x00, 0x00, 0x00, 0x00, 0x00, 0x00, 0x00,
    0x00, 0x00, 0x00, 0x20, 0x00, 0x00, 0x00, 0x00, 0x00, 0x00, 0x00, 0x00, 0x00, 0x00, 0x00, 0x20, 0x00, 0x00, 0x00, 0x00, 0x00, 0x00, 0x00, 0x00,
  }},
  {{
    0x00, 0x00, 0x00, 0x08, 0x00, 0x00, 0x00, 0x00, 0x00, 0x00, 0x00, 0x00, 0x00, 0x00, 0x00, 0x18, 0x00, 0x00, 0x00, 0x00, 0x00, 0x00, 0x00, 0x00,
    0x00, 0x00, 0x60, 0x18, 0x00, 0x00, 0x00, 0x00, 0x00, 0x00, 0x00, 0x00, 0x00, 0x00, 0x60, 0x30, 0x00, 0x00, 0x00, 0x00, 0x00, 0x00, 0x00, 0x00,
    0x00, 0x00, 0x60, 0x20, 0x00, 0x00, 0x00, 0x00, 0x00, 0x00, 0x00, 0x00, 0x00, 0x00, 0x40, 0xe0, 0x0c, 0x00, 0x00, 0x00, 0x00, 0x00, 0x00, 0x00,
    0x00, 0x00, 0x41, 0xc0, 0x1c, 0x00, 0x00, 0x00, 0x00, 0x00, 0x00, 0x00, 0x00, 0x00, 0xc7, 0xe0, 0x78, 0x00, 0x00, 0x00, 0x00, 0x00, 0x00, 0x00,
    0x00, 0x60, 0xcf, 0xff, 0xf0, 0x00, 0x00, 0x00, 0x00, 0x00, 0x00, 0x00, 0x00, 0x61, 0xff, 0xff, 0xc0, 0x00, 0x00, 0x00, 0x00, 0x00, 0x00, 0x00,
    0x00, 0x61, 0xff, 0xff, 0xc0, 0x00, 0x06, 0x00, 0x00, 0x00, 0x00, 0x00, 0x00, 0x63, 0xff, 0xff, 0xe0, 0x00, 0x1f, 0x00, 0x00, 0x00, 0x00, 0x00,
    0x00, 0x67, 0xf8, 0x0f, 0xf8, 0x00, 0x3f, 0x00, 0x00, 0x00, 0x00, 0x00, 0x00, 0x67, 0xf0, 0x03, 0xfc, 0x00, 0x7f, 0x00, 0x00, 0x00, 0x00, 0x00,
    0x00, 0x7f, 0xc0, 0x01, 0xff, 0xf8, 0xff, 0x00, 0x00, 0x00, 0x00, 0x00, 0x00, 0x3f, 0xc0, 0x01, 0xff, 0xf9, 0xff, 0x80, 0x00, 0x00, 0x00, 0x00,
    0x00, 0x7f, 0xc0, 0x03, 0xff, 0x0f, 0xff, 0x80, 0x00, 0x00, 0x00, 0x00, 0x00, 0x7f, 0xe0, 0x03, 0xff, 0x07, 0xff, 0x00, 0x00, 0x00, 0x00, 0x00,
    0x10, 0xff, 0xe0, 0x07, 0xcf, 0x07, 0xfe, 0x00, 0x00, 0x00, 0x00, 0x00, 0x18, 0xf9, 0xf0, 0x07, 0xc7, 0x80, 0x7e, 0x00, 0x00, 0x00, 0x00, 0x00,
    0x0c, 0xf1, 0xf8, 0x0f, 0x87, 0xc0, 0x3c, 0x00, 0x00, 0x00, 0x00, 0xf0, 0x0c, 0xf0, 0xf8, 0x0f, 0x83, 0xc0, 0x3c, 0x00, 0x00, 0x00, 0x40, 0xe0,
    0x07, 0xe0, 0x7c, 0x1f, 0x83, 0xe0, 0x18, 0x00, 0x00, 0x00, 0x40, 0xe0, 0x07, 0xe0, 0x7e, 0x3f, 0x03, 0xf0, 0x18, 0x00, 0x00, 0x01, 0xc0, 0x00,
    0x07, 0xe0, 0x3f, 0xfe, 0x01, 0xf8, 0x18, 0x00, 0x00, 0x07, 0x80, 0x00, 0x07, 0xe0, 0x3f, 0xfe, 0x01, 0xff, 0x98, 0x00, 0x01, 0xde, 0x00, 0x00,
    0x03, 0xc0, 0x1f, 0xfc, 0x00, 0xef, 0x9c, 0x00, 0x01, 0xfc, 0x01, 0x18, 0x03, 0xc0, 0x1c, 0x1c, 0x00, 0xe0, 0x1e, 0x00, 0x00, 0xfc, 0x03, 0xfc,
    0x03, 0xc0, 0x1c, 0x0c, 0x00, 0xe0, 0x1e, 0x00, 0x0f, 0xf8, 0x07, 0xfc, 0x03, 0xc0, 0x18, 0x04, 0x00, 0xf0, 0x33, 0x87, 0xff, 0xfc, 0x07, 0x0e,
    0xe3, 0xc0, 0x18, 0x06, 0x00, 0xf0, 0x21, 0xff, 0xff, 0x7c, 0x07, 0x0e, 0xe3, 0xc0, 0x18, 0x06, 0x00, 0xf0, 0x61, 0xff, 0xc0, 0x1f, 0xc7, 0x0f,
    0x3b, 0xc0, 0x78, 0x07, 0xc0, 0xf0, 0x01, 0xc0, 0x00, 0x0f, 0xe7, 0x0f, 0x1f, 0xc1, 0xf8, 0x07, 0xf0, 0xf8, 0x01, 0x00, 0x00, 0x00, 0x67, 0x0e,
    0x0f, 0xcf, 0xf8, 0x07, 0xff, 0xf8, 0x1e, 0x00, 0x00, 0x00, 0x07, 0x9e, 0x07, 0xdf, 0xfc, 0x0f, 0xff, 0xfc, 0x1e, 0x00, 0x00, 0x00, 0x07, 0xfc,
    0x07, 0xff, 0xfc, 0x1f, 0xff, 0xfc, 0x1e, 0x00, 0x00, 0x80, 0x03, 0xfc, 0x03, 0xff, 0xe7, 0xf8, 0xff, 0xe6, 0x1e, 0x00, 0x01, 0xc0, 0x01, 0xf8,
    0x03, 0xff, 0x83, 0xf0, 0x3f, 0xe3, 0x1e, 0x00, 0x01, 0xc0, 0x00, 0xf0, 0x01, 0xfc, 0x01, 0xe0, 0x03, 0xe3, 0x1c, 0x00, 0x00, 0x00, 0x00, 0x00,
    0x01, 0xf8, 0x01, 0xe0, 0x03, 0xe0, 0x0c, 0x00, 0x00, 0x00, 0x00, 0x00, 0x00, 0xf0, 0x01, 0xe0, 0x03, 0xe0, 0x0c, 0x00, 0x00, 0x00, 0x00, 0x00,
    0x18, 0xf0, 0x01, 0xe0, 0x03, 0xe0, 0x0c, 0x00, 0x00, 0x00, 0x00, 0x00, 0x3f, 0xf0, 0x01, 0xe0, 0x07, 0xe0, 0x0c, 0x00, 0x00, 0x00, 0x00, 0x00,
    0x1f, 0xf8, 0x01, 0xe0, 0x0f, 0xe0, 0x18, 0x00, 0x00, 0x00, 0x00, 0x00, 0x01, 0xfc, 0x01, 0xe0, 0x0f, 0xe0, 0x18, 0x00, 0x00, 0x00, 0x00, 0x00,
    0x00, 0x7e, 0x01, 0xe0, 0x1f, 0x60, 0x18, 0x00, 0x00, 0x00, 0x00, 0x00, 0x00, 0x3e, 0x01, 0xe0, 0x3e, 0x60, 0x18, 0x00, 0x00, 0x00, 0x00, 0x00,
    0x00, 0x1f, 0x81, 0xe0, 0x7e, 0x21, 0x18, 0x00, 0x00, 0x00, 0x00, 0x00, 0x00, 0x0f, 0xc1, 0xe0, 0xfc, 0x33, 0x38, 0x00, 0x00, 0x00, 0x00, 0x00,
    0x00, 0x0f, 0xf1, 0xe7, 0xfc, 0x3f, 0xf8, 0x00, 0x00, 0x00, 0x00, 0x00, 0x00, 0x0f, 0xff, 0xff, 0xf8, 0x1f, 0xfc, 0x00, 0x00, 0x00, 0x00, 0x00,
    0x00, 0x7f, 0xff, 0xff, 0xf8, 0x01, 0xfe, 0x00, 0x00, 0x00, 0x00, 0x00, 0x00, 0xf9, 0xff, 0xff, 0x98, 0x00, 0xff, 0x00, 0x00, 0x00, 0x00, 0x00,
    0x00, 0xc0, 0x7f, 0xff, 0x98, 0x00, 0xff, 0x00, 0x00, 0x00, 0x00, 0x00, 0x00, 0x00, 0x1f, 0xfe, 0x18, 0x00, 0xff, 0x80, 0x00, 0x00, 0x00, 0x00,
    0x00, 0x00, 0x1f, 0xdc, 0x18, 0x00, 0xff, 0x80, 0x00, 0x00, 0x00, 0x00, 0x00, 0x00, 0x38, 0x18, 0x18, 0x00, 0x7f, 0x00, 0x00, 0x00, 0x00, 0x00,
    0x00, 0x00, 0x70, 0x18, 0x18, 0x00, 0x3f, 0x00, 0x00, 0x00, 0x00, 0x00, 0x00, 0x00, 0xe0, 0x10, 0x18, 0x00, 0x1e, 0x00, 0x00, 0x00, 0x00, 0x00,
    0x00, 0x00, 0xc0, 0x30, 0x00, 0x00, 0x0e, 0x00, 0x00, 0x00, 0x00, 0x00, 0x00, 0x00, 0xc0, 0x20, 0x00, 0x00, 0x00, 0x00, 0x00, 0x00, 0x00, 0x00,
    0x00, 0x00, 0x00, 0x20, 0x00, 0x00, 0x00, 0x00, 0x00, 0x00, 0x00, 0x00, 0x00, 0x00, 0x00, 0x20, 0x00, 0x00, 0x00, 0x00, 0x00, 0x00, 0x00, 0x00,
  }},
  {{
    0x00, 0x00, 0x00, 0x08, 0x00, 0x00, 0x00, 0x00, 0x00, 0x00, 0x00, 0x00, 0x00, 0x00, 0x00, 0x18, 0x00, 0x00, 0x00, 0x00, 0x00, 0x00, 0x00, 0x00,
    0x00, 0x00, 0x60, 0x18, 0x00, 0x00, 0x00, 0x00, 0x00, 0x00, 0x00, 0x00, 0x00, 0x00, 0x60, 0x30, 0x00, 0x00, 0x00, 0x00, 0x00, 0x00, 0x00, 0x00,
    0x00, 0x00, 0x60, 0x20, 0x00, 0x00, 0x00, 0x00, 0x00, 0x00, 0x00, 0x00, 0x00, 0x00, 0x40, 0xe0, 0x0c, 0x00, 0x00, 0x00, 0x00, 0x00, 0x00, 0x00,
    0x00, 0x00, 0x41, 0xc0, 0x1c, 0x00, 0x00, 0x00, 0x00, 0x00, 0x00, 0x00, 0x00, 0x00, 0xc7, 0xe0, 0x78, 0x00, 0x00, 0x00, 0x00, 0x00, 0x00, 0x00,
    0x00, 0x60, 0xcf, 0xff, 0xf0, 0x00, 0x00, 0x00, 0x00, 0x00, 0x00, 0x00, 0x00, 0x61, 0xff, 0xff, 0xc0, 0x00, 0x00, 0x00, 0x00, 0x00, 0x00, 0x00,
    0x00, 0x61, 0xff, 0xff, 0xc0, 0x00, 0x01, 0x80, 0x00, 0x00, 0x00, 0x00, 0x00, 0x63, 0xff, 0xff, 0xe0, 0x00, 0x07, 0xc0, 0x00, 0x00, 0x00, 0x00,
    0x00, 0x67, 0xf8, 0x0f, 0xf8, 0x00, 0x1f, 0xc0, 0x00, 0x00, 0x00, 0x00, 0x00, 0x67, 0xf0, 0x03, 0xfc, 0x00, 0x3f, 0xc0, 0x00, 0x00, 0x00, 0x00,
    0x00, 0x7f, 0xc0, 0x01, 0xff, 0xf9, 0xff, 0xc0, 0x00, 0x00, 0x00, 0x00, 0x00, 0x3f, 0xc0, 0x01, 0xff, 0xfb, 0xff, 0xc0, 0x00, 0x00, 0x00, 0x00,
    0x00, 0x7f, 0xc0, 0x03, 0xff, 0x03, 0xff, 0xc0, 0x00, 0x00, 0x00, 0x00, 0x00, 0x7f, 0xe0, 0x03, 0xff, 0x03, 0xff, 0x80, 0x00, 0x00, 0x00, 0x00,
    0x10, 0xff, 0xe0, 0x07, 0xcf, 0x00, 0x3f, 0x80, 0x00, 0x00, 0x00, 0x00, 0x18, 0xf9, 0xf0, 0x07, 0xc7, 0x80, 0x3f, 0x00, 0x00, 0x00, 0x00, 0x00,
    0x0c, 0xf1, 0xf8, 0x0f, 0x87, 0xc0, 0x1e, 0x00, 0x00, 0x00, 0x00, 0x00, 0x0c, 0xf0, 0xf8, 0x0f, 0x83, 0xc0, 0x1e, 0x00, 0x00, 0x00, 0x00, 0x00,
    0x07, 0xe0, 0x7c, 0x1f, 0x83, 0xe0, 0x1e, 0x00, 0x00, 0x00, 0x00, 0x00, 0x07, 0xe0, 0x7e, 0x3f, 0x03, 0xf0, 0x1c, 0x00, 0x00, 0x00, 0x00, 0x00,
    0x07, 0xe0, 0x3f, 0xfe, 0x01, 0xf8, 0x1c, 0x00, 0x00, 0x00, 0x00, 0x00, 0x07, 0xe0, 0x3f, 0xfe, 0x01, 0xff, 0x9c, 0x00, 0x01, 0xc0, 0x20, 0xf0,
    0x03, 0xc0, 0x1f, 0xfc, 0x00, 0xef, 0x9e, 0x00, 0x01, 0xc0, 0x61, 0xf8, 0x03, 0xc0, 0x1c, 0x1c, 0x00, 0xe0, 0x1e, 0x00, 0x00, 0x0f, 0xc3, 0xfc,
    0x03, 0xc0, 0x1c, 0x0c, 0x00, 0xe0, 0x1e, 0x00, 0x00, 0x1f, 0xc7, 0xfc, 0x03, 0xc0, 0x18, 0x04, 0x00, 0xf0, 0x13, 0x00, 0x00, 0x1c, 0x43, 0x0e,
    0xe3, 0xc0, 0x18, 0x06, 0x00, 0xf0, 0x21, 0xff, 0xff, 0xfc, 0x63, 0x0e, 0xe3, 0xc0, 0x18, 0x06, 0x00, 0xf0, 0x61, 0xff, 0xff, 0xfc, 0x63, 0x0e,
    0x3f, 0xc0, 0x78, 0x07, 0xc0, 0xf0, 0x01, 0xff, 0xff, 0xfc, 0x63, 0x0e, 0x1f, 0xc1, 0xf8, 0x07, 0xf0, 0xf8, 0x01, 0x80, 0x00, 0x3c, 0x63, 0x0e,
    0x0f, 0xcf, 0xf8, 0x07, 0xff, 0xf8, 0x1e, 0x00, 0x00, 0x1e, 0xc7, 0x9e, 0x07, 0xdf, 0xfc, 0x0f, 0xff, 0xfc, 0x1e, 0x00, 0x00, 0x0f, 0xc7, 0xfc,
    0x07, 0xff, 0xfc, 0x1f, 0xff, 0xfc, 0x1e, 0x00, 0x00, 0x87, 0xc3, 0xfc, 0x03, 0xff, 0xe7, 0xf8, 0xff, 0xe6, 0x1c, 0x00, 0x01, 0xc0, 0x61, 0xf8,
    0x03, 0xff, 0x83, 0xf0, 0x3f, 0xe3, 0x1c, 0x00, 0x01, 0xc0, 0x00, 0xf0, 0x01, 0xfc, 0x01, 0xe0, 0x03, 0xe3, 0x18, 0x00, 0x00, 0x00, 0x00, 0x00,
    0x01, 0xf8, 0x01, 0xe0, 0x03, 0xe0, 0x18, 0x00, 0x00, 0x00, 0x00, 0x00, 0x00, 0xf0, 0x01, 0xe0, 0x03, 0xe0, 0x18, 0x00, 0x00, 0x00, 0x00, 0x00,
    0x18, 0xf0, 0x01, 0xe0, 0x03, 0xe0, 0x18, 0x00, 0x00, 0x00, 0x00, 0x00, 0x3f, 0xf0, 0x01, 0xe0, 0x07, 0xe0, 0x10, 0x00, 0x00, 0x00, 0x00, 0x00,
    0x1f, 0xf8, 0x01, 0xe0, 0x0f, 0xe0, 0x30, 0x00, 0x00, 0x00, 0x00, 0x00, 0x01, 0xfc, 0x01, 0xe0, 0x0f, 0xe0, 0x30, 0x00, 0x00, 0x00, 0x00, 0x00,
    0x00, 0x7e, 0x01, 0xe0, 0x1f, 0x60, 0x30, 0x00, 0x00, 0x00, 0x00, 0x00, 0x00, 0x3e, 0x01, 0xe0, 0x3e, 0x60, 0x70, 0x00, 0x00, 0x00, 0x00, 0x00,
    0x00, 0x1f, 0x81, 0xe0, 0x7e, 0x3e, 0x70, 0x00, 0x00, 0x00, 0x00, 0x00, 0x00, 0x0f, 0xc1, 0xe0, 0xfc, 0x3f, 0x70, 0x00, 0x00, 0x00, 0x00, 0x00,
    0x00, 0x0f, 0xf1, 0xe7, 0xfc, 0x3f, 0xf0, 0x00, 0x00, 0x00, 0x00, 0x00, 0x00, 0x0f, 0xff, 0xff, 0xf8, 0x1f, 0xf0, 0x00, 0x00, 0x00, 0x00, 0x00,
    0x00, 0x7f, 0xff, 0xff, 0xf8, 0x03, 0xf8, 0x00, 0x00, 0x00, 0x00, 0x00, 0x00, 0xf9, 0xff, 0xff, 0x98, 0x03, 0xfc, 0x00, 0x00, 0x00, 0x00, 0x00,
    0x00, 0xc0, 0x7f, 0xff, 0x98, 0x03, 0xfe, 0x00, 0x00, 0x00, 0x00, 0x00, 0x00, 0x00, 0x1f, 0xfe, 0x18, 0x01, 0xfe, 0x00, 0x00, 0x00, 0x00, 0x00,
    0x00, 0x00, 0x1f, 0xdc, 0x18, 0x01, 0xfe, 0x00, 0x00, 0x00, 0x00, 0x00, 0x00, 0x00, 0x38, 0x18, 0x18, 0x00, 0xfc, 0x00, 0x00, 0x00, 0x00, 0x00,
    0x00, 0x00, 0x70, 0x18, 0x18, 0x00, 0xfc, 0x00, 0x00, 0x00, 0x00, 0x00, 0x00, 0x00, 0xe0, 0x10, 0x18, 0x00, 0x78, 0x00, 0x00, 0x00, 0x00, 0x00,
    0x00, 0x00, 0xc0, 0x30, 0x00, 0x00, 0x30, 0x00, 0x00, 0x00, 0x00, 0x00, 0x00, 0x00, 0xc0, 0x20, 0x00, 0x00, 0x10, 0x00, 0x00, 0x00, 0x00, 0x00,
    0x00, 0x00, 0x00, 0x20, 0x00, 0x00, 0x00, 0x00, 0x00, 0x00, 0x00, 0x00, 0x00, 0x00, 0x00, 0x20, 0x00, 0x00, 0x00, 0x00, 0x00, 0x00, 0x00, 0x00,
  }},
  {{
    0x00, 0x00, 0x01, 0x80, 0x00, 0x00, 0x00, 0x00, 0x00, 0x00, 0x00, 0x00, 0x00, 0x00, 0x01, 0x80, 0x00, 0x00, 0x00, 0x00, 0x00, 0x00, 0x00, 0x00,
    0x00, 0x00, 0x01, 0x00, 0x40, 0x00, 0x00, 0x00, 0x00, 0x00, 0x00, 0x00, 0x00, 0x00, 0x03, 0x00, 0xc0, 0x00, 0x00, 0x00, 0x00, 0x00, 0x00, 0x00,
    0x00, 0x06, 0x02, 0x01, 0xc0, 0x00, 0x00, 0x00, 0x00, 0x00, 0x00, 0x00, 0x00, 0x06, 0x06, 0x03, 0x80, 0x00, 0x00, 0x00, 0x00, 0x00, 0x00, 0x00,
    0x00, 0x02, 0x0e, 0x07, 0x00, 0x00, 0x00, 0x00, 0x00, 0x00, 0x00, 0x00, 0x00, 0x02, 0x1f, 0xfe, 0x00, 0x00, 0x00, 0x00, 0x00, 0x00, 0x00, 0x00,
    0x00, 0x06, 0x1f, 0xfc, 0x00, 0x00, 0x00, 0x00, 0x00, 0x00, 0x00, 0x00, 0x00, 0x06, 0x7f, 0xff, 0x80, 0x40, 0x00, 0x00, 0x00, 0x00, 0x00, 0x00,
    0x00, 0x06, 0xff, 0xff, 0xc0, 0xc0, 0x00, 0x00, 0x00, 0x00, 0x00, 0x00, 0x00, 0x07, 0xff, 0xff, 0xff, 0xc0, 0x03, 0xe0, 0x00, 0x00, 0x00, 0x00,
    0x02, 0x0f, 0xf8, 0x1f, 0xff, 0x00, 0x0f, 0xe0, 0x00, 0x00, 0x00, 0x00, 0x03, 0x0f, 0xf8, 0x03, 0xf8, 0x00, 0x1f, 0xe0, 0x00, 0x00, 0x00, 0x00,
    0x03, 0x1f, 0xf8, 0x00, 0xfc, 0x01, 0xff, 0xe0, 0x00, 0x00, 0x00, 0x00, 0x01, 0x1f, 0xfc, 0x00, 0x7e, 0x01, 0xff, 0xe0, 0x00, 0x00, 0x00, 0x00,
    0x01, 0x3e, 0x7c, 0x00, 0x3f, 0x01, 0xff, 0xe0, 0x00, 0x00, 0x00, 0x00, 0x01, 0xfc, 0x3c, 0x00, 0x3f, 0x01, 0xff, 0xe0, 0x00, 0x00, 0x00, 0x00,
    0x01, 0xfc, 0x3c, 0x00, 0x7f, 0xc0, 0x1f, 0xe0, 0x00, 0x00, 0x00, 0x00, 0x01, 0xf8, 0x3e, 0x00, 0xff, 0xf0, 0x1f, 0x80, 0x00, 0x00, 0x00, 0x00,
    0x01, 0xf0, 0x1e, 0x01, 0xff, 0xff, 0x0f, 0x00, 0x00, 0x00, 0x00, 0x00, 0x01, 0xf0, 0x1e, 0x03, 0xfb, 0xef, 0x0f, 0x00, 0x00, 0x00, 0x00, 0x00,
    0x01, 0xe0, 0x1f, 0x03, 0xf3, 0xc2, 0x0e, 0x00, 0x00, 0x00, 0x00, 0x00, 0x61, 0xe0, 0x1f, 0x87, 0xe3, 0xc0, 0x0e, 0x00, 0x00, 0x00, 0x00, 0x00,
    0x71, 0xe0, 0x0f, 0xcf, 0xc1, 0xe0, 0x0e, 0x00, 0x00, 0x00, 0x00, 0x00, 0x11, 0xc0, 0x07, 0xff, 0x81, 0xe0, 0x0e, 0x00, 0x01, 0xc0, 0x00, 0xf0,
    0x1b, 0xc0, 0x0f, 0xff, 0x80, 0xf0, 0x1e, 0x00, 0x01, 0xc0, 0x01, 0xf8, 0x0f, 0xc0, 0x0c, 0x1f, 0x00, 0xf0, 0x1e, 0x00, 0x00, 0x80, 0x03, 0xfc,
    0x0f, 0xc0, 0x18, 0x0e, 0x00, 0xf0, 0x1e, 0x00, 0x00, 0x00, 0x07, 0x9c, 0x07, 0xc0, 0x18, 0x04, 0x00, 0xf8, 0x13, 0x00, 0x00, 0x00, 0x07, 0x0e,
    0x07, 0xcf, 0xf8, 0x06, 0x00, 0xfc, 0x23, 0x80, 0x00, 0x0f, 0xe7, 0x0e, 0x07, 0xff, 0xf8, 0x06, 0x00, 0xfe, 0x61, 0xe0, 0x00, 0x1f, 0xc7, 0x0e,
    0x03, 0xff, 0xf8, 0x06, 0x00, 0xf7, 0xe1, 0xff, 0xf8, 0x3c, 0x87, 0x0e, 0x03, 0xff, 0xf8, 0x06, 0x00, 0xf3, 0xe3, 0xff, 0xff, 0xfc, 0x07, 0x0e,
    0x03, 0xff, 0xf8, 0x07, 0x80, 0xf0, 0xff, 0x00, 0xff, 0xfc, 0x07, 0x9e, 0x03, 0xff, 0xfc, 0x0f, 0xc0, 0xf0, 0x3e, 0x00, 0x07, 0xf8, 0x07, 0xbc,
    0x73, 0xe0, 0x0e, 0x1f, 0xe0, 0xf0, 0x3c, 0x00, 0x01, 0xfc, 0x03, 0xbc, 0x3f, 0xc0, 0x07, 0xff, 0xf8, 0xf0, 0x3c, 0x00, 0x01, 0xfe, 0x01, 0x08,
    0x1f, 0xc0, 0x07, 0xf7, 0xfd, 0xf0, 0x38, 0x00, 0x01, 0xdf, 0x80, 0x00, 0x07, 0xe0, 0x07, 0xc1, 0xff, 0xf0, 0x38, 0x00, 0x00, 0x03, 0xc0, 0x00,
    0x03, 0xe0, 0x07, 0xc0, 0xff, 0xf0, 0x38, 0x00, 0x00, 0x00, 0xc0, 0x00, 0x01, 0xe0, 0x07, 0x80, 0x3f, 0xf0, 0x30, 0x00, 0x00, 0x00, 0x40, 0xe0,
    0x01, 0xf0, 0x07, 0x80, 0x1f, 0xb8, 0x30, 0x00, 0x00, 0x00, 0x00, 0xe0, 0x00, 0xf0, 0x07, 0x80, 0x0f, 0x98, 0x70, 0x00, 0x00, 0x00, 0x00, 0xe0,
    0x00, 0x78, 0x07, 0x80, 0x0f, 0x8c, 0x60, 0x00, 0x00, 0x00, 0x00, 0x00, 0x00, 0x7c, 0x07, 0x80, 0x0f, 0x8c, 0x60, 0x00, 0x00, 0x00, 0x00, 0x00,
    0x00, 0x7e, 0x0f, 0x80, 0x1f, 0x0c, 0xe0, 0x00, 0x00, 0x00, 0x00, 0x00, 0x04, 0xfe, 0x0f, 0x80, 0x3f, 0x1c, 0xe0, 0x00, 0x00, 0x00, 0x00, 0x00,
    0x0f, 0xff, 0x8f, 0x00, 0x7f, 0x1e, 0xc0, 0x00, 0x00, 0x00, 0x00, 0x00, 0x0f, 0xff, 0xdf, 0x00, 0xff, 0x1f, 0xc0, 0x00, 0x00, 0x00, 0x00, 0x00,
    0x00, 0x0f, 0xff, 0x03, 0xfb, 0x0f, 0xe0, 0x00, 0x00, 0x00, 0x00, 0x00, 0x00, 0x07, 0xff, 0xbf, 0xf3, 0x07, 0xe0, 0x00, 0x00, 0x00, 0x00, 0x00,
    0x00, 0x01, 0xff, 0xff, 0xe3, 0x07, 0xf0, 0x00, 0x00, 0x00, 0x00, 0x00, 0x00, 0x01, 0xff, 0xff, 0xe3, 0x07, 0xf0, 0x00, 0x00, 0x00, 0x00, 0x00,
    0x00, 0x01, 0xff, 0xff, 0xc3, 0x0f, 0xf8, 0x00, 0x00, 0x00, 0x00, 0x00, 0x00, 0x07, 0x8f, 0xf9, 0x83, 0x87, 0xf8, 0x00, 0x00, 0x00, 0x00, 0x00,
    0x00, 0x0f, 0x03, 0xf1, 0x81, 0x83, 0xf8, 0x00, 0x00, 0x00, 0x00, 0x00, 0x00, 0x18, 0x03, 0x81, 0x00, 0x01, 0xf0, 0x00, 0x00, 0x00, 0x00, 0x00,
    0x00, 0x10, 0x03, 0x83, 0x00, 0x01, 0xf0, 0x00, 0x00, 0x00, 0x00, 0x00, 0x00, 0x00, 0x02, 0x03, 0x00, 0x00, 0xe0, 0x00, 0x00, 0x00, 0x00, 0x00,
    0x00, 0x00, 0x06, 0x03, 0x00, 0x00, 0xc0, 0x00, 0x00, 0x00, 0x00, 0x00, 0x00, 0x00, 0x0c, 0x03, 0x00, 0x00, 0x00, 0x00, 0x00, 0x00, 0x00, 0x00,
    0x00, 0x00, 0x0c, 0x00, 0x00, 0x00, 0x00, 0x00, 0x00, 0x00, 0x00, 0x00, 0x00, 0x00, 0x04, 0x00, 0x00, 0x00, 0x00, 0x00, 0x00, 0x00, 0x00, 0x00,
  }},
  {{
    0x00, 0x00, 0x01, 0x80, 0x00, 0x00, 0x00, 0x00, 0x00, 0x00, 0x00, 0x00, 0x00, 0x00, 0x01, 0x80, 0x00, 0x00, 0x00, 0x00, 0x00, 0x00, 0x00, 0x00,
    0x00, 0x00, 0x01, 0x00, 0x40, 0x00, 0x00, 0x00, 0x00, 0x00, 0x00, 0x00, 0x00, 0x00, 0x03, 0x00, 0xc0, 0x00, 0x00, 0x00, 0x00, 0x00, 0x00, 0x00,
    0x00, 0x06, 0x02, 0x01, 0xc0, 0x00, 0x00, 0x00, 0x00, 0x00, 0x00, 0x00, 0x00, 0x06, 0x06, 0x03, 0x80, 0x00, 0x00, 0x00, 0x00, 0x00, 0x00, 0x00,
    0x00, 0x02, 0x0e, 0x07, 0x00, 0x00, 0x00, 0x00, 0x00, 0x00, 0x00, 0x00, 0x00, 0x02, 0x1f, 0xfe, 0x00, 0x00, 0x00, 0x00, 0x00, 0x00, 0x00, 0x00,
    0x00, 0x06, 0x1f, 0xfc, 0x00, 0x00, 0x00, 0x00, 0x00, 0x00, 0x00, 0x00, 0x00, 0x06, 0x7f, 0xff, 0x80, 0x40, 0x00, 0x00, 0x00, 0x00, 0x00, 0x00,
    0x00, 0x06, 0xff, 0xff, 0xc0, 0xc0, 0x00, 0x00, 0x00, 0x00, 0x00, 0x00, 0x00, 0x07, 0xff, 0xff, 0xff, 0xc0, 0x03, 0xe0, 0x00, 0x00, 0x00, 0x00,
    0x02, 0x0f, 0xf8, 0x1f, 0xff, 0x00, 0x0f, 0xe0, 0x00, 0x00, 0x00, 0x00, 0x03, 0x0f, 0xf8, 0x03, 0xf8, 0x00, 0x1f, 0xe0, 0x00, 0x00, 0x00, 0x00,
    0x03, 0x1f, 0xf8, 0x00, 0xfc, 0x01, 0xff, 0xe0, 0x00, 0x00, 0x00, 0x00, 0x01, 0x1f, 0xfc, 0x00, 0x7e, 0x01, 0xff, 0xe0, 0x00, 0x00, 0x00, 0x00,
    0x01, 0x3e, 0x7c, 0x00, 0x3f, 0x01, 0xff, 0xe0, 0x00, 0x00, 0x00, 0x00, 0x01, 0xfc, 0x3c, 0x00, 0x3f, 0x01, 0xff, 0xe0, 0x00, 0x00, 0x00, 0x00,
    0x01, 0xfc, 0x3c, 0x00, 0x7f, 0xc0, 0x1f, 0xe0, 0x00, 0x00, 0x00, 0x00, 0x01, 0xf8, 0x3e, 0x00, 0xff, 0xf0, 0x1f, 0x80, 0x00, 0x00, 0x00, 0x00,
    0x01, 0xf0, 0x1e, 0x01, 0xff, 0xff, 0x0f, 0x00, 0x00, 0x00, 0x00, 0x00, 0x01, 0xf0, 0x1e, 0x03, 0xfb, 0xef, 0x0f, 0x00, 0x00, 0x00, 0x00, 0x00,
    0x01, 0xe0, 0x1f, 0x03, 0xf3, 0xc2, 0x0e, 0x00, 0x00, 0x00, 0x00, 0x00, 0x61, 0xe0, 0x1f, 0x87, 0xe3, 0xc0, 0x0e, 0x00, 0x00, 0x00, 0x00, 0x00,
    0x71, 0xe0, 0x0f, 0xcf, 0xc1, 0xe0, 0x0e, 0x00, 0x00, 0x00, 0x00, 0x00, 0x11, 0xc0, 0x07, 0xff, 0x81, 0xe0, 0x0e, 0x00, 0x01, 0xc0, 0x00, 0xf0,
    0x1b, 0xc0, 0x0f, 0xff, 0x80, 0xf0, 0x1e, 0x00, 0x01, 0xc0, 0x01, 0xf8, 0x0f, 0xc0, 0x0c, 0x1f, 0x00, 0xf0, 0x1e, 0x00, 0x00, 0x80, 0x03, 0xfc,
    0x0f, 0xc0, 0x18, 0x0e, 0x00, 0xf0, 0x1e, 0x00, 0x00, 0x00, 0x07, 0x9c, 0x07, 0xc0, 0x18, 0x04, 0x00, 0xf8, 0x13, 0x00, 0x00, 0x00, 0x07, 0x0e,
    0x07, 0xcf, 0xf8, 0x06, 0x00, 0xfc, 0x23, 0x80, 0x00, 0x0f, 0xe7, 0x0e, 0x07, 0xff, 0xf8, 0x06, 0x00, 0xfe, 0x61, 0xe0, 0x00, 0x1f, 0xc7, 0x0e,
    0x03, 0xff, 0xf8, 0x06, 0x00, 0xf7, 0xe1, 0xff, 0xf8, 0x3c, 0x87, 0x0e, 0x03, 0xff, 0xf8, 0x06, 0x00, 0xf3, 0xe3, 0xff, 0xff, 0xfc, 0x07, 0x0e,
    0x03, 0xff, 0xf8, 0x07, 0x80, 0xf0, 0xff, 0x00, 0xff, 0xfc, 0x07, 0x9e, 0x03, 0xff, 0xfc, 0x0f, 0xc0, 0xf0, 0x3e, 0x00, 0x07, 0xf8, 0x07, 0xdc,
    0x73, 0xe0, 0x0e, 0x1f, 0xe0, 0xf0, 0x3c, 0x00, 0x01, 0xfc, 0x03, 0xcc, 0x3f, 0xc0, 0x07, 0xff, 0xf8, 0xf0, 0x3c, 0x00, 0x01, 0xfe, 0x01, 0x80,
    0x1f, 0xc0, 0x07, 0xf7, 0xfd, 0xf0, 0x38, 0x00, 0x01, 0xdf, 0x80, 0x80, 0x07, 0xe0, 0x07, 0xc1, 0xff, 0xf0, 0x38, 0x00, 0x00, 0x03, 0xc0, 0x00,
    0x03, 0xe0, 0x07, 0xc0, 0xff, 0xf0, 0x38, 0x00, 0x00, 0x00, 0xc0, 0x00, 0x01, 0xe0, 0x07, 0x80, 0x3f, 0xf0, 0x30, 0x00, 0x00, 0x00, 0x40, 0x38,
    0x01, 0xf0, 0x07, 0x80, 0x1f, 0xb8, 0x30, 0x00, 0x00, 0x00, 0x00, 0x38, 0x00, 0xf0, 0x07, 0x80, 0x0f, 0x98, 0x70, 0x00, 0x00, 0x00, 0x00, 0x30,
    0x00, 0x78, 0x07, 0x80, 0x0f, 0x8c, 0x60, 0x00, 0x00, 0x00, 0x00, 0x00, 0x00, 0x7c, 0x07, 0x80, 0x0f, 0x8c, 0x60, 0x00, 0x00, 0x00, 0x00, 0x00,
    0x00, 0x7e, 0x0f, 0x80, 0x1f, 0x0c, 0xe0, 0x00, 0x00, 0x00, 0x00, 0x00, 0x04, 0xfe, 0x0f, 0x80, 0x3f, 0x1c, 0xe0, 0x00, 0x00, 0x00, 0x00, 0x00,
    0x0f, 0xff, 0x8f, 0x00, 0x7f, 0x1e, 0xc0, 0x00, 0x00, 0x00, 0x00, 0x00, 0x0f, 0xff, 0xdf, 0x00, 0xff, 0x1f, 0xc0, 0x00, 0x00, 0x00, 0x00, 0x00,
    0x00, 0x0f, 0xff, 0x03, 0xfb, 0x0f, 0xe0, 0x00, 0x00, 0x00, 0x00, 0x00, 0x00, 0x07, 0xff, 0xbf, 0xf3, 0x07, 0xe0, 0x00, 0x00, 0x00, 0x00, 0x00,
    0x00, 0x01, 0xff, 0xff, 0xe3, 0x07, 0xf0, 0x00, 0x00, 0x00, 0x00, 0x00, 0x00, 0x01, 0xff, 0xff, 0xe3, 0x07, 0xf0, 0x00, 0x00, 0x00, 0x00, 0x00,
    0x00, 0x01, 0xff, 0xff, 0xc3, 0x0f, 0xf8, 0x00, 0x00, 0x00, 0x00, 0x00, 0x00, 0x07, 0x8f, 0xf9, 0x83, 0x87, 0xf8, 0x00, 0x00, 0x00, 0x00, 0x00,
    0x00, 0x0f, 0x03, 0xf1, 0x81, 0x83, 0xf8, 0x00, 0x00, 0x00, 0x00, 0x00, 0x00, 0x18, 0x03, 0x81, 0x00, 0x01, 0xf0, 0x00, 0x00, 0x00, 0x00, 0x00,
    0x00, 0x10, 0x03, 0x83, 0x00, 0x01, 0xf0, 0x00, 0x00, 0x00, 0x00, 0x00, 0x00, 0x00, 0x02, 0x03, 0x00, 0x00, 0xe0, 0x00, 0x00, 0x00, 0x00, 0x00,
    0x00, 0x00, 0x06, 0x03, 0x00, 0x00, 0xc0, 0x00, 0x00, 0x00, 0x00, 0x00, 0x00, 0x00, 0x0c, 0x03, 0x00, 0x00, 0x00, 0x00, 0x00, 0x00, 0x00, 0x00,
    0x00, 0x00, 0x0c, 0x00, 0x00, 0x00, 0x00, 0x00, 0x00, 0x00, 0x00, 0x00, 0x00, 0x00, 0x04, 0x00, 0x00, 0x00, 0x00, 0x00, 0x00, 0x00, 0x00, 0x00,
  }},
  {{
    0x00, 0x00, 0x01, 0x80, 0x00, 0x00, 0x00, 0x00, 0x00, 0x00, 0x00, 0x00, 0x00, 0x00, 0x01, 0x80, 0x00, 0x00, 0x00, 0x00, 0x00, 0x00, 0x00, 0x00,
    0x00, 0x00, 0x01, 0x00, 0x40, 0x00, 0x00, 0x00, 0x00, 0x00, 0x00, 0x00, 0x00, 0x00, 0x03, 0x00, 0xc0, 0x00, 0x00, 0x00, 0x00, 0x00, 0x00, 0x00,
    0x00, 0x06, 0x02, 0x01, 0xc0, 0x00, 0x00, 0x00, 0x00, 0x00, 0x00, 0x00, 0x00, 0x06, 0x06, 0x03, 0x80, 0x00, 0x00, 0x00, 0x00, 0x00, 0x00, 0x00,
    0x00, 0x02, 0x0e, 0x07, 0x00, 0x00, 0x00, 0x00, 0x00, 0x00, 0x00, 0x00, 0x00, 0x02, 0x1f, 0xfe, 0x00, 0x00, 0x00, 0x00, 0x00, 0x00, 0x00, 0x00,
    0x00, 0x06, 0x1f, 0xfc, 0x00, 0x00, 0x00, 0x00, 0x00, 0x00, 0x00, 0x00, 0x00, 0x06, 0x7f, 0xff, 0x80, 0x40, 0x00, 0x00, 0x00, 0x00, 0x00, 0x00,
    0x00, 0x06, 0xff, 0xff, 0xc0, 0xc0, 0x00, 0x00, 0x00, 0x00, 0x00, 0x00, 0x00, 0x07, 0xff, 0xff, 0xff, 0xc0, 0x03, 0xe0, 0x00, 0x00, 0x00, 0x00,
    0x02, 0x0f, 0xf8, 0x1f, 0xff, 0x00, 0x0f, 0xe0, 0x00, 0x00, 0x00, 0x00, 0x03, 0x0f, 0xf8, 0x03, 0xf8, 0x00, 0x1f, 0xe0, 0x00, 0x00, 0x00, 0x00,
    0x03, 0x1f, 0xf8, 0x00, 0xfc, 0x01, 0xff, 0xe0, 0x00, 0x00, 0x00, 0x00, 0x01, 0x1f, 0xfc, 0x00, 0x7e, 0x01, 0xff, 0xe0, 0x00, 0x00, 0x00, 0x00,
    0x01, 0x3e, 0x7c, 0x00, 0x3f, 0x01, 0xff, 0xe0, 0x00, 0x00, 0x00, 0x00, 0x01, 0xfc, 0x3c, 0x00, 0x3f, 0x01, 0xff, 0xe0, 0x00, 0x00, 0x00, 0x00,
    0x01, 0xfc, 0x3c, 0x00, 0x7f, 0xc0, 0x1f, 0xe0, 0x00, 0x00, 0x00, 0x00, 0x01, 0xf8, 0x3e, 0x00, 0xff, 0xf0, 0x1f, 0x80, 0x00, 0x00, 0x00, 0x00,
    0x01, 0xf0, 0x1e, 0x01, 0xff, 0xff, 0x0f, 0x00, 0x00, 0x00, 0x00, 0x00, 0x01, 0xf0, 0x1e, 0x03, 0xfb, 0xef, 0x0f, 0x00, 0x00, 0x00, 0x00, 0x00,
    0x01, 0xe0, 0x1f, 0x03, 0xf3, 0xc2, 0x0e, 0x00, 0x00, 0x00, 0x00, 0x00, 0x61, 0xe0, 0x1f, 0x87, 0xe3, 0xc0, 0x0e, 0x00, 0x00, 0x00, 0x00, 0x00,
    0x71, 0xe0, 0x0f, 0xcf, 0xc1, 0xe0, 0x0e, 0x00, 0x00, 0x00, 0x00, 0x00, 0x11, 0xc0, 0x07, 0xff, 0x81, 0xe0, 0x0e, 0x00, 0x01, 0xc0, 0x00, 0xf0,
    0x1b, 0xc0, 0x0f, 0xff, 0x80, 0xf0, 0x1e, 0x00, 0x01, 0xc0, 0x01, 0xf8, 0x0f, 0xc0, 0x0c, 0x1f, 0x00, 0xf0, 0x1e, 0x00, 0x00, 0x80, 0x03, 0xfc,
    0x0f, 0xc0, 0x18, 0x0e, 0x00, 0xf0, 0x1e, 0x00, 0x00, 0x00, 0x07, 0x9c, 0x07, 0xc0, 0x18, 0x04, 0x00, 0xf8, 0x13, 0x00, 0x00, 0x00, 0x07, 0x0e,
    0x07, 0xcf, 0xf8, 0x06, 0x00, 0xfc, 0x23, 0x80, 0x00, 0x0f, 0xe7, 0x0e, 0x07, 0xff, 0xf8, 0x06, 0x00, 0xfe, 0x61, 0xe0, 0x00, 0x1f, 0xc7, 0x0e,
    0x03, 0xff, 0xf8, 0x06, 0x00, 0xf7, 0xe1, 0xff, 0xf8, 0x3c, 0x87, 0x0e, 0x03, 0xff, 0xf8, 0x06, 0x00, 0xf3, 0xe3, 0xff, 0xff, 0xfc, 0x07, 0x0e,
    0x03, 0xff, 0xf8, 0x07, 0x80, 0xf0, 0xff, 0x00, 0xff, 0xfc, 0x07, 0x9e, 0x03, 0xff, 0xfc, 0x0f, 0xc0, 0xf0, 0x3e, 0x00, 0x07, 0xf8, 0x07, 0xbc,
    0x73, 0xe0, 0x0e, 0x1f, 0xe0, 0xf0, 0x3c, 0x00, 0x01, 0xfc, 0x03, 0xbc, 0x3f, 0xc0, 0x07, 0xff, 0xf8, 0xf0, 0x3c, 0x00, 0x01, 0xfe, 0x01, 0x08,
    0x1f, 0xc0, 0x07, 0xf7, 0xfd, 0xf0, 0x38, 0x00, 0x01, 0xdf, 0x80, 0x00, 0x07, 0xe0, 0x07, 0xc1, 0xff, 0xf0, 0x38, 0x00, 0x00, 0x03, 0xc0, 0x00,
    0x03, 0xe0, 0x07, 0xc0, 0xff, 0xf0, 0x38, 0x00, 0x00, 0x00, 0xc0, 0x00, 0x01, 0xe0, 0x07, 0x80, 0x3f, 0xf0, 0x30, 0x00, 0x00, 0x00, 0x40, 0xe0,
    0x01, 0xf0, 0x07, 0x80, 0x1f, 0xb8, 0x30, 0x00, 0x00, 0x00, 0x00, 0xe0, 0x00, 0xf0, 0x07, 0x80, 0x0f, 0x98, 0x70, 0x00, 0x00, 0x00, 0x00, 0xe0,
    0x00, 0x78, 0x07, 0x80, 0x0f, 0x8c, 0x60, 0x00, 0x00, 0x00, 0x00, 0x00, 0x00, 0x7c, 0x07, 0x80, 0x0f, 0x8c, 0x60, 0x00, 0x00, 0x00, 0x00, 0x00,
    0x00, 0x7e, 0x0f, 0x80, 0x1f, 0x0c, 0xe0, 0x00, 0x00, 0x00, 0x00, 0x00, 0x04, 0xfe, 0x0f, 0x80, 0x3f, 0x1c, 0xe0, 0x00, 0x00, 0x00, 0x00, 0x00,
    0x0f, 0xff, 0x8f, 0x00, 0x7f, 0x1e, 0xc0, 0x00, 0x00, 0x00, 0x00, 0x00, 0x0f, 0xff, 0xdf, 0x00, 0xff, 0x1f, 0xc0, 0x00, 0x00, 0x00, 0x00, 0x00,
    0x00, 0x0f, 0xff, 0x03, 0xfb, 0x0f, 0xe0, 0x00, 0x00, 0x00, 0x00, 0x00, 0x00, 0x07, 0xff, 0xbf, 0xf3, 0x07, 0xe0, 0x00, 0x00, 0x00, 0x00, 0x00,
    0x00, 0x01, 0xff, 0xff, 0xe3, 0x07, 0xf0, 0x00, 0x00, 0x00, 0x00, 0x00, 0x00, 0x01, 0xff, 0xff, 0xe3, 0x07, 0xf0, 0x00, 0x00, 0x00, 0x00, 0x00,
    0x00, 0x01, 0xff, 0xff, 0xc3, 0x0f, 0xf8, 0x00, 0x00, 0x00, 0x00, 0x00, 0x00, 0x07, 0x8f, 0xf9, 0x83, 0x87, 0xf8, 0x00, 0x00, 0x00, 0x00, 0x00,
    0x00, 0x0f, 0x03, 0xf1, 0x81, 0x83, 0xf8, 0x00, 0x00, 0x00, 0x00, 0x00, 0x00, 0x18, 0x03, 0x81, 0x00, 0x01, 0xf0, 0x00, 0x00, 0x00, 0x00, 0x00,
    0x00, 0x10, 0x03, 0x83, 0x00, 0x01, 0xf0, 0x00, 0x00, 0x00, 0x00, 0x00, 0x00, 0x00, 0x02, 0x03, 0x00, 0x00, 0xe0, 0x00, 0x00, 0x00, 0x00, 0x00,
    0x00, 0x00, 0x06, 0x03, 0x00, 0x00, 0xc0, 0x00, 0x00, 0x00, 0x00, 0x00, 0x00, 0x00, 0x0c, 0x03, 0x00, 0x00, 0x00, 0x00, 0x00, 0x00, 0x00, 0x00,
    0x00, 0x00, 0x0c, 0x00, 0x00, 0x00, 0x00, 0x00, 0x00, 0x00, 0x00, 0x00, 0x00, 0x00, 0x04, 0x00, 0x00, 0x00, 0x00, 0x00, 0x00, 0x00, 0x00, 0x00,
  }},
  {{
    0x00, 0x00, 0x01, 0x80, 0x00, 0x00, 0x00, 0x00, 0x00, 0x00, 0x00, 0x00, 0x00, 0x00, 0x01, 0x80, 0x00, 0x00, 0x00, 0x00, 0x00, 0x00, 0x00, 0x00,
    0x00, 0x00, 0x01, 0x00, 0x40, 0x00, 0x00, 0x00, 0x00, 0x00, 0x00, 0x00, 0x00, 0x00, 0x03, 0x00, 0xc0, 0x00, 0x00, 0x00, 0x00, 0x00, 0x00, 0x00,
    0x00, 0x06, 0x02, 0x01, 0xc0, 0x00, 0x00, 0x00, 0x00, 0x00, 0x00, 0x00, 0x00, 0x06, 0x06, 0x03, 0x80, 0x00, 0x00, 0x00, 0x00, 0x00, 0x00, 0x00,
    0x00, 0x02, 0x0e, 0x07, 0x00, 0x00, 0x00, 0x00, 0x00, 0x00, 0x00, 0x00, 0x00, 0x02, 0x1f, 0xfe, 0x00, 0x00, 0x00, 0x00, 0x00, 0x00, 0x00, 0x00,
    0x00, 0x06, 0x1f, 0xfc, 0x00, 0x00, 0x00, 0x00, 0x00, 0x00, 0x00, 0x00, 0x00, 0x06, 0x7f, 0xff, 0x80, 0x40, 0x00, 0x00, 0x00, 0x00, 0x00, 0x00,
    0x00, 0x06, 0xff, 0xff, 0xc0, 0xc0, 0x01, 0x80, 0x00, 0x00, 0x00, 0x00, 0x00, 0x07, 0xff, 0xff, 0xff, 0xc0, 0x0f, 0x80, 0x00, 0x00, 0x00, 0x00,
    0x02, 0x0f, 0xf8, 0x1f, 0xff, 0x00, 0x1f, 0xc0, 0x00, 0x00, 0x00, 0x00, 0x03, 0x0f, 0xf8, 0x03, 0xf8, 0x00, 0x3f, 0xc0, 0x00, 0x00, 0x00, 0x00,
    0x03, 0x1f, 0xf8, 0x00, 0xfc, 0x00, 0xff, 0xc0, 0x00, 0x00, 0x00, 0x00, 0x01, 0x1f, 0xfc, 0x00, 0x7e, 0x03, 0xff, 0xc0, 0x00, 0x00, 0x00, 0x00,
    0x01, 0x3e, 0x7c, 0x00, 0x3f, 0x07, 0xff, 0xc0, 0x00, 0x00, 0x00, 0x00, 0x01, 0xfc, 0x3c, 0x00, 0x3f, 0x07, 0xff, 0xc0, 0x00, 0x00, 0x00, 0x00,
    0x01, 0xfc, 0x3c, 0x00, 0x7f, 0xc2, 0x3f, 0x80, 0x00, 0x00, 0x00, 0x00, 0x01, 0xf8, 0x3e, 0x00, 0xff, 0xf0, 0x3f, 0x00, 0x00, 0x00, 0x00, 0x00,
    0x01, 0xf0, 0x1e, 0x01, 0xff, 0xff, 0x1e, 0x00, 0x00, 0x00, 0x00, 0x00, 0x01, 0xf0, 0x1e, 0x03, 0xfb, 0xef, 0x1e, 0x00, 0x00, 0x00, 0x00, 0x00,
    0x01, 0xe0, 0x1f, 0x03, 0xf3, 0xc2, 0x1c, 0x00, 0x00, 0x00, 0x00, 0x00, 0x61, 0xe0, 0x1f, 0x87, 0xe3, 0xc0, 0x1c, 0x00, 0x00, 0x00, 0x00, 0x00,
    0x71, 0xe0, 0x0f, 0xcf, 0xc1, 0xe0, 0x1c, 0x00, 0x00, 0x00, 0x00, 0x00, 0x11, 0xc0, 0x07, 0xff, 0x81, 0xe0, 0x1c, 0x00, 0x01, 0xc0, 0x20, 0xf0,
    0x1b, 0xc0, 0x0f, 0xff, 0x80, 0xf0, 0x1e, 0x00, 0x01, 0xc0, 0x61, 0xf8, 0x0f, 0xc0, 0x0c, 0x1f, 0x00, 0xf0, 0x1e, 0x00, 0x00, 0x8f, 0xc3, 0xfc,
    0x0f, 0xc0, 0x18, 0x0e, 0x00, 0xf0, 0x1e, 0x00, 0x00, 0x1f, 0xc7, 0x9c, 0x07, 0xc0, 0x18, 0x04, 0x00, 0xf8, 0x33, 0x00, 0x00, 0x1c, 0x47, 0x0e,
    0x07, 0xcf, 0xf8, 0x06, 0x00, 0xfc, 0x23, 0xff, 0xff, 0xfc, 0x63, 0x0e, 0x07, 0xff, 0xf8, 0x06, 0x00, 0xfe, 0x61, 0xff, 0xff, 0xfc, 0x63, 0x0e,
    0x03, 0xff, 0xf8, 0x06, 0x00, 0xf7, 0xe1, 0xff, 0xff, 0xfc, 0x63, 0x0e, 0x03, 0xff, 0xf8, 0x06, 0x00, 0xf3, 0xe3, 0xc0, 0x00, 0x7c, 0x63, 0x0e,
    0x03, 0xff, 0xf8, 0x07, 0x80, 0xf0, 0xbf, 0x00, 0x00, 0x1f, 0xc7, 0x9e, 0x03, 0xff, 0xfc, 0x0f, 0xc0, 0xf0, 0x1e, 0x00, 0x00, 0x0f, 0xc7, 0xfc,
    0x73, 0xe0, 0x0e, 0x1f, 0xe0, 0xf0, 0x1e, 0x00, 0x00, 0x81, 0xc3, 0xfc, 0x3f, 0xc0, 0x07, 0xff, 0xf8, 0xf0, 0x1c, 0x00, 0x01, 0xc0, 0x41, 0xf8,
    0x1f, 0xc0, 0x07, 0xf7, 0xfd, 0xf0, 0x1c, 0x00, 0x01, 0xc0, 0x00, 0xf0, 0x07, 0xe0, 0x07, 0xc1, 0xff, 0xf0, 0x1c, 0x00, 0x00, 0x00, 0x00, 0x00,
    0x03, 0xe0, 0x07, 0xc0, 0xff, 0xf0, 0x18, 0x00, 0x00, 0x00, 0x00, 0x00, 0x01, 0xe0, 0x07, 0x80, 0x3f, 0xf0, 0x18, 0x00, 0x00, 0x00, 0x00, 0x00,
    0x01, 0xf0, 0x07, 0x80, 0x1f, 0xb8, 0x18, 0x00, 0x00, 0x00, 0x00, 0x00, 0x00, 0xf0, 0x07, 0x80, 0x0f, 0x98, 0x18, 0x00, 0x00, 0x00, 0x00, 0x00,
    0x00, 0x78, 0x07, 0x80, 0x0f, 0x8c, 0x30, 0x00, 0x00, 0x00, 0x00, 0x00, 0x00, 0x7c, 0x07, 0x80, 0x0f, 0x8c, 0x30, 0x00, 0x00, 0x00, 0x00, 0x00,
    0x00, 0x7e, 0x0f, 0x80, 0x1f, 0x06, 0x30, 0x00, 0x00, 0x00, 0x00, 0x00, 0x04, 0xfe, 0x0f, 0x80, 0x3f, 0x06, 0x70, 0x00, 0x00, 0x00, 0x00, 0x00,
    0x0f, 0xff, 0x8f, 0x00, 0x7f, 0x0e, 0x70, 0x00, 0x00, 0x00, 0x00, 0x00, 0x0f, 0xff, 0xdf, 0x00, 0xff, 0x0f, 0xf0, 0x00, 0x00, 0x00, 0x00, 0x00,
    0x00, 0x0f, 0xff, 0x03, 0xfb, 0x0f, 0xf0, 0x00, 0x00, 0x00, 0x00, 0x00, 0x00, 0x07, 0xff, 0xbf, 0xf3, 0x07, 0xf0, 0x00, 0x00, 0x00, 0x00, 0x00,
    0x00, 0x01, 0xff, 0xff, 0xe3, 0x03, 0xf8, 0x00, 0x00, 0x00, 0x00, 0x00, 0x00, 0x01, 0xff, 0xff, 0xe3, 0x03, 0xfc, 0x00, 0x00, 0x00, 0x00, 0x00,
    0x00, 0x01, 0xff, 0xff, 0xc3, 0x01, 0xfe, 0x00, 0x00, 0x00, 0x00, 0x00, 0x00, 0x07, 0x8f, 0xf9, 0x83, 0x81, 0xfe, 0x00, 0x00, 0x00, 0x00, 0x00,
    0x00, 0x0f, 0x03, 0xf1, 0x81, 0x81, 0xfe, 0x00, 0x00, 0x00, 0x00, 0x00, 0x00, 0x18, 0x03, 0x81, 0x00, 0x00, 0xfc, 0x00, 0x00, 0x00, 0x00, 0x00,
    0x00, 0x10, 0x03, 0x83, 0x00, 0x00, 0x7c, 0x00, 0x00, 0x00, 0x00, 0x00, 0x00, 0x00, 0x02, 0x03, 0x00, 0x00, 0x78, 0x00, 0x00, 0x00, 0x00, 0x00,
    0x00, 0x00, 0x06, 0x03, 0x00, 0x00, 0x30, 0x00, 0x00, 0x00, 0x00, 0x00, 0x00, 0x00, 0x0c, 0x03, 0x00, 0x00, 0x10, 0x00, 0x00, 0x00, 0x00, 0x00,
    0x00, 0x00, 0x0c, 0x00, 0x00, 0x00, 0x00, 0x00, 0x00, 0x00, 0x00, 0x00, 0x00, 0x00, 0x04, 0x00, 0x00, 0x00, 0x00, 0x00, 0x00, 0x00, 0x00, 0x00,
  }},
  {{
    0x00, 0x00, 0x00, 0x18, 0x00, 0x00, 0x00, 0x00, 0x00, 0x00, 0x00, 0x00, 0x00, 0x00, 0x00, 0x18, 0x00, 0x00, 0x00, 0x00, 0x00, 0x00, 0x00, 0x00,
    0x00, 0x00, 0x60, 0x18, 0x00, 0x00, 0x00, 0x00, 0x00, 0x00, 0x00, 0x00, 0x00, 0x00, 0x60, 0x30, 0x00, 0x00, 0x00, 0x00, 0x00, 0x00, 0x00, 0x00,
    0x00, 0x00, 0x60, 0x20, 0x00, 0x00, 0x00, 0x00, 0x00, 0x00, 0x00, 0x00, 0x00, 0x00, 0x40, 0xe0, 0x0c, 0x00, 0x00, 0x00, 0x00, 0x00, 0x00, 0x00,
    0x00, 0x00, 0x41, 0xc0, 0x1c, 0x00, 0x00, 0x00, 0x00, 0x00, 0x00, 0x00, 0x00, 0x40, 0xc7, 0xe0, 0xf8, 0x00, 0x00, 0x00, 0x00, 0x00, 0x00, 0x00,
    0x00, 0x60, 0xcf, 0xff, 0xf0, 0x00, 0x00, 0x00, 0x00, 0x00, 0x00, 0x00, 0x00, 0x61, 0xff, 0xff, 0xc0, 0x00, 0x00, 0x00, 0x00, 0x00, 0x00, 0x00,
    0x00, 0x61, 0xff, 0xff, 0xc0, 0x00, 0x06, 0x00, 0x00, 0x00, 0x00, 0x00, 0x00, 0x63, 0xff, 0xff, 0xe0, 0x00, 0x1f, 0x00, 0x00, 0x00, 0x00, 0x00,
    0x00, 0x67, 0xff, 0x0f, 0xf8, 0x00, 0x3f, 0x00, 0x00, 0x00, 0x00, 0x00, 0x00, 0x67, 0xfe, 0x03, 0xfc, 0x00, 0x7f, 0x00, 0x00, 0x00, 0x00, 0x00,
    0x00, 0x7f, 0x9f, 0x00, 0xff, 0xf8, 0xff, 0x00, 0x00, 0x00, 0x00, 0x00, 0x00, 0x3f, 0x9f, 0x00, 0x7f, 0xfd, 0xff, 0x80, 0x00, 0x00, 0x00, 0x00,
    0x00, 0x7e, 0x0f, 0x00, 0x3f, 0x0f, 0xff, 0x80, 0x00, 0x00, 0x00, 0x00, 0x00, 0x7c, 0x0f, 0x00, 0x1f, 0x07, 0xff, 0x00, 0x00, 0x00, 0x00, 0x00,
    0x10, 0xfc, 0x0f, 0x80, 0x0f, 0x07, 0xfe, 0x00, 0x00, 0x00, 0x00, 0x00, 0x18, 0xf8, 0x0f, 0x80, 0x0f, 0x80, 0x7e, 0x00, 0x00, 0x00, 0x00, 0x00,
    0x0c, 0xf0, 0x07, 0x80, 0x1f, 0xc0, 0x3c, 0x00, 0x00, 0x00, 0x00, 0xe0, 0x0c, 0xf0, 0x07, 0x80, 0x7f, 0xc0, 0x3c, 0x00, 0x00, 0x00, 0x00, 0xe0,
    0x07, 0xe0, 0x07, 0x80, 0x7f, 0xe0, 0x18, 0x00, 0x00, 0x00, 0x40, 0xe0, 0x07, 0xe0, 0x07, 0xc1, 0xff, 0xf0, 0x18, 0x00, 0x00, 0x01, 0xc0, 0x00,
    0x07, 0xe0, 0x07, 0xc3, 0xff, 0xf8, 0x18, 0x00, 0x00, 0x07, 0x80, 0x00, 0x07, 0xe0, 0x07, 0xff, 0xf9, 0xff, 0x98, 0x00, 0x01, 0xdf, 0x00, 0x00,
    0x07, 0xc0, 0x0f, 0xff, 0xf0, 0xef, 0x9c, 0x00, 0x01, 0xfc, 0x01, 0x18, 0x03, 0xc0, 0x0c, 0x1f, 0xc0, 0xe1, 0x9e, 0x00, 0x00, 0xfc, 0x03, 0xfc,
    0x03, 0xff, 0xfc, 0x0f, 0x80, 0xe0, 0x1f, 0x00, 0x3f, 0xf8, 0x07, 0x9c, 0x03, 0xff, 0xf8, 0x07, 0x00, 0xf0, 0x33, 0x83, 0xff, 0xfc, 0x07, 0x0e,
    0xe3, 0xff, 0xf8, 0x06, 0x00, 0xf0, 0x23, 0xff, 0xfe, 0x3c, 0x07, 0x0e, 0xe3, 0xff, 0xf8, 0x06, 0x00, 0xf0, 0x61, 0xff, 0xe0, 0x1f, 0xc6, 0x0f,
    0x3f, 0xff, 0xf8, 0x06, 0x00, 0xf0, 0x01, 0x80, 0x00, 0x0f, 0xe7, 0x0f, 0x1f, 0xdf, 0xf8, 0x06, 0x00, 0xf8, 0x01, 0x00, 0x00, 0x04, 0xe7, 0x0e,
    0x0f, 0xc0, 0x18, 0x06, 0x00, 0xf8, 0x1e, 0x00, 0x00, 0x00, 0x07, 0x9e, 0x07, 0xc0, 0x1c, 0x0e, 0x00, 0xfc, 0x1e, 0x00, 0x00, 0x00, 0x07, 0xfc,
    0x07, 0xc0, 0x0e, 0x1f, 0x00, 0xfc, 0x1e, 0x00, 0x00, 0xc0, 0x03, 0xfc, 0x03, 0xc0, 0x0f, 0xff, 0x81, 0xe6, 0x1e, 0x00, 0x01, 0xc0, 0x01, 0xf8,
    0x03, 0xe0, 0x0f, 0xff, 0xc1, 0xe3, 0x1e, 0x00, 0x01, 0xc0, 0x00, 0xf0, 0x01, 0xe0, 0x0f, 0x87, 0xe1, 0xe3, 0x1c, 0x00, 0x00, 0x00, 0x00, 0x00,
    0x01, 0xe0, 0x0f, 0x87, 0xf3, 0xe0, 0x0c, 0x00, 0x00, 0x00, 0x00, 0x00, 0x00, 0xe0, 0x1f, 0x03, 0xfb, 0xe0, 0x0c, 0x00, 0x00, 0x00, 0x00, 0x00,
    0x18, 0xf0, 0x1f, 0x01, 0xff, 0xe0, 0x0c, 0x00, 0x00, 0x00, 0x00, 0x00, 0x3f, 0xf0, 0x1e, 0x00, 0xff, 0xe0, 0x0c, 0x00, 0x00, 0x00, 0x00, 0x00,
    0x1f, 0xf8, 0x3e, 0x00, 0x7f, 0xe0, 0x18, 0x00, 0x00, 0x00, 0x00, 0x00, 0x01, 0xfc, 0x3e, 0x00, 0x3f, 0xe0, 0x18, 0x00, 0x00, 0x00, 0x00, 0x00,
    0x00, 0x7e, 0x3c, 0x00, 0x3f, 0x60, 0x18, 0x00, 0x00, 0x00, 0x00, 0x00, 0x00, 0x3e, 0x3c, 0x00, 0x3e, 0x60, 0x18, 0x00, 0x00, 0x00, 0x00, 0x00,
    0x00, 0x1f, 0xfc, 0x00, 0x7e, 0x20, 0x18, 0x00, 0x00, 0x00, 0x00, 0x00, 0x00, 0x0f, 0xf8, 0x00, 0xfc, 0x33, 0x38, 0x00, 0x00, 0x00, 0x00, 0x00,
    0x00, 0x0f, 0xf8, 0x03, 0xfc, 0x3f, 0xf8, 0x00, 0x00, 0x00, 0x00, 0x00, 0x00, 0x0f, 0xfe, 0x7f, 0xf8, 0x17, 0xfc, 0x00, 0x00, 0x00, 0x00, 0x00,
    0x00, 0x3f, 0xff, 0xff, 0xf8, 0x01, 0xfe, 0x00, 0x00, 0x00, 0x00, 0x00, 0x00, 0xf1, 0xff, 0xff, 0x98, 0x00, 0xff, 0x00, 0x00, 0x00, 0x00, 0x00,
    0x00, 0xc0, 0xff, 0xff, 0x98, 0x00, 0xff, 0x00, 0x00, 0x00, 0x00, 0x00, 0x00, 0x00, 0x1f, 0xfe, 0x18, 0x00, 0xff, 0x80, 0x00, 0x00, 0x00, 0x00,
    0x00, 0x00, 0x1f, 0xfc, 0x10, 0x00, 0xff, 0x80, 0x00, 0x00, 0x00, 0x00, 0x00, 0x00, 0x38, 0x18, 0x10, 0x00, 0x7f, 0x00, 0x00, 0x00, 0x00, 0x00,
    0x00, 0x00, 0x70, 0x18, 0x18, 0x00, 0x3f, 0x00, 0x00, 0x00, 0x00, 0x00, 0x00, 0x00, 0xe0, 0x30, 0x18, 0x00, 0x1e, 0x00, 0x00, 0x00, 0x00, 0x00,
    0x00, 0x00, 0xc0, 0x30, 0x00, 0x00, 0x0e, 0x00, 0x00, 0x00, 0x00, 0x00, 0x00, 0x00, 0xc0, 0x20, 0x00, 0x00, 0x00, 0x00, 0x00, 0x00, 0x00, 0x00,
    0x00, 0x00, 0x00, 0x20, 0x00, 0x00, 0x00, 0x00, 0x00, 0x00, 0x00, 0x00, 0x00, 0x00, 0x00, 0x20, 0x00, 0x00, 0x00, 0x00, 0x00, 0x00, 0x00, 0x00,
  }},
  {{
    0x00, 0x00, 0x00, 0x18, 0x00, 0x00, 0x00, 0x00, 0x00, 0x00, 0x00, 0x00, 0x00, 0x00, 0x00, 0x18, 0x00, 0x00, 0x00, 0x00, 0x00, 0x00, 0x00, 0x00,
    0x00, 0x00, 0x60, 0x18, 0x00, 0x00, 0x00, 0x00, 0x00, 0x00, 0x00, 0x00, 0x00, 0x00, 0x60, 0x30, 0x00, 0x00, 0x00, 0x00, 0x00, 0x00, 0x00, 0x00,
    0x00, 0x00, 0x60, 0x20, 0x00, 0x00, 0x00, 0x00, 0x00, 0x00, 0x00, 0x00, 0x00, 0x00, 0x40, 0xe0, 0x0c, 0x00, 0x00, 0x00, 0x00, 0x00, 0x00, 0x00,
    0x00, 0x00, 0x41, 0xc0, 0x1c, 0x00, 0x00, 0x00, 0x00, 0x00, 0x00, 0x00, 0x00, 0x40, 0xc7, 0xe0, 0xf8, 0x00, 0x00, 0x00, 0x00, 0x00, 0x00, 0x00,
    0x00, 0x60, 0xcf, 0xff, 0xf0, 0x00, 0x00, 0x00, 0x00, 0x00, 0x00, 0x00, 0x00, 0x61, 0xff, 0xff, 0xc0, 0x00, 0x00, 0x00, 0x00, 0x00, 0x00, 0x00,
    0x00, 0x61, 0xff, 0xff, 0xc0, 0x00, 0x06, 0x00, 0x00, 0x00, 0x00, 0x00, 0x00, 0x63, 0xff, 0xff, 0xe0, 0x00, 0x1f, 0x00, 0x00, 0x00, 0x00, 0x00,
    0x00, 0x67, 0xff, 0x0f, 0xf8, 0x00, 0x3f, 0x00, 0x00, 0x00, 0x00, 0x00, 0x00, 0x67, 0xfe, 0x03, 0xfc, 0x00, 0x7f, 0x00, 0x00, 0x00, 0x00, 0x00,
    0x00, 0x7f, 0x9f, 0x00, 0xff, 0xf8, 0xff, 0x00, 0x00, 0x00, 0x00, 0x00, 0x00, 0x3f, 0x9f, 0x00, 0x7f, 0xfd, 0xff, 0x80, 0x00, 0x00, 0x00, 0x00,
    0x00, 0x7e, 0x0f, 0x00, 0x3f, 0x0f, 0xff, 0x80, 0x00, 0x00, 0x00, 0x00, 0x00, 0x7c, 0x0f, 0x00, 0x1f, 0x07, 0xff, 0x00, 0x00, 0x00, 0x00, 0x00,
    0x10, 0xfc, 0x0f, 0x80, 0x0f, 0x07, 0xfe, 0x00, 0x00, 0x00, 0x00, 0x00, 0x18, 0xf8, 0x0f, 0x80, 0x0f, 0x80, 0x7e, 0x00, 0x00, 0x00, 0x00, 0x00,
    0x0c, 0xf0, 0x07, 0x80, 0x1f, 0xc0, 0x3c, 0x00, 0x00, 0x00, 0x00, 0x38, 0x0c, 0xf0, 0x07, 0x80, 0x7f, 0xc0, 0x3c, 0x00, 0x00, 0x00, 0x00, 0x38,
    0x07, 0xe0, 0x07, 0x80, 0x7f, 0xe0, 0x18, 0x00, 0x00, 0x00, 0x40, 0x38, 0x07, 0xe0, 0x07, 0xc1, 0xff, 0xf0, 0x18, 0x00, 0x00, 0x01, 0xc0, 0x00,
    0x07, 0xe0, 0x07, 0xc3, 0xff, 0xf8, 0x18, 0x00, 0x00, 0x07, 0x80, 0x00, 0x07, 0xe0, 0x07, 0xff, 0xf9, 0xff, 0x98, 0x00, 0x01, 0xdf, 0x00, 0x80,
    0x07, 0xc0, 0x0f, 0xff, 0xf0, 0xef, 0x9c, 0x00, 0x01, 0xfc, 0x01, 0xc0, 0x03, 0xc0, 0x0c, 0x1f, 0xc0, 0xe1, 0x9e, 0x00, 0x00, 0xfc, 0x03, 0xfc,
    0x03, 0xff, 0xfc, 0x0f, 0x80, 0xe0, 0x1f, 0x00, 0x3f, 0xf8, 0x07, 0xdc, 0x03, 0xff, 0xf8, 0x07, 0x00, 0xf0, 0x33, 0x83, 0xff, 0xfc, 0x07, 0x0e,
    0xe3, 0xff, 0xf8, 0x06, 0x00, 0xf0, 0x23, 0xff, 0xfe, 0x3c, 0x07, 0x0e, 0xe3, 0xff, 0xf8, 0x06, 0x00, 0xf0, 0x61, 0xff, 0xe0, 0x1f, 0xc6, 0x0e,
    0x3f, 0xff, 0xf8, 0x06, 0x00, 0xf0, 0x01, 0x80, 0x00, 0x0f, 0xe7, 0x0e, 0x1f, 0xdf, 0xf8, 0x06, 0x00, 0xf8, 0x01, 0x00, 0x00, 0x04, 0xe7, 0x0e,
    0x0f, 0xc0, 0x18, 0x06, 0x00, 0xf8, 0x1e, 0x00, 0x00, 0x00, 0x07, 0x9e, 0x07, 0xc0, 0x1c, 0x0e, 0x00, 0xfc, 0x1e, 0x00, 0x00, 0x00, 0x07, 0xfc,
    0x07, 0xc0, 0x0e, 0x1f, 0x00, 0xfc, 0x1e, 0x00, 0x00, 0xc0, 0x03, 0xfc, 0x03, 0xc0, 0x0f, 0xff, 0x81, 0xe6, 0x1e, 0x00, 0x01, 0xc0, 0x01, 0xf8,
    0x03, 0xe0, 0x0f, 0xff, 0xc1, 0xe3, 0x1e, 0x00, 0x01, 0xc0, 0x00, 0xf0, 0x01, 0xe0, 0x0f, 0x87, 0xe1, 0xe3, 0x1c, 0x00, 0x00, 0x00, 0x00, 0x00,
    0x01, 0xe0, 0x0f, 0x87, 0xf3, 0xe0, 0x0c, 0x00, 0x00, 0x00, 0x00, 0x00, 0x00, 0xe0, 0x1f, 0x03, 0xfb, 0xe0, 0x0c, 0x00, 0x00, 0x00, 0x00, 0x00,
    0x18, 0xf0, 0x1f, 0x01, 0xff, 0xe0, 0x0c, 0x00, 0x00, 0x00, 0x00, 0x00, 0x3f, 0xf0, 0x1e, 0x00, 0xff, 0xe0, 0x0c, 0x00, 0x00, 0x00, 0x00, 0x00,
    0x1f, 0xf8, 0x3e, 0x00, 0x7f, 0xe0, 0x18, 0x00, 0x00, 0x00, 0x00, 0x00, 0x01, 0xfc, 0x3e, 0x00, 0x3f, 0xe0, 0x18, 0x00, 0x00, 0x00, 0x00, 0x00,
    0x00, 0x7e, 0x3c, 0x00, 0x3f, 0x60, 0x18, 0x00, 0x00, 0x00, 0x00, 0x00, 0x00, 0x3e, 0x3c, 0x00, 0x3e, 0x60, 0x18, 0x00, 0x00, 0x00, 0x00, 0x00,
    0x00, 0x1f, 0xfc, 0x00, 0x7e, 0x20, 0x18, 0x00, 0x00, 0x00, 0x00, 0x00, 0x00, 0x0f, 0xf8, 0x00, 0xfc, 0x33, 0x38, 0x00, 0x00, 0x00, 0x00, 0x00,
    0x00, 0x0f, 0xf8, 0x03, 0xfc, 0x3f, 0xf8, 0x00, 0x00, 0x00, 0x00, 0x00, 0x00, 0x0f, 0xfe, 0x7f, 0xf8, 0x17, 0xfc, 0x00, 0x00, 0x00, 0x00, 0x00,
    0x00, 0x3f, 0xff, 0xff, 0xf8, 0x01, 0xfe, 0x00, 0x00, 0x00, 0x00, 0x00, 0x00, 0xf1, 0xff, 0xff, 0x98, 0x00, 0xff, 0x00, 0x00, 0x00, 0x00, 0x00,
    0x00, 0xc0, 0xff, 0xff, 0x98, 0x00, 0xff, 0x00, 0x00, 0x00, 0x00, 0x00, 0x00, 0x00, 0x1f, 0xfe, 0x18, 0x00, 0xff, 0x80, 0x00, 0x00, 0x00, 0x00,
    0x00, 0x00, 0x1f, 0xfc, 0x10, 0x00, 0xff, 0x80, 0x00, 0x00, 0x00, 0x00, 0x00, 0x00, 0x38, 0x18, 0x10, 0x00, 0x7f, 0x00, 0x00, 0x00, 0x00, 0x00,
    0x00, 0x00, 0x70, 0x18, 0x18, 0x00, 0x3f, 0x00, 0x00, 0x00, 0x00, 0x00, 0x00, 0x00, 0xe0, 0x30, 0x18, 0x00, 0x1e, 0x00, 0x00, 0x00, 0x00, 0x00,
    0x00, 0x00, 0xc0, 0x30, 0x00, 0x00, 0x0e, 0x00, 0x00, 0x00, 0x00, 0x00, 0x00, 0x00, 0xc0, 0x20, 0x00, 0x00, 0x00, 0x00, 0x00, 0x00, 0x00, 0x00,
    0x00, 0x00, 0x00, 0x20, 0x00, 0x00, 0x00, 0x00, 0x00, 0x00, 0x00, 0x00, 0x00, 0x00, 0x00, 0x20, 0x00, 0x00, 0x00, 0x00, 0x00, 0x00, 0x00, 0x00,
  }},
  {{
    0x00, 0x00, 0x00, 0x18, 0x00, 0x00, 0x00, 0x00, 0x00, 0x00, 0x00, 0x00, 0x00, 0x00, 0x00, 0x18, 0x00, 0x00, 0x00, 0x00, 0x00, 0x00, 0x00, 0x00,
    0x00, 0x00, 0x60, 0x18, 0x00, 0x00, 0x00, 0x00, 0x00, 0x00, 0x00, 0x00, 0x00, 0x00, 0x60, 0x30, 0x00, 0x00, 0x00, 0x00, 0x00, 0x00, 0x00, 0x00,
    0x00, 0x00, 0x60, 0x20, 0x00, 0x00, 0x00, 0x00, 0x00, 0x00, 0x00, 0x00, 0x00, 0x00, 0x40, 0xe0, 0x0c, 0x00, 0x00, 0x00, 0x00, 0x00, 0x00, 0x00,
    0x00, 0x00, 0x41, 0xc0, 0x1c, 0x00, 0x00, 0x00, 0x00, 0x00, 0x00, 0x00, 0x00, 0x40, 0xc7, 0xe0, 0xf8, 0x00, 0x00, 0x00, 0x00, 0x00, 0x00, 0x00,
    0x00, 0x60, 0xcf, 0xff, 0xf0, 0x00, 0x00, 0x00, 0x00, 0x00, 0x00, 0x00, 0x00, 0x61, 0xff, 0xff, 0xc0, 0x00, 0x00, 0x00, 0x00, 0x00, 0x00, 0x00,
    0x00, 0x61, 0xff, 0xff, 0xc0, 0x00, 0x06, 0x00, 0x00, 0x00, 0x00, 0x00, 0x00, 0x63, 0xff, 0xff, 0xe0, 0x00, 0x1f, 0x00, 0x00, 0x00, 0x00, 0x00,
    0x00, 0x67, 0xff, 0x0f, 0xf8, 0x00, 0x3f, 0x00, 0x00, 0x00, 0x00, 0x00, 0x00, 0x67, 0xfe, 0x03, 0xfc, 0x00, 0x7f, 0x00, 0x00, 0x00, 0x00, 0x00,
    0x00, 0x7f, 0x9f, 0x00, 0xff, 0xf8, 0xff, 0x00, 0x00, 0x00, 0x00, 0x00, 0x00, 0x3f, 0x9f, 0x00, 0x7f, 0xfd, 0xff, 0x80, 0x00, 0x00, 0x00, 0x00,
    0x00, 0x7e, 0x0f, 0x00, 0x3f, 0x0f, 0xff, 0x80, 0x00, 0x00, 0x00, 0x00, 0x00, 0x7c, 0x0f, 0x00, 0x1f, 0x07, 0xff, 0x00, 0x00, 0x00, 0x00, 0x00,
    0x10, 0xfc, 0x0f, 0x80, 0x0f, 0x07, 0xfe, 0x00, 0x00, 0x00, 0x00, 0x00, 0x18, 0xf8, 0x0f, 0x80, 0x0f, 0x80, 0x7e, 0x00, 0x00, 0x00, 0x00, 0x00,
    0x0c, 0xf0, 0x07, 0x80, 0x1f, 0xc0, 0x3c, 0x00, 0x00, 0x00, 0x00, 0xe0, 0x0c, 0xf0, 0x07, 0x80, 0x7f, 0xc0, 0x3c, 0x00, 0x00, 0x00, 0x00, 0xe0,
    0x07, 0xe0, 0x07, 0x80, 0x7f, 0xe0, 0x18, 0x00, 0x00, 0x00, 0x40, 0xe0, 0x07, 0xe0, 0x07, 0xc1, 0xff, 0xf0, 0x18, 0x00, 0x00, 0x01, 0xc0, 0x00,
    0x07, 0xe0, 0x07, 0xc3, 0xff, 0xf8, 0x18, 0x00, 0x00, 0x07, 0x80, 0x00, 0x07, 0xe0, 0x07, 0xff, 0xf9, 0xff, 0x98, 0x00, 0x01, 0xdf, 0x00, 0x00,
    0x07, 0xc0, 0x0f, 0xff, 0xf0, 0xef, 0x9c, 0x00, 0x01, 0xfc, 0x01, 0x18, 0x03, 0xc0, 0x0c, 0x1f, 0xc0, 0xe1, 0x9e, 0x00, 0x00, 0xfc, 0x03, 0xfc,
    0x03, 0xff, 0xfc, 0x0f, 0x80, 0xe0, 0x1f, 0x00, 0x3f, 0xf8, 0x07, 0x9c, 0x03, 0xff, 0xf8, 0x07, 0x00, 0xf0, 0x33, 0x83, 0xff, 0xfc, 0x07, 0x0e,
    0xe3, 0xff, 0xf8, 0x06, 0x00, 0xf0, 0x23, 0xff, 0xfe, 0x3c, 0x07, 0x0e, 0xe3, 0xff, 0xf8, 0x06, 0x00, 0xf0, 0x61, 0xff, 0xe0, 0x1f, 0xc7, 0x0f,
    0x3f, 0xff, 0xf8, 0x06, 0x00, 0xf0, 0x01, 0x80, 0x00, 0x0f, 0xe7, 0x0f, 0x1f, 0xdf, 0xf8, 0x06, 0x00, 0xf8, 0x01, 0x00, 0x00, 0x04, 0xe7, 0x0e,
    0x0f, 0xc0, 0x18, 0x06, 0x00, 0xf8, 0x1e, 0x00, 0x00, 0x00, 0x07, 0x9e, 0x07, 0xc0, 0x1c, 0x0e, 0x00, 0xfc, 0x1e, 0x00, 0x00, 0x00, 0x07, 0xfc,
    0x07, 0xc0, 0x0e, 0x1f, 0x00, 0xfc, 0x1e, 0x00, 0x00, 0xc0, 0x03, 0xfc, 0x03, 0xc0, 0x0f, 0xff, 0x81, 0xe6, 0x1e, 0x00, 0x01, 0xc0, 0x01, 0xf8,
    0x03, 0xe0, 0x0f, 0xff, 0xc1, 0xe3, 0x1e, 0x00, 0x01, 0xc0, 0x00, 0xf0, 0x01, 0xe0, 0x0f, 0x87, 0xe1, 0xe3, 0x1c, 0x00, 0x00, 0x00, 0x00, 0x00,
    0x01, 0xe0, 0x0f, 0x87, 0xf3, 0xe0, 0x0c, 0x00, 0x00, 0x00, 0x00, 0x00, 0x00, 0xe0, 0x1f, 0x03, 0xfb, 0xe0, 0x0c, 0x00, 0x00, 0x00, 0x00, 0x00,
    0x18, 0xf0, 0x1f, 0x01, 0xff, 0xe0, 0x0c, 0x00, 0x00, 0x00, 0x00, 0x00, 0x3f, 0xf0, 0x1e, 0x00, 0xff, 0xe0, 0x0c, 0x00, 0x00, 0x00, 0x00, 0x00,
    0x1f, 0xf8, 0x3e, 0x00, 0x7f, 0xe0, 0x18, 0x00, 0x00, 0x00, 0x00, 0x00, 0x01, 0xfc, 0x3e, 0x00, 0x3f, 0xe0, 0x18, 0x00, 0x00, 0x00, 0x00, 0x00,
    0x00, 0x7e, 0x3c, 0x00, 0x3f, 0x60, 0x18, 0x00, 0x00, 0x00, 0x00, 0x00, 0x00, 0x3e, 0x3c, 0x00, 0x3e, 0x60, 0x18, 0x00, 0x00, 0x00, 0x00, 0x00,
    0x00, 0x1f, 0xfc, 0x00, 0x7e, 0x20, 0x18, 0x00, 0x00, 0x00, 0x00, 0x00, 0x00, 0x0f, 0xf8, 0x00, 0xfc, 0x33, 0x38, 0x00, 0x00, 0x00, 0x00, 0x00,
    0x00, 0x0f, 0xf8, 0x03, 0xfc, 0x3f, 0xf8, 0x00, 0x00, 0x00, 0x00, 0x00, 0x00, 0x0f, 0xfe, 0x7f, 0xf8, 0x17, 0xfc, 0x00, 0x00, 0x00, 0x00, 0x00,
    0x00, 0x3f, 0xff, 0xff, 0xf8, 0x01, 0xfe, 0x00, 0x00, 0x00, 0x00, 0x00, 0x00, 0xf1, 0xff, 0xff, 0x98, 0x00, 0xff, 0x00, 0x00, 0x00, 0x00, 0x00,
    0x00, 0xc0, 0xff, 0xff, 0x98, 0x00, 0xff, 0x00, 0x00, 0x00, 0x00, 0x00, 0x00, 0x00, 0x1f, 0xfe, 0x18, 0x00, 0xff, 0x80, 0x00, 0x00, 0x00, 0x00,
    0x00, 0x00, 0x1f, 0xfc, 0x10, 0x00, 0xff, 0x80, 0x00, 0x00, 0x00, 0x00, 0x00, 0x00, 0x38, 0x18, 0x10, 0x00, 0x7f, 0x00, 0x00, 0x00, 0x00, 0x00,
    0x00, 0x00, 0x70, 0x18, 0x18, 0x00, 0x3f, 0x00, 0x00, 0x00, 0x00, 0x00, 0x00, 0x00, 0xe0, 0x30, 0x18, 0x00, 0x1e, 0x00, 0x00, 0x00, 0x00, 0x00,
    0x00, 0x00, 0xc0, 0x30, 0x00, 0x00, 0x0e, 0x00, 0x00, 0x00, 0x00, 0x00, 0x00, 0x00, 0xc0, 0x20, 0x00, 0x00, 0x00, 0x00, 0x00, 0x00, 0x00, 0x00,
    0x00, 0x00, 0x00, 0x20, 0x00, 0x00, 0x00, 0x00, 0x00, 0x00, 0x00, 0x00, 0x00, 0x00, 0x00, 0x20, 0x00, 0x00, 0x00, 0x00, 0x00, 0x00, 0x00, 0x00,
  }},
  {{
    0x00, 0x00, 0x00, 0x18, 0x00, 0x00, 0x00, 0x00, 0x00, 0x00, 0x00, 0x00, 0x00, 0x00, 0x00, 0x18, 0x00, 0x00, 0x00, 0x00, 0x00, 0x00, 0x00, 0x00,
    0x00, 0x00, 0x60, 0x18, 0x00, 0x00, 0x00, 0x00, 0x00, 0x00, 0x00, 0x00, 0x00, 0x00, 0x60, 0x30, 0x00, 0x00, 0x00, 0x00, 0x00, 0x00, 0x00, 0x00,
    0x00, 0x00, 0x60, 0x20, 0x00, 0x00, 0x00, 0x00, 0x00, 0x00, 0x00, 0x00, 0x00, 0x00, 0x40, 0xe0, 0x0c, 0x00, 0x00, 0x00, 0x00, 0x00, 0x00, 0x00,
    0x00, 0x00, 0x41, 0xc0, 0x1c, 0x00, 0x00, 0x00, 0x00, 0x00, 0x00, 0x00, 0x00, 0x40, 0xc7, 0xe0, 0xf8, 0x00, 0x00, 0x00, 0x00, 0x00, 0x00, 0x00,
    0x00, 0x60, 0xcf, 0xff, 0xf0, 0x00, 0x00, 0x00, 0x00, 0x00, 0x00, 0x00, 0x00, 0x61, 0xff, 0xff, 0xc0, 0x00, 0x00, 0x00, 0x00, 0x00, 0x00, 0x00,
    0x00, 0x61, 0xff, 0xff, 0xc0, 0x00, 0x01, 0x80, 0x00, 0x00, 0x00, 0x00, 0x00, 0x63, 0xff, 0xff, 0xe0, 0x00, 0x0f, 0xc0, 0x00, 0x00, 0x00, 0x00,
    0x00, 0x67, 0xff, 0x0f, 0xf8, 0x00, 0x1f, 0xc0, 0x00, 0x00, 0x00, 0x00, 0x00, 0x67, 0xfe, 0x03, 0xfc, 0x00, 0x3f, 0xc0, 0x00, 0x00, 0x00, 0x00,
    0x00, 0x7f, 0x9f, 0x00, 0xff, 0xf8, 0xff, 0xc0, 0x00, 0x00, 0x00, 0x00, 0x00, 0x3f, 0x9f, 0x00, 0x7f, 0xfb, 0xff, 0xc0, 0x00, 0x00, 0x00, 0x00,
    0x00, 0x7e, 0x0f, 0x00, 0x3f, 0x03, 0xff, 0xc0, 0x00, 0x00, 0x00, 0x00, 0x00, 0x7c, 0x0f, 0x00, 0x1f, 0x03, 0xff, 0xc0, 0x00, 0x00, 0x00, 0x00,
    0x10, 0xfc, 0x0f, 0x80, 0x0f, 0x00, 0x3f, 0x80, 0x00, 0x00, 0x00, 0x00, 0x18, 0xf8, 0x0f, 0x80, 0x0f, 0x80, 0x3f, 0x00, 0x00, 0x00, 0x00, 0x00,
    0x0c, 0xf0, 0x07, 0x80, 0x1f, 0xc0, 0x1e, 0x00, 0x00, 0x00, 0x00, 0x00, 0x0c, 0xf0, 0x07, 0x80, 0x7f, 0xc0, 0x1e, 0x00, 0x00, 0x00, 0x00, 0x00,
    0x07, 0xe0, 0x07, 0x80, 0x7f, 0xe0, 0x1e, 0x00, 0x00, 0x00, 0x00, 0x00, 0x07, 0xe0, 0x07, 0xc1, 0xff, 0xf0, 0x1c, 0x00, 0x00, 0x00, 0x00, 0x00,
    0x07, 0xe0, 0x07, 0xc3, 0xff, 0xf8, 0x1c, 0x00, 0x00, 0x00, 0x00, 0x00, 0x07, 0xe0, 0x07, 0xff, 0xf9, 0xff, 0x9c, 0x00, 0x01, 0xc0, 0x00, 0xf0,
    0x07, 0xc0, 0x0f, 0xff, 0xf0, 0xef, 0x9e, 0x00, 0x01, 0xc0, 0x61, 0xf8, 0x03, 0xc0, 0x0c, 0x1f, 0xc0, 0xe1, 0x9e, 0x00, 0x00, 0x8f, 0xc3, 0xfc,
    0x03, 0xff, 0xfc, 0x0f, 0x80, 0xe0, 0x1f, 0x00, 0x00, 0x0f, 0xc7, 0x9c, 0x03, 0xff, 0xf8, 0x07, 0x00, 0xf0, 0x13, 0x00, 0x00, 0x1c, 0x07, 0x0e,
    0xe3, 0xff, 0xf8, 0x06, 0x00, 0xf0, 0x23, 0xff, 0xff, 0xfc, 0x63, 0x0e, 0xe3, 0xff, 0xf8, 0x06, 0x00, 0xf0, 0x61, 0xff, 0xff, 0xfc, 0x63, 0x0e,
    0x3f, 0xff, 0xf8, 0x06, 0x00, 0xf0, 0x01, 0xff, 0xff, 0xfc, 0x63, 0x0e, 0x1f, 0xdf, 0xf8, 0x06, 0x00, 0xf8, 0x01, 0xc0, 0x00, 0x7c, 0x43, 0x0e,
    0x0f, 0xc0, 0x18, 0x06, 0x00, 0xf8, 0x1e, 0x00, 0x00, 0x1f, 0x87, 0x9e, 0x07, 0xc0, 0x1c, 0x0e, 0x00, 0xfc, 0x1e, 0x00, 0x00, 0x0f, 0xc7, 0xfc,
    0x07, 0xc0, 0x0e, 0x1f, 0x00, 0xfc, 0x1e, 0x00, 0x00, 0xc1, 0xc3, 0xfc, 0x03, 0xc0, 0x0f, 0xff, 0x81, 0xe6, 0x1c, 0x00, 0x01, 0xc0, 0x41, 0xf8,
    0x03, 0xe0, 0x0f, 0xff, 0xc1, 0xe3, 0x1c, 0x00, 0x01, 0xc0, 0x00, 0xf0, 0x01, 0xe0, 0x0f, 0x87, 0xe1, 0xe3, 0x18, 0x00, 0x00, 0x00, 0x00, 0x00,
    0x01, 0xe0, 0x0f, 0x87, 0xf3, 0xe0, 0x18, 0x00, 0x00, 0x00, 0x00, 0x00, 0x00, 0xe0, 0x1f, 0x03, 0xfb, 0xe0, 0x18, 0x00, 0x00, 0x00, 0x00, 0x00,
    0x18, 0xf0, 0x1f, 0x01, 0xff, 0xe0, 0x18, 0x00, 0x00, 0x00, 0x00, 0x00, 0x3f, 0xf0, 0x1e, 0x00, 0xff, 0xe0, 0x10, 0x00, 0x00, 0x00, 0x00, 0x00,
    0x1f, 0xf8, 0x3e, 0x00, 0x7f, 0xe0, 0x30, 0x00, 0x00, 0x00, 0x00, 0x00, 0x01, 0xfc, 0x3e, 0x00, 0x3f, 0xe0, 0x30, 0x00, 0x00, 0x00, 0x00, 0x00,
    0x00, 0x7e, 0x3c, 0x00, 0x3f, 0x60, 0x30, 0x00, 0x00, 0x00, 0x00, 0x00, 0x00, 0x3e, 0x3c, 0x00, 0x3e, 0x60, 0x70, 0x00, 0x00, 0x00, 0x00, 0x00,
    0x00, 0x1f, 0xfc, 0x00, 0x7e, 0x3e, 0x70, 0x00, 0x00, 0x00, 0x00, 0x00, 0x00, 0x0f, 0xf8, 0x00, 0xfc, 0x3f, 0x70, 0x00, 0x00, 0x00, 0x00, 0x00,
    0x00, 0x0f, 0xf8, 0x03, 0xfc, 0x3f, 0xf0, 0x00, 0x00, 0x00, 0x00, 0x00, 0x00, 0x0f, 0xfe, 0x7f, 0xf8, 0x17, 0xf0, 0x00, 0x00, 0x00, 0x00, 0x00,
    0x00, 0x3f, 0xff, 0xff, 0xf8, 0x03, 0xf8, 0x00, 0x00, 0x00, 0x00, 0x00, 0x00, 0xf1, 0xff, 0xff, 0x98, 0x03, 0xfc, 0x00, 0x00, 0x00, 0x00, 0x00,
    0x00, 0xc0, 0xff, 0xff, 0x98, 0x03, 0xfe, 0x00, 0x00, 0x00, 0x00, 0x00, 0x00, 0x00, 0x1f, 0xfe, 0x18, 0x01, 0xfe, 0x00, 0x00, 0x00, 0x00, 0x00,
    0x00, 0x00, 0x1f, 0xfc, 0x10, 0x01, 0xfe, 0x00, 0x00, 0x00, 0x00, 0x00, 0x00, 0x00, 0x38, 0x18, 0x10, 0x00, 0xfc, 0x00, 0x00, 0x00, 0x00, 0x00,
    0x00, 0x00, 0x70, 0x18, 0x18, 0x00, 0xfc, 0x00, 0x00, 0x00, 0x00, 0x00, 0x00, 0x00, 0xe0, 0x30, 0x18, 0x00, 0x78, 0x00, 0x00, 0x00, 0x00, 0x00,
    0x00, 0x00, 0xc0, 0x30, 0x00, 0x00, 0x38, 0x00, 0x00, 0x00, 0x00, 0x00, 0x00, 0x00, 0xc0, 0x20, 0x00, 0x00, 0x10, 0x00, 0x00, 0x00, 0x00, 0x00,
    0x00, 0x00, 0x00, 0x20, 0x00, 0x00, 0x00, 0x00, 0x00, 0x00, 0x00, 0x00, 0x00, 0x00, 0x00, 0x20, 0x00, 0x00, 0x00, 0x00, 0x00, 0x00, 0x00, 0x00,
  }},
  {{
    0x00, 0x00, 0x01, 0x80, 0x00, 0x00, 0x00, 0x00, 0x00, 0x00, 0x00, 0x00, 0x00, 0x00, 0x01, 0x80, 0x00, 0x00, 0x00, 0x00, 0x00, 0x00, 0x00, 0x00,
    0x00, 0x00, 0x03, 0x00, 0x40, 0x00, 0x00, 0x00, 0x00, 0x00, 0x00, 0x00, 0x00, 0x00, 0x03, 0x00, 0xc0, 0x00, 0x00, 0x00, 0x00, 0x00, 0x00, 0x00,
    0x00, 0x06, 0x02, 0x01, 0xc0, 0x00, 0x00, 0x00, 0x00, 0x00, 0x00, 0x00, 0x00, 0x06, 0x06, 0x03, 0x80, 0x00, 0x00, 0x00, 0x00, 0x00, 0x00, 0x00,
    0x00, 0x02, 0x0e, 0x07, 0x00, 0x00, 0x00, 0x00, 0x00, 0x00, 0x00, 0x00, 0x00, 0x02, 0x1f, 0xfe, 0x00, 0x00, 0x00, 0x00, 0x00, 0x00, 0x00, 0x00,
    0x00, 0x06, 0x1f, 0xfc, 0x00, 0x00, 0x00, 0x00, 0x00, 0x00, 0x00, 0x00, 0x00, 0x06, 0x7f, 0xff, 0x80, 0x40, 0x00, 0x00, 0x00, 0x00, 0x00, 0x00,
    0x00, 0x06, 0xff, 0xff, 0xc1, 0xc0, 0x00, 0x00, 0x00, 0x00, 0x00, 0x00, 0x00, 0x0f, 0xff, 0xff, 0xff, 0xc0, 0x03, 0xe0, 0x00, 0x00, 0x00, 0x00,
    0x02, 0x0f, 0xff, 0xff, 0xff, 0x00, 0x0f, 0xe0, 0x00, 0x00, 0x00, 0x00, 0x03, 0x0f, 0xf1, 0xe3, 0xf8, 0x00, 0x1f, 0xe0, 0x00, 0x00, 0x00, 0x00,
    0x03, 0x1f, 0x81, 0xe0, 0xfc, 0x01, 0xff, 0xe0, 0x00, 0x00, 0x00, 0x00, 0x01, 0x1f, 0x81, 0xe0, 0x7e, 0x01, 0xff, 0xe0, 0x00, 0x00, 0x00, 0x00,
    0x01, 0x3e, 0x01, 0xe0, 0x3f, 0x01, 0xff, 0xe0, 0x00, 0x00, 0x00, 0x00, 0x01, 0xfc, 0x01, 0xe0, 0x1f, 0x01, 0xff, 0xe0, 0x00, 0x00, 0x00, 0x00,
    0x01, 0xfc, 0x01, 0xe0, 0x0f, 0xc0, 0x1f, 0xe0, 0x00, 0x00, 0x00, 0x00, 0x01, 0xf8, 0x01, 0xe0, 0x07, 0xf0, 0x1f, 0x80, 0x00, 0x00, 0x00, 0x00,
    0x01, 0xf0, 0x01, 0xe0, 0x07, 0xff, 0x0f, 0x00, 0x00, 0x00, 0x00, 0x00, 0x01, 0xf0, 0x01, 0xe0, 0x03, 0xef, 0x0f, 0x00, 0x00, 0x00, 0x00, 0x00,
    0x01, 0xf0, 0x01, 0xe0, 0x03, 0xc2, 0x0e, 0x00, 0x00, 0x00, 0x00, 0x00, 0x61, 0xf0, 0x01, 0xe0, 0x07, 0xc0, 0x0e, 0x00, 0x00, 0x00, 0x00, 0x00,
    0x71, 0xf8, 0x03, 0xe0, 0x0f, 0xe0, 0x0e, 0x00, 0x00, 0x00, 0x00, 0x00, 0x11, 0xff, 0x87, 0xf0, 0x7f, 0xe0, 0x0e, 0x00, 0x01, 0xc0, 0x00, 0xf0,
    0x1b, 0xff, 0xcf, 0xf9, 0xff, 0xf0, 0x1e, 0x00, 0x01, 0xc0, 0x01, 0xf8, 0x0f, 0xff, 0xfc, 0x1f, 0xff, 0xf0, 0x1e, 0x00, 0x00, 0x80, 0x03, 0xfc,
    0x0f, 0xff, 0xf8, 0x0f, 0xff, 0xf0, 0x1e, 0x00, 0x00, 0x00, 0x07, 0x9c, 0x0f, 0xcf, 0xf8, 0x07, 0xfc, 0xf8, 0x13, 0x00, 0x00, 0x00, 0x07, 0x0e,
    0x07, 0xc1, 0xf8, 0x07, 0xc0, 0xfc, 0x23, 0x80, 0x00, 0x0f, 0xe7, 0x0e, 0x07, 0xc0, 0x78, 0x07, 0x80, 0xfe, 0x61, 0xe0, 0x00, 0x1f, 0xc7, 0x0e,
    0x03, 0xc0, 0x18, 0x06, 0x00, 0xf7, 0xe1, 0xff, 0xf8, 0x3c, 0x87, 0x0e, 0x03, 0xc0, 0x18, 0x06, 0x00, 0xf3, 0xe3, 0xff, 0xff, 0xfc, 0x07, 0x0e,
    0x03, 0xc0, 0x18, 0x04, 0x00, 0xf0, 0xff, 0x00, 0xff, 0xfc, 0x07, 0x9e, 0x03, 0xc0, 0x1c, 0x0c, 0x00, 0xf0, 0x3e, 0x00, 0x07, 0xf8, 0x07, 0xbc,
    0x73, 0xc0, 0x1e, 0x1c, 0x00, 0xf0, 0x3c, 0x00, 0x01, 0xfc, 0x03, 0xbc, 0x3f, 0xc0, 0x1f, 0xfc, 0x00, 0xf0, 0x3c, 0x00, 0x01, 0xfe, 0x01, 0x08,
    0x1f, 0xe0, 0x3f, 0xfe, 0x01, 0xf0, 0x38, 0x00, 0x01, 0xdf, 0x80, 0x00, 0x07, 0xe0, 0x3f, 0x7f, 0x01, 0xf0, 0x38, 0x00, 0x00, 0x03, 0xc0, 0x00,
    0x03, 0xe0, 0x7e, 0x1f, 0x03, 0xf0, 0x38, 0x00, 0x00, 0x00, 0xc0, 0x00, 0x01, 0xe0, 0x7c, 0x1f, 0x83, 0xf0, 0x30, 0x00, 0x00, 0x00, 0x40, 0xe0,
    0x01, 0xf0, 0xfc, 0x0f, 0x83, 0xb8, 0x30, 0x00, 0x00, 0x00, 0x00, 0xe0, 0x00, 0xf0, 0xf8, 0x07, 0xc7, 0x98, 0x70, 0x00, 0x00, 0x00, 0x00, 0xe0,
    0x00, 0x79, 0xf0, 0x07, 0xcf, 0x8c, 0x60, 0x00, 0x00, 0x00, 0x00, 0x00, 0x00, 0x7d, 0xf0, 0x03, 0xff, 0x8c, 0x60, 0x00, 0x00, 0x00, 0x00, 0x00,
    0x00, 0x7f, 0xe0, 0x03, 0xff, 0x0c, 0xe0, 0x00, 0x00, 0x00, 0x00, 0x00, 0x05, 0xff, 0xe0, 0x01, 0xff, 0x1c, 0xe0, 0x00, 0x00, 0x00, 0x00, 0x00,
    0x0f, 0xff, 0xc0, 0x00, 0xff, 0x1e, 0xc0, 0x00, 0x00, 0x00, 0x00, 0x00, 0x0f, 0xff, 0xc0, 0x01, 0xff, 0x1f, 0xc0, 0x00, 0x00, 0x00, 0x00, 0x00,
    0x00, 0x0f, 0xf0, 0x03, 0xfb, 0x0f, 0xe0, 0x00, 0x00, 0x00, 0x00, 0x00, 0x00, 0x07, 0xff, 0x7f, 0xf3, 0x07, 0xe0, 0x00, 0x00, 0x00, 0x00, 0x00,
    0x00, 0x01, 0xff, 0xff, 0xe3, 0x07, 0xf0, 0x00, 0x00, 0x00, 0x00, 0x00, 0x00, 0x01, 0xff, 0xff, 0xc3, 0x07, 0xf0, 0x00, 0x00, 0x00, 0x00, 0x00,
    0x00, 0x01, 0xff, 0xff, 0xc3, 0x0f, 0xf8, 0x00, 0x00, 0x00, 0x00, 0x00, 0x00, 0x0f, 0x8f, 0xf9, 0x83, 0x87, 0xf8, 0x00, 0x00, 0x00, 0x00, 0x00,
    0x00, 0x0f, 0x03, 0xf1, 0x81, 0x83, 0xf8, 0x00, 0x00, 0x00, 0x00, 0x00, 0x00, 0x18, 0x03, 0x83, 0x00, 0x01, 0xf0, 0x00, 0x00, 0x00, 0x00, 0x00,
    0x00, 0x10, 0x03, 0x03, 0x00, 0x01, 0xf0, 0x00, 0x00, 0x00, 0x00, 0x00, 0x00, 0x00, 0x02, 0x03, 0x00, 0x00, 0xe0, 0x00, 0x00, 0x00, 0x00, 0x00,
    0x00, 0x00, 0x06, 0x03, 0x00, 0x00, 0xc0, 0x00, 0x00, 0x00, 0x00, 0x00, 0x00, 0x00, 0x0c, 0x03, 0x00, 0x00, 0x00, 0x00, 0x00, 0x00, 0x00, 0x00,
    0x00, 0x00, 0x0c, 0x00, 0x00, 0x00, 0x00, 0x00, 0x00, 0x00, 0x00, 0x00, 0x00, 0x00, 0x04, 0x00, 0x00, 0x00, 0x00, 0x00, 0x00, 0x00, 0x00, 0x00,
  }},
  {{
    0x00, 0x00, 0x01, 0x80, 0x00, 0x00, 0x00, 0x00, 0x00, 0x00, 0x00, 0x00, 0x00, 0x00, 0x01, 0x80, 0x00, 0x00, 0x00, 0x00, 0x00, 0x00, 0x00, 0x00,
    0x00, 0x00, 0x03, 0x00, 0x40, 0x00, 0x00, 0x00, 0x00, 0x00, 0x00, 0x00, 0x00, 0x00, 0x03, 0x00, 0xc0, 0x00, 0x00, 0x00, 0x00, 0x00, 0x00, 0x00,
    0x00, 0x06, 0x02, 0x01, 0xc0, 0x00, 0x00, 0x00, 0x00, 0x00, 0x00, 0x00, 0x00, 0x06, 0x06, 0x03, 0x80, 0x00, 0x00, 0x00, 0x00, 0x00, 0x00, 0x00,
    0x00, 0x02, 0x0e, 0x07, 0x00, 0x00, 0x00, 0x00, 0x00, 0x00, 0x00, 0x00, 0x00, 0x02, 0x1f, 0xfe, 0x00, 0x00, 0x00, 0x00, 0x00, 0x00, 0x00, 0x00,
    0x00, 0x06, 0x1f, 0xfc, 0x00, 0x00, 0x00, 0x00, 0x00, 0x00, 0x00, 0x00, 0x00, 0x06, 0x7f, 0xff, 0x80, 0x40, 0x00, 0x00, 0x00, 0x00, 0x00, 0x00,
    0x00, 0x06, 0xff, 0xff, 0xc1, 0xc0, 0x00, 0x00, 0x00, 0x00, 0x00, 0x00, 0x00, 0x0f, 0xff, 0xff, 0xff, 0xc0, 0x03, 0xe0, 0x00, 0x00, 0x00, 0x00,
    0x02, 0x0f, 0xff, 0xff, 0xff, 0x00, 0x0f, 0xe0, 0x00, 0x00, 0x00, 0x00, 0x03, 0x0f, 0xf1, 0xe3, 0xf8, 0x00, 0x1f, 0xe0, 0x00, 0x00, 0x00, 0x00,
    0x03, 0x1f, 0x81, 0xe0, 0xfc, 0x01, 0xff, 0xe0, 0x00, 0x00, 0x00, 0x00, 0x01, 0x1f, 0x81, 0xe0, 0x7e, 0x01, 0xff, 0xe0, 0x00, 0x00, 0x00, 0x00,
    0x01, 0x3e, 0x01, 0xe0, 0x3f, 0x01, 0xff, 0xe0, 0x00, 0x00, 0x00, 0x00, 0x01, 0xfc, 0x01, 0xe0, 0x1f, 0x01, 0xff, 0xe0, 0x00, 0x00, 0x00, 0x00,
    0x01, 0xfc, 0x01, 0xe0, 0x0f, 0xc0, 0x1f, 0xe0, 0x00, 0x00, 0x00, 0x00, 0x01, 0xf8, 0x01, 0xe0, 0x07, 0xf0, 0x1f, 0x80, 0x00, 0x00, 0x00, 0x00,
    0x01, 0xf0, 0x01, 0xe0, 0x07, 0xff, 0x0f, 0x00, 0x00, 0x00, 0x00, 0x00, 0x01, 0xf0, 0x01, 0xe0, 0x03, 0xef, 0x0f, 0x00, 0x00, 0x00, 0x00, 0x00,
    0x01, 0xf0, 0x01, 0xe0, 0x03, 0xc2, 0x0e, 0x00, 0x00, 0x00, 0x00, 0x00, 0x61, 0xf0, 0x01, 0xe0, 0x07, 0xc0, 0x0e, 0x00, 0x00, 0x00, 0x00, 0x00,
    0x71, 0xf8, 0x03, 0xe0, 0x0f, 0xe0, 0x0e, 0x00, 0x00, 0x00, 0x00, 0x00, 0x11, 0xff, 0x87, 0xf0, 0x7f, 0xe0, 0x0e, 0x00, 0x01, 0xc0, 0x00, 0xf0,
    0x1b, 0xff, 0xcf, 0xf9, 0xff, 0xf0, 0x1e, 0x00, 0x01, 0xc0, 0x01, 0xf8, 0x0f, 0xff, 0xfc, 0x1f, 0xff, 0xf0, 0x1e, 0x00, 0x00, 0x80, 0x03, 0xfc,
    0x0f, 0xff, 0xf8, 0x0f, 0xff, 0xf0, 0x1e, 0x00, 0x00, 0x00, 0x07, 0x9c, 0x0f, 0xcf, 0xf8, 0x07, 0xfc, 0xf8, 0x13, 0x00, 0x00, 0x00, 0x07, 0x0e,
    0x07, 0xc1, 0xf8, 0x07, 0xc0, 0xfc, 0x23, 0x80, 0x00, 0x0f, 0xe7, 0x0e, 0x07, 0xc0, 0x78, 0x07, 0x80, 0xfe, 0x61, 0xe0, 0x00, 0x1f, 0xc7, 0x0e,
    0x03, 0xc0, 0x18, 0x06, 0x00, 0xf7, 0xe1, 0xff, 0xf8, 0x3c, 0x87, 0x0e, 0x03, 0xc0, 0x18, 0x06, 0x00, 0xf3, 0xe3, 0xff, 0xff, 0xfc, 0x07, 0x0e,
    0x03, 0xc0, 0x18, 0x04, 0x00, 0xf0, 0xff, 0x00, 0xff, 0xfc, 0x07, 0x9e, 0x03, 0xc0, 0x1c, 0x0c, 0x00, 0xf0, 0x3e, 0x00, 0x07, 0xf8, 0x07, 0xdc,
    0x73, 0xc0, 0x1e, 0x1c, 0x00, 0xf0, 0x3c, 0x00, 0x01, 0xfc, 0x03, 0xcc, 0x3f, 0xc0, 0x1f, 0xfc, 0x00, 0xf0, 0x3c, 0x00, 0x01, 0xfe, 0x01, 0x80,
    0x1f, 0xe0, 0x3f, 0xfe, 0x01, 0xf0, 0x38, 0x00, 0x01, 0xdf, 0x80, 0x80, 0x07, 0xe0, 0x3f, 0x7f, 0x01, 0xf0, 0x38, 0x00, 0x00, 0x03, 0xc0, 0x00,
    0x03, 0xe0, 0x7e, 0x1f, 0x03, 0xf0, 0x38, 0x00, 0x00, 0x00, 0xc0, 0x00, 0x01, 0xe0, 0x7c, 0x1f, 0x83, 0xf0, 0x30, 0x00, 0x00, 0x00, 0x40, 0x38,
    0x01, 0xf0, 0xfc, 0x0f, 0x83, 0xb8, 0x30, 0x00, 0x00, 0x00, 0x00, 0x38, 0x00, 0xf0, 0xf8, 0x07, 0xc7, 0x98, 0x70, 0x00, 0x00, 0x00, 0x00, 0x30,
    0x00, 0x79, 0xf0, 0x07, 0xcf, 0x8c, 0x60, 0x00, 0x00, 0x00, 0x00, 0x00, 0x00, 0x7d, 0xf0, 0x03, 0xff, 0x8c, 0x60, 0x00, 0x00, 0x00, 0x00, 0x00,
    0x00, 0x7f, 0xe0, 0x03, 0xff, 0x0c, 0xe0, 0x00, 0x00, 0x00, 0x00, 0x00, 0x05, 0xff, 0xe0, 0x01, 0xff, 0x1c, 0xe0, 0x00, 0x00, 0x00, 0x00, 0x00,
    0x0f, 0xff, 0xc0, 0x00, 0xff, 0x1e, 0xc0, 0x00, 0x00, 0x00, 0x00, 0x00, 0x0f, 0xff, 0xc0, 0x01, 0xff, 0x1f, 0xc0, 0x00, 0x00, 0x00, 0x00, 0x00,
    0x00, 0x0f, 0xf0, 0x03, 0xfb, 0x0f, 0xe0, 0x00, 0x00, 0x00, 0x00, 0x00, 0x00, 0x07, 0xff, 0x7f, 0xf3, 0x07, 0xe0, 0x00, 0x00, 0x00, 0x00, 0x00,
    0x00, 0x01, 0xff, 0xff, 0xe3, 0x07, 0xf0, 0x00, 0x00, 0x00, 0x00, 0x00, 0x00, 0x01, 0xff, 0xff, 0xc3, 0x07, 0xf0, 0x00, 0x00, 0x00, 0x00, 0x00,
    0x00, 0x01, 0xff, 0xff, 0xc3, 0x0f, 0xf8, 0x00, 0x00, 0x00, 0x00, 0x00, 0x00, 0x0f, 0x8f, 0xf9, 0x83, 0x87, 0xf8, 0x00, 0x00, 0x00, 0x00, 0x00,
    0x00, 0x0f, 0x03, 0xf1, 0x81, 0x83, 0xf8, 0x00, 0x00, 0x00, 0x00, 0x00, 0x00, 0x18, 0x03, 0x83, 0x00, 0x01, 0xf0, 0x00, 0x00, 0x00, 0x00, 0x00,
    0x00, 0x10, 0x03, 0x03, 0x00, 0x01, 0xf0, 0x00, 0x00, 0x00, 0x00, 0x00, 0x00, 0x00, 0x02, 0x03, 0x00, 0x00, 0xe0, 0x00, 0x00, 0x00, 0x00, 0x00,
    0x00, 0x00, 0x06, 0x03, 0x00, 0x00, 0xc0, 0x00, 0x00, 0x00, 0x00, 0x00, 0x00, 0x00, 0x0c, 0x03, 0x00, 0x00, 0x00, 0x00, 0x00, 0x00, 0x00, 0x00,
    0x00, 0x00, 0x0c, 0x00, 0x00, 0x00, 0x00, 0x00, 0x00, 0x00, 0x00, 0x00, 0x00, 0x00, 0x04, 0x00, 0x00, 0x00, 0x00, 0x00, 0x00, 0x00, 0x00, 0x00,
  }},
  {{
    0x00, 0x00, 0x01, 0x80, 0x00, 0x00, 0x00, 0x00, 0x00, 0x00, 0x00, 0x00, 0x00, 0x00, 0x01, 0x80, 0x00, 0x00, 0x00, 0x00, 0x00, 0x00, 0x00, 0x00,
    0x00, 0x00, 0x03, 0x00, 0x40, 0x00, 0x00, 0x00, 0x00, 0x00, 0x00, 0x00, 0x00, 0x00, 0x03, 0x00, 0xc0, 0x00, 0x00, 0x00, 0x00, 0x00, 0x00, 0x00,
    0x00, 0x06, 0x02, 0x01, 0xc0, 0x00, 0x00, 0x00, 0x00, 0x00, 0x00, 0x00, 0x00, 0x06, 0x06, 0x03, 0x80, 0x00, 0x00, 0x00, 0x00, 0x00, 0x00, 0x00,
    0x00, 0x02, 0x0e, 0x07, 0x00, 0x00, 0x00, 0x00, 0x00, 0x00, 0x00, 0x00, 0x00, 0x02, 0x1f, 0xfe, 0x00, 0x00, 0x00, 0x00, 0x00, 0x00, 0x00, 0x00,
    0x00, 0x06, 0x1f, 0xfc, 0x00, 0x00, 0x00, 0x00, 0x00, 0x00, 0x00, 0x00, 0x00, 0x06, 0x7f, 0xff, 0x80, 0x40, 0x00, 0x00, 0x00, 0x00, 0x00, 0x00,
    0x00, 0x06, 0xff, 0xff, 0xc1, 0xc0, 0x00, 0x00, 0x00, 0x00, 0x00, 0x00, 0x00, 0x0f, 0xff, 0xff, 0xff, 0xc0, 0x03, 0xe0, 0x00, 0x00, 0x00, 0x00,
    0x02, 0x0f, 0xff, 0xff, 0xff, 0x00, 0x0f, 0xe0, 0x00, 0x00, 0x00, 0x00, 0x03, 0x0f, 0xf1, 0xe3, 0xf8, 0x00, 0x1f, 0xe0, 0x00, 0x00, 0x00, 0x00,
    0x03, 0x1f, 0x81, 0xe0, 0xfc, 0x01, 0xff, 0xe0, 0x00, 0x00, 0x00, 0x00, 0x01, 0x1f, 0x81, 0xe0, 0x7e, 0x01, 0xff, 0xe0, 0x00, 0x00, 0x00, 0x00,
    0x01, 0x3e, 0x01, 0xe0, 0x3f, 0x01, 0xff, 0xe0, 0x00, 0x00, 0x00, 0x00, 0x01, 0xfc, 0x01, 0xe0, 0x1f, 0x01, 0xff, 0xe0, 0x00, 0x00, 0x00, 0x00,
    0x01, 0xfc, 0x01, 0xe0, 0x0f, 0xc0, 0x1f, 0xe0, 0x00, 0x00, 0x00, 0x00, 0x01, 0xf8, 0x01, 0xe0, 0x07, 0xf0, 0x1f, 0x80, 0x00, 0x00, 0x00, 0x00,
    0x01, 0xf0, 0x01, 0xe0, 0x07, 0xff, 0x0f, 0x00, 0x00, 0x00, 0x00, 0x00, 0x01, 0xf0, 0x01, 0xe0, 0x03, 0xef, 0x0f, 0x00, 0x00, 0x00, 0x00, 0x00,
    0x01, 0xf0, 0x01, 0xe0, 0x03, 0xc2, 0x0e, 0x00, 0x00, 0x00, 0x00, 0x00, 0x61, 0xf0, 0x01, 0xe0, 0x07, 0xc0, 0x0e, 0x00, 0x00, 0x00, 0x00, 0x00,
    0x71, 0xf8, 0x03, 0xe0, 0x0f, 0xe0, 0x0e, 0x00, 0x00, 0x00, 0x00, 0x00, 0x11, 0xff, 0x87, 0xf0, 0x7f, 0xe0, 0x0e, 0x00, 0x01, 0xc0, 0x00, 0xf0,
    0x1b, 0xff, 0xcf, 0xf9, 0xff, 0xf0, 0x1e, 0x00, 0x01, 0xc0, 0x01, 0xf8, 0x0f, 0xff, 0xfc, 0x1f, 0xff, 0xf0, 0x1e, 0x00, 0x00, 0x80, 0x03, 0xfc,
    0x0f, 0xff, 0xf8, 0x0f, 0xff, 0xf0, 0x1e, 0x00, 0x00, 0x00, 0x07, 0x9c, 0x0f, 0xcf, 0xf8, 0x07, 0xfc, 0xf8, 0x13, 0x00, 0x00, 0x00, 0x07, 0x0e,
    0x07, 0xc1, 0xf8, 0x07, 0xc0, 0xfc, 0x23, 0x80, 0x00, 0x0f, 0xe7, 0x0e, 0x07, 0xc0, 0x78, 0x07, 0x80, 0xfe, 0x61, 0xe0, 0x00, 0x1f, 0xc7, 0x0e,
    0x03, 0xc0, 0x18, 0x06, 0x00, 0xf7, 0xe1, 0xff, 0xf8, 0x3c, 0x87, 0x0e, 0x03, 0xc0, 0x18, 0x06, 0x00, 0xf3, 0xe3, 0xff, 0xff, 0xfc, 0x07, 0x0e,
    0x03, 0xc0, 0x18, 0x04, 0x00, 0xf0, 0xff, 0x00, 0xff, 0xfc, 0x07, 0x9e, 0x03, 0xc0, 0x1c, 0x0c, 0x00, 0xf0, 0x3e, 0x00, 0x07, 0xf8, 0x07, 0xbc,
    0x73, 0xc0, 0x1e, 0x1c, 0x00, 0xf0, 0x3c, 0x00, 0x01, 0xfc, 0x03, 0xbc, 0x3f, 0xc0, 0x1f, 0xfc, 0x00, 0xf0, 0x3c, 0x00, 0x01, 0xfe, 0x01, 0x08,
    0x1f, 0xe0, 0x3f, 0xfe, 0x01, 0xf0, 0x38, 0x00, 0x01, 0xdf, 0x80, 0x00, 0x07, 0xe0, 0x3f, 0x7f, 0x01, 0xf0, 0x38, 0x00, 0x00, 0x03, 0xc0, 0x00,
    0x03, 0xe0, 0x7e, 0x1f, 0x03, 0xf0, 0x38, 0x00, 0x00, 0x00, 0xc0, 0x00, 0x01, 0xe0, 0x7c, 0x1f, 0x83, 0xf0, 0x30, 0x00, 0x00, 0x00, 0x40, 0xe0,
    0x01, 0xf0, 0xfc, 0x0f, 0x83, 0xb8, 0x30, 0x00, 0x00, 0x00, 0x00, 0xe0, 0x00, 0xf0, 0xf8, 0x07, 0xc7, 0x98, 0x70, 0x00, 0x00, 0x00, 0x00, 0xe0,
    0x00, 0x79, 0xf0, 0x07, 0xcf, 0x8c, 0x60, 0x00, 0x00, 0x00, 0x00, 0x00, 0x00, 0x7d, 0xf0, 0x03, 0xff, 0x8c, 0x60, 0x00, 0x00, 0x00, 0x00, 0x00,
    0x00, 0x7f, 0xe0, 0x03, 0xff, 0x0c, 0xe0, 0x00, 0x00, 0x00, 0x00, 0x00, 0x05, 0xff, 0xe0, 0x01, 0xff, 0x1c, 0xe0, 0x00, 0x00, 0x00, 0x00, 0x00,
    0x0f, 0xff, 0xc0, 0x00, 0xff, 0x1e, 0xc0, 0x00, 0x00, 0x00, 0x00, 0x00, 0x0f, 0xff, 0xc0, 0x01, 0xff, 0x1f, 0xc0, 0x00, 0x00, 0x00, 0x00, 0x00,
    0x00, 0x0f, 0xf0, 0x03, 0xfb, 0x0f, 0xe0, 0x00, 0x00, 0x00, 0x00, 0x00, 0x00, 0x07, 0xff, 0x7f, 0xf3, 0x07, 0xe0, 0x00, 0x00, 0x00, 0x00, 0x00,
    0x00, 0x01, 0xff, 0xff, 0xe3, 0x07, 0xf0, 0x00, 0x00, 0x00, 0x00, 0x00, 0x00, 0x01, 0xff, 0xff, 0xc3, 0x07, 0xf0, 0x00, 0x00, 0x00, 0x00, 0x00,
    0x00, 0x01, 0xff, 0xff, 0xc3, 0x0f, 0xf8, 0x00, 0x00, 0x00, 0x00, 0x00, 0x00, 0x0f, 0x8f, 0xf9, 0x83, 0x87, 0xf8, 0x00, 0x00, 0x00, 0x00, 0x00,
    0x00, 0x0f, 0x03, 0xf1, 0x81, 0x83, 0xf8, 0x00, 0x00, 0x00, 0x00, 0x00, 0x00, 0x18, 0x03, 0x83, 0x00, 0x01, 0xf0, 0x00, 0x00, 0x00, 0x00, 0x00,
    0x00, 0x10, 0x03, 0x03, 0x00, 0x01, 0xf0, 0x00, 0x00, 0x00, 0x00, 0x00, 0x00, 0x00, 0x02, 0x03, 0x00, 0x00, 0xe0, 0x00, 0x00, 0x00, 0x00, 0x00,
    0x00, 0x00, 0x06, 0x03, 0x00, 0x00, 0xc0, 0x00, 0x00, 0x00, 0x00, 0x00, 0x00, 0x00, 0x0c, 0x03, 0x00, 0x00, 0x00, 0x00, 0x00, 0x00, 0x00, 0x00,
    0x00, 0x00, 0x0c, 0x00, 0x00, 0x00, 0x00, 0x00, 0x00, 0x00, 0x00, 0x00, 0x00, 0x00, 0x04, 0x00, 0x00, 0x00, 0x00, 0x00, 0x00, 0x00, 0x00, 0x00,
  }},
  {{
    0x00, 0x00, 0x01, 0x80, 0x00, 0x00, 0x00, 0x00, 0x00, 0x00, 0x00, 0x00, 0x00, 0x00, 0x01, 0x80, 0x00, 0x00, 0x00, 0x00, 0x00, 0x00, 0x00, 0x00,
    0x00, 0x00, 0x03, 0x00, 0x40, 0x00, 0x00, 0x00, 0x00, 0x00, 0x00, 0x00, 0x00, 0x00, 0x03, 0x00, 0xc0, 0x00, 0x00, 0x00, 0x00, 0x00, 0x00, 0x00,
    0x00, 0x06, 0x02, 0x01, 0xc0, 0x00, 0x00, 0x00, 0x00, 0x00, 0x00, 0x00, 0x00, 0x06, 0x06, 0x03, 0x80, 0x00, 0x00, 0x00, 0x00, 0x00, 0x00, 0x00,
    0x00, 0x02, 0x0e, 0x07, 0x00, 0x00, 0x00, 0x00, 0x00, 0x00, 0x00, 0x00, 0x00, 0x02, 0x1f, 0xfe, 0x00, 0x00, 0x00, 0x00, 0x00, 0x00, 0x00, 0x00,
    0x00, 0x06, 0x1f, 0xfc, 0x00, 0x00, 0x00, 0x00, 0x00, 0x00, 0x00, 0x00, 0x00, 0x06, 0x7f, 0xff, 0x00, 0x40, 0x00, 0x00, 0x00, 0x00, 0x00, 0x00,
    0x00, 0x06, 0xff, 0xff, 0xc1, 0xc0, 0x01, 0x80, 0x00, 0x00, 0x00, 0x00, 0x00, 0x0f, 0xff, 0xff, 0xff, 0xc0, 0x0f, 0x80, 0x00, 0x00, 0x00, 0x00,
    0x02, 0x0f, 0xff, 0xff, 0xff, 0x00, 0x1f, 0x80, 0x00, 0x00, 0x00, 0x00, 0x03, 0x0f, 0xf1, 0xe3, 0xf8, 0x00, 0x3f, 0xc0, 0x00, 0x00, 0x00, 0x00,
    0x03, 0x1f, 0x81, 0xe0, 0xfc, 0x00, 0xff, 0xc0, 0x00, 0x00, 0x00, 0x00, 0x01, 0x1f, 0x81, 0xe0, 0x7e, 0x03, 0xff, 0xc0, 0x00, 0x00, 0x00, 0x00,
    0x01, 0x3e, 0x01, 0xe0, 0x3f, 0x07, 0xff, 0xc0, 0x00, 0x00, 0x00, 0x00, 0x01, 0xfc, 0x01, 0xe0, 0x1f, 0x07, 0xff, 0xc0, 0x00, 0x00, 0x00, 0x00,
    0x01, 0xfc, 0x01, 0xe0, 0x0f, 0xc2, 0x3f, 0x80, 0x00, 0x00, 0x00, 0x00, 0x01, 0xf8, 0x01, 0xe0, 0x07, 0xf0, 0x3f, 0x00, 0x00, 0x00, 0x00, 0x00,
    0x01, 0xf0, 0x01, 0xe0, 0x07, 0xff, 0x1e, 0x00, 0x00, 0x00, 0x00, 0x00, 0x01, 0xf0, 0x01, 0xe0, 0x03, 0xef, 0x1e, 0x00, 0x00, 0x00, 0x00, 0x00,
    0x01, 0xf0, 0x01, 0xe0, 0x03, 0xc2, 0x1c, 0x00, 0x00, 0x00, 0x00, 0x00, 0x61, 0xf0, 0x01, 0xe0, 0x07, 0xc0, 0x1c, 0x00, 0x00, 0x00, 0x00, 0x00,
    0x71, 0xf8, 0x03, 0xe0, 0x0f, 0xe0, 0x1c, 0x00, 0x00, 0x00, 0x00, 0x00, 0x11, 0xff, 0x87, 0xf0, 0x7f, 0xe0, 0x1c, 0x00, 0x01, 0xc0, 0x00, 0xf0,
    0x1b, 0xff, 0xcf, 0xf9, 0xff, 0xf0, 0x1c, 0x00, 0x01, 0xc0, 0x61, 0xf8, 0x0f, 0xff, 0xfc, 0x1f, 0xff, 0xf0, 0x1e, 0x00, 0x00, 0x8f, 0xc3, 0xfc,
    0x0f, 0xff, 0xf8, 0x0f, 0xff, 0xf0, 0x1e, 0x00, 0x00, 0x1f, 0xc7, 0x9c, 0x07, 0xcf, 0xf8, 0x07, 0xfc, 0xf8, 0x33, 0x00, 0x00, 0x1c, 0x47, 0x0e,
    0x07, 0xc1, 0xf8, 0x07, 0xc0, 0xfc, 0x23, 0xff, 0xff, 0xfc, 0x63, 0x0e, 0x07, 0xc0, 0x78, 0x07, 0x80, 0xfe, 0x61, 0xff, 0xff, 0xfc, 0x63, 0x0e,
    0x03, 0xc0, 0x18, 0x06, 0x00, 0xf7, 0xe1, 0xff, 0xff, 0xfc, 0x63, 0x0e, 0x03, 0xc0, 0x18, 0x06, 0x00, 0xf3, 0xe3, 0xc0, 0x00, 0x7c, 0x63, 0x0e,
    0x03, 0xc0, 0x18, 0x04, 0x00, 0xf0, 0xbf, 0x00, 0x00, 0x1f, 0xc7, 0x9e, 0x03, 0xc0, 0x1c, 0x0c, 0x00, 0xf0, 0x1e, 0x00, 0x00, 0x0f, 0xc7, 0xfc,
    0x73, 0xc0, 0x1e, 0x1c, 0x00, 0xf0, 0x1e, 0x00, 0x00, 0x80, 0xc3, 0xfc, 0x3f, 0xc0, 0x1f, 0xfc, 0x00, 0xf0, 0x1c, 0x00, 0x01, 0xc0, 0x41, 0xf8,
    0x0f, 0xe0, 0x3f, 0xfe, 0x01, 0xf0, 0x1c, 0x00, 0x01, 0xc0, 0x00, 0xe0, 0x07, 0xe0, 0x3f, 0x7f, 0x01, 0xf0, 0x1c, 0x00, 0x00, 0x00, 0x00, 0x00,
    0x03, 0xe0, 0x7e, 0x1f, 0x03, 0xf0, 0x18, 0x00, 0x00, 0x00, 0x00, 0x00, 0x01, 0xe0, 0x7c, 0x1f, 0x83, 0xf0, 0x18, 0x00, 0x00, 0x00, 0x00, 0x00,
    0x01, 0xf0, 0xfc, 0x0f, 0x83, 0x98, 0x18, 0x00, 0x00, 0x00, 0x00, 0x00, 0x00, 0xf0, 0xf8, 0x07, 0xc7, 0x98, 0x10, 0x00, 0x00, 0x00, 0x00, 0x00,
    0x00, 0x79, 0xf0, 0x07, 0xcf, 0x8c, 0x30, 0x00, 0x00, 0x00, 0x00, 0x00, 0x00, 0x7d, 0xf0, 0x03, 0xff, 0x8c, 0x30, 0x00, 0x00, 0x00, 0x00, 0x00,
    0x00, 0x7f, 0xe0, 0x03, 0xff, 0x04, 0x30, 0x00, 0x00, 0x00, 0x00, 0x00, 0x05, 0xff, 0xe0, 0x01, 0xff, 0x04, 0x70, 0x00, 0x00, 0x00, 0x00, 0x00,
    0x0f, 0xff, 0xc0, 0x00, 0xff, 0x0e, 0x70, 0x00, 0x00, 0x00, 0x00, 0x00, 0x0f, 0xff, 0xc0, 0x01, 0xff, 0x0f, 0xf0, 0x00, 0x00, 0x00, 0x00, 0x00,
    0x00, 0x0f, 0xf0, 0x03, 0xfb, 0x0f, 0xf0, 0x00, 0x00, 0x00, 0x00, 0x00, 0x00, 0x07, 0xff, 0x7f, 0xf3, 0x07, 0xf0, 0x00, 0x00, 0x00, 0x00, 0x00,
    0x00, 0x01, 0xff, 0xff, 0xe3, 0x03, 0xf8, 0x00, 0x00, 0x00, 0x00, 0x00, 0x00, 0x01, 0xff, 0xff, 0xc3, 0x03, 0xfc, 0x00, 0x00, 0x00, 0x00, 0x00,
    0x00, 0x01, 0xff, 0xff, 0xc3, 0x01, 0xfe, 0x00, 0x00, 0x00, 0x00, 0x00, 0x00, 0x0f, 0x8f, 0xf9, 0x83, 0x81, 0xfe, 0x00, 0x00, 0x00, 0x00, 0x00,
    0x00, 0x0e, 0x03, 0xf1, 0x81, 0x81, 0xfe, 0x00, 0x00, 0x00, 0x00, 0x00, 0x00, 0x18, 0x03, 0x81, 0x00, 0x00, 0xfc, 0x00, 0x00, 0x00, 0x00, 0x00,
    0x00, 0x10, 0x03, 0x03, 0x00, 0x00, 0x7c, 0x00, 0x00, 0x00, 0x00, 0x00, 0x00, 0x00, 0x02, 0x03, 0x00, 0x00, 0x78, 0x00, 0x00, 0x00, 0x00, 0x00,
    0x00, 0x00, 0x06, 0x03, 0x00, 0x00, 0x30, 0x00, 0x00, 0x00, 0x00, 0x00, 0x00, 0x00, 0x0c, 0x03, 0x00, 0x00, 0x10, 0x00, 0x00, 0x00, 0x00, 0x00,
    0x00, 0x00, 0x0c, 0x00, 0x00, 0x00, 0x00, 0x00, 0x00, 0x00, 0x00, 0x00, 0x00, 0x00, 0x04, 0x00, 0x00, 0x00, 0x00, 0x00, 0x00, 0x00, 0x00, 0x00,
  }},
  {{
    0x00, 0x00, 0x00, 0x18, 0x00, 0x00, 0x00, 0x00, 0x00, 0x00, 0x00, 0x00, 0x00, 0x00, 0x00, 0x18, 0x00, 0x00, 0x00, 0x00, 0x00, 0x00, 0x00, 0x00,
    0x00, 0x00, 0x60, 0x18, 0x00, 0x00, 0x00, 0x00, 0x00, 0x00, 0x00, 0x00, 0x00, 0x00, 0x60, 0x30, 0x00, 0x00, 0x00, 0x00, 0x00, 0x00, 0x00, 0x00,
    0x00, 0x00, 0x60, 0x60, 0x00, 0x00, 0x00, 0x00, 0x00, 0x00, 0x00, 0x00, 0x00, 0x00, 0x40, 0xe0, 0x0c, 0x00, 0x00, 0x00, 0x00, 0x00, 0x00, 0x00,
    0x00, 0x00, 0xc1, 0xc0, 0x1c, 0x00, 0x00, 0x00, 0x00, 0x00, 0x00, 0x00, 0x00, 0x40, 0xc7, 0xe0, 0xf8, 0x00, 0x00, 0x00, 0x00, 0x00, 0x00, 0x00,
    0x00, 0xe0, 0xcf, 0xff, 0xf0, 0x00, 0x00, 0x00, 0x00, 0x00, 0x00, 0x00, 0x00, 0x61, 0xff, 0xff, 0xc0, 0x00, 0x00, 0x00, 0x00, 0x00, 0x00, 0x00,
    0x00, 0x61, 0xff, 0xff, 0xc0, 0x00, 0x06, 0x00, 0x00, 0x00, 0x00, 0x00, 0x00, 0x63, 0xff, 0xff, 0xe0, 0x00, 0x1f, 0x00, 0x00, 0x00, 0x00, 0x00,
    0x00, 0x67, 0xfc, 0x7f, 0xf8, 0x00, 0x3f, 0x00, 0x00, 0x00, 0x00, 0x00, 0x00, 0x67, 0xe0, 0x7f, 0xfc, 0x00, 0x7f, 0x00, 0x00, 0x00, 0x00, 0x00,
    0x00, 0x7f, 0x80, 0x7c, 0xff, 0xf8, 0xff, 0x00, 0x00, 0x00, 0x00, 0x00, 0x00, 0x3f, 0x80, 0x78, 0x7f, 0xfd, 0xff, 0x80, 0x00, 0x00, 0x00, 0x00,
    0x00, 0x7e, 0x00, 0x78, 0x3f, 0x0f, 0xff, 0x80, 0x00, 0x00, 0x00, 0x00, 0x00, 0x7c, 0x00, 0x78, 0x1f, 0x0f, 0xff, 0x00, 0x00, 0x00, 0x00, 0x00,
    0x10, 0xfc, 0x00, 0x78, 0x0f, 0x07, 0xfe, 0x00, 0x00, 0x00, 0x00, 0x00, 0x18, 0xf8, 0x00, 0xf8, 0x07, 0x80, 0x7e, 0x00, 0x00, 0x00, 0x00, 0x00,
    0x0c, 0xf8, 0x00, 0xf8, 0x07, 0xc0, 0x3c, 0x00, 0x00, 0x00, 0x00, 0xe0, 0x0c, 0xfe, 0x00, 0xf8, 0x03, 0xc0, 0x3c, 0x00, 0x00, 0x00, 0x00, 0xe0,
    0x07, 0xff, 0x00, 0xf8, 0x03, 0xe0, 0x18, 0x00, 0x00, 0x00, 0x40, 0xe0, 0x07, 0xff, 0xc0, 0xf0, 0x03, 0xf0, 0x18, 0x00, 0x00, 0x01, 0xc0, 0x00,
    0x07, 0xff, 0xc1, 0xf0, 0x01, 0xf8, 0x18, 0x00, 0x00, 0x07, 0x80, 0x00, 0x07, 0xff, 0xff, 0xf0, 0x01, 0xff, 0x98, 0x00, 0x01, 0xdf, 0x00, 0x00,
    0x07, 0xc7, 0xff, 0xf8, 0x03, 0xef, 0x9c, 0x00, 0x01, 0xfc, 0x01, 0x18, 0x03, 0xc3, 0xfc, 0x1c, 0x3f, 0xe0, 0x1e, 0x00, 0x00, 0xfc, 0x03, 0xfc,
    0x03, 0xc0, 0xfc, 0x0f, 0xff, 0xe0, 0x1f, 0x00, 0x3f, 0xf8, 0x07, 0x9c, 0x03, 0xc0, 0x78, 0x07, 0xff, 0xf0, 0x33, 0x83, 0xff, 0xfc, 0x07, 0x0e,
    0xe3, 0xc0, 0x38, 0x07, 0xff, 0xf0, 0x23, 0xff, 0xfe, 0x3c, 0x07, 0x0e, 0xe3, 0xc0, 0x18, 0x07, 0xff, 0xf0, 0x61, 0xff, 0xe0, 0x1f, 0xc6, 0x0f,
    0x3f, 0xc0, 0x18, 0x07, 0xf0, 0xf0, 0x01, 0x80, 0x00, 0x0f, 0xe7, 0x0f, 0x1f, 0xc0, 0x18, 0x07, 0x80, 0xf8, 0x01, 0x00, 0x00, 0x04, 0xe7, 0x0e,
    0x0f, 0xc0, 0x18, 0x04, 0x00, 0xf8, 0x1e, 0x00, 0x00, 0x00, 0x07, 0x9e, 0x07, 0xc0, 0x1c, 0x0c, 0x00, 0xfc, 0x1e, 0x00, 0x00, 0x00, 0x07, 0xfc,
    0x07, 0xc0, 0x3e, 0x1c, 0x00, 0xfc, 0x1e, 0x00, 0x00, 0xc0, 0x03, 0xfc, 0x03, 0xc0, 0x7f, 0xf8, 0x01, 0xe6, 0x1e, 0x00, 0x01, 0xc0, 0x01, 0xf8,
    0x03, 0xe0, 0xff, 0xfc, 0x01, 0xe3, 0x1e, 0x00, 0x01, 0xc0, 0x00, 0xf0, 0x01, 0xe1, 0xfc, 0xfc, 0x01, 0xe3, 0x1c, 0x00, 0x00, 0x00, 0x00, 0x00,
    0x01, 0xe1, 0xf8, 0x3c, 0x03, 0xe0, 0x0c, 0x00, 0x00, 0x00, 0x00, 0x00, 0x00, 0xe3, 0xf0, 0x3e, 0x03, 0xe0, 0x0c, 0x00, 0x00, 0x00, 0x00, 0x00,
    0x18, 0xf7, 0xe0, 0x3e, 0x03, 0xe0, 0x0c, 0x00, 0x00, 0x00, 0x00, 0x00, 0x3f, 0xff, 0xc0, 0x1e, 0x07, 0xe0, 0x0c, 0x00, 0x00, 0x00, 0x00, 0x00,
    0x1f, 0xff, 0xc0, 0x1f, 0x0f, 0xe0, 0x18, 0x00, 0x00, 0x00, 0x00, 0x00, 0x01, 0xff, 0x80, 0x1f, 0x0f, 0xe0, 0x18, 0x00, 0x00, 0x00, 0x00, 0x00,
    0x00, 0x7f, 0x00, 0x0f, 0x9f, 0x60, 0x18, 0x00, 0x00, 0x00, 0x00, 0x00, 0x00, 0x3f, 0x00, 0x0f, 0xbe, 0x60, 0x18, 0x00, 0x00, 0x00, 0x00, 0x00,
    0x00, 0x1f, 0x80, 0x07, 0xfe, 0x20, 0x18, 0x00, 0x00, 0x00, 0x00, 0x00, 0x00, 0x0f, 0xc0, 0x07, 0xfc, 0x33, 0x38, 0x00, 0x00, 0x00, 0x00, 0x00,
    0x00, 0x0f, 0xf0, 0x07, 0xfc, 0x3f, 0xf8, 0x00, 0x00, 0x00, 0x00, 0x00, 0x00, 0x0f, 0xff, 0x7f, 0xf8, 0x17, 0xfc, 0x00, 0x00, 0x00, 0x00, 0x00,
    0x00, 0x7f, 0xff, 0xff, 0xf8, 0x01, 0xfe, 0x00, 0x00, 0x00, 0x00, 0x00, 0x00, 0xf1, 0xff, 0xff, 0x98, 0x00, 0xff, 0x00, 0x00, 0x00, 0x00, 0x00,
    0x00, 0xc0, 0x7f, 0xff, 0x98, 0x00, 0xff, 0x00, 0x00, 0x00, 0x00, 0x00, 0x00, 0x00, 0x1f, 0xfe, 0x18, 0x00, 0xff, 0x80, 0x00, 0x00, 0x00, 0x00,
    0x00, 0x00, 0x1f, 0xdc, 0x10, 0x00, 0xff, 0x80, 0x00, 0x00, 0x00, 0x00, 0x00, 0x00, 0x38, 0x18, 0x10, 0x00, 0x7f, 0x00, 0x00, 0x00, 0x00, 0x00,
    0x00, 0x00, 0x70, 0x18, 0x18, 0x00, 0x3f, 0x00, 0x00, 0x00, 0x00, 0x00, 0x00, 0x00, 0xe0, 0x30, 0x18, 0x00, 0x1e, 0x00, 0x00, 0x00, 0x00, 0x00,
    0x00, 0x00, 0xc0, 0x30, 0x00, 0x00, 0x0e, 0x00, 0x00, 0x00, 0x00, 0x00, 0x00, 0x00, 0xc0, 0x20, 0x00, 0x00, 0x00, 0x00, 0x00, 0x00, 0x00, 0x00,
    0x00, 0x00, 0x00, 0x20, 0x00, 0x00, 0x00, 0x00, 0x00, 0x00, 0x00, 0x00, 0x00, 0x00, 0x00, 0x20, 0x00, 0x00, 0x00, 0x00, 0x00, 0x00, 0x00, 0x00,
  }},
  {{
    0x00, 0x00, 0x00, 0x18, 0x00, 0x00, 0x00, 0x00, 0x00, 0x00, 0x00, 0x00, 0x00, 0x00, 0x00, 0x18, 0x00, 0x00, 0x00, 0x00, 0x00, 0x00, 0x00, 0x00,
    0x00, 0x00, 0x60, 0x18, 0x00, 0x00, 0x00, 0x00, 0x00, 0x00, 0x00, 0x00, 0x00, 0x00, 0x60, 0x30, 0x00, 0x00, 0x00, 0x00, 0x00, 0x00, 0x00, 0x00,
    0x00, 0x00, 0x60, 0x60, 0x00, 0x00, 0x00, 0x00, 0x00, 0x00, 0x00, 0x00, 0x00, 0x00, 0x40, 0xe0, 0x0c, 0x00, 0x00, 0x00, 0x00, 0x00, 0x00, 0x00,
    0x00, 0x00, 0xc1, 0xc0, 0x1c, 0x00, 0x00, 0x00, 0x00, 0x00, 0x00, 0x00, 0x00, 0x40, 0xc7, 0xe0, 0xf8, 0x00, 0x00, 0x00, 0x00, 0x00, 0x00, 0x00,
    0x00, 0xe0, 0xcf, 0xff, 0xf0, 0x00, 0x00, 0x00, 0x00, 0x00, 0x00, 0x00, 0x00, 0x61, 0xff, 0xff, 0xc0, 0x00, 0x00, 0x00, 0x00, 0x00, 0x00, 0x00,
    0x00, 0x61, 0xff, 0xff, 0xc0, 0x00, 0x06, 0x00, 0x00, 0x00, 0x00, 0x00, 0x00, 0x63, 0xff, 0xff, 0xe0, 0x00, 0x1f, 0x00, 0x00, 0x00, 0x00, 0x00,
    0x00, 0x67, 0xfc, 0x7f, 0xf8, 0x00, 0x3f, 0x00, 0x00, 0x00, 0x00, 0x00, 0x00, 0x67, 0xe0, 0x7f, 0xfc, 0x00, 0x7f, 0x00, 0x00, 0x00, 0x00, 0x00,
    0x00, 0x7f, 0x80, 0x7c, 0xff, 0xf8, 0xff, 0x00, 0x00, 0x00, 0x00, 0x00, 0x00, 0x3f, 0x80, 0x78, 0x7f, 0xfd, 0xff, 0x80, 0x00, 0x00, 0x00, 0x00,
    0x00, 0x7e, 0x00, 0x78, 0x3f, 0x0f, 0xff, 0x80, 0x00, 0x00, 0x00, 0x00, 0x00, 0x7c, 0x00, 0x78, 0x1f, 0x0f, 0xff, 0x00, 0x00, 0x00, 0x00, 0x00,
    0x10, 0xfc, 0x00, 0x78, 0x0f, 0x07, 0xfe, 0x00, 0x00, 0x00, 0x00, 0x00, 0x18, 0xf8, 0x00, 0xf8, 0x07, 0x80, 0x7e, 0x00, 0x00, 0x00, 0x00, 0x00,
    0x0c, 0xf8, 0x00, 0xf8, 0x07, 0xc0, 0x3c, 0x00, 0x00, 0x00, 0x00, 0x38, 0x0c, 0xfe, 0x00, 0xf8, 0x03, 0xc0, 0x3c, 0x00, 0x00, 0x00, 0x00, 0x38,
    0x07, 0xff, 0x00, 0xf8, 0x03, 0xe0, 0x18, 0x00, 0x00, 0x00, 0x40, 0x38, 0x07, 0xff, 0xc0, 0xf0, 0x03, 0xf0, 0x18, 0x00, 0x00, 0x01, 0xc0, 0x00,
    0x07, 0xff, 0xc1, 0xf0, 0x01, 0xf8, 0x18, 0x00, 0x00, 0x07, 0x80, 0x00, 0x07, 0xff, 0xff, 0xf0, 0x01, 0xff, 0x98, 0x00, 0x01, 0xdf, 0x00, 0x80,
    0x07, 0xc7, 0xff, 0xf8, 0x03, 0xef, 0x9c, 0x00, 0x01, 0xfc, 0x01, 0xc0, 0x03, 0xc3, 0xfc, 0x1c, 0x3f, 0xe0, 0x1e, 0x00, 0x00, 0xfc, 0x03, 0xfc,
    0x03, 0xc0, 0xfc, 0x0f, 0xff, 0xe0, 0x1f, 0x00, 0x3f, 0xf8, 0x07, 0xdc, 0x03, 0xc0, 0x78, 0x07, 0xff, 0xf0, 0x33, 0x83, 0xff, 0xfc, 0x07, 0x0e,
    0xe3, 0xc0, 0x38, 0x07, 0xff, 0xf0, 0x23, 0xff, 0xfe, 0x3c, 0x07, 0x0e, 0xe3, 0xc0, 0x18, 0x07, 0xff, 0xf0, 0x61, 0xff, 0xe0, 0x1f, 0xc6, 0x0e,
    0x3f, 0xc0, 0x18, 0x07, 0xf0, 0xf0, 0x01, 0x80, 0x00, 0x0f, 0xe7, 0x0e, 0x1f, 0xc0, 0x18, 0x07, 0x80, 0xf8, 0x01, 0x00, 0x00, 0x04, 0xe7, 0x0e,
    0x0f, 0xc0, 0x18, 0x04, 0x00, 0xf8, 0x1e, 0x00, 0x00, 0x00, 0x07, 0x9e, 0x07, 0xc0, 0x1c, 0x0c, 0x00, 0xfc, 0x1e, 0x00, 0x00, 0x00, 0x07, 0xfc,
    0x07, 0xc0, 0x3e, 0x1c, 0x00, 0xfc, 0x1e, 0x00, 0x00, 0xc0, 0x03, 0xfc, 0x03, 0xc0, 0x7f, 0xf8, 0x01, 0xe6, 0x1e, 0x00, 0x01, 0xc0, 0x01, 0xf8,
    0x03, 0xe0, 0xff, 0xfc, 0x01, 0xe3, 0x1e, 0x00, 0x01, 0xc0, 0x00, 0xf0, 0x01, 0xe1, 0xfc, 0xfc, 0x01, 0xe3, 0x1c, 0x00, 0x00, 0x00, 0x00, 0x00,
    0x01, 0xe1, 0xf8, 0x3c, 0x03, 0xe0, 0x0c, 0x00, 0x00, 0x00, 0x00, 0x00, 0x00, 0xe3, 0xf0, 0x3e, 0x03, 0xe0, 0x0c, 0x00, 0x00, 0x00, 0x00, 0x00,
    0x18, 0xf7, 0xe0, 0x3e, 0x03, 0xe0, 0x0c, 0x00, 0x00, 0x00, 0x00, 0x00, 0x3f, 0xff, 0xc0, 0x1e, 0x07, 0xe0, 0x0c, 0x00, 0x00, 0x00, 0x00, 0x00,
    0x1f, 0xff, 0xc0, 0x1f, 0x0f, 0xe0, 0x18, 0x00, 0x00, 0x00, 0x00, 0x00, 0x01, 0xff, 0x80, 0x1f, 0x0f, 0xe0, 0x18, 0x00, 0x00, 0x00, 0x00, 0x00,
    0x00, 0x7f, 0x00, 0x0f, 0x9f, 0x60, 0x18, 0x00, 0x00, 0x00, 0x00, 0x00, 0x00, 0x3f, 0x00, 0x0f, 0xbe, 0x60, 0x18, 0x00, 0x00, 0x00, 0x00, 0x00,
    0x00, 0x1f, 0x80, 0x07, 0xfe, 0x20, 0x18, 0x00, 0x00, 0x00, 0x00, 0x00, 0x00, 0x0f, 0xc0, 0x07, 0xfc, 0x33, 0x38, 0x00, 0x00, 0x00, 0x00, 0x00,
    0x00, 0x0f, 0xf0, 0x07, 0xfc, 0x3f, 0xf8, 0x00, 0x00, 0x00, 0x00, 0x00, 0x00, 0x0f, 0xff, 0x7f, 0xf8, 0x17, 0xfc, 0x00, 0x00, 0x00, 0x00, 0x00,
    0x00, 0x7f, 0xff, 0xff, 0xf8, 0x01, 0xfe, 0x00, 0x00, 0x00, 0x00, 0x00, 0x00, 0xf1, 0xff, 0xff, 0x98, 0x00, 0xff, 0x00, 0x00, 0x00, 0x00, 0x00,
    0x00, 0xc0, 0x7f, 0xff, 0x98, 0x00, 0xff, 0x00, 0x00, 0x00, 0x00, 0x00, 0x00, 0x00, 0x1f, 0xfe, 0x18, 0x00, 0xff, 0x80, 0x00, 0x00, 0x00, 0x00,
    0x00, 0x00, 0x1f, 0xdc, 0x10, 0x00, 0xff, 0x80, 0x00, 0x00, 0x00, 0x00, 0x00, 0x00, 0x38, 0x18, 0x10, 0x00, 0x7f, 0x00, 0x00, 0x00, 0x00, 0x00,
    0x00, 0x00, 0x70, 0x18, 0x18, 0x00, 0x3f, 0x00, 0x00, 0x00, 0x00, 0x00, 0x00, 0x00, 0xe0, 0x30, 0x18, 0x00, 0x1e, 0x00, 0x00, 0x00, 0x00, 0x00,
    0x00, 0x00, 0xc0, 0x30, 0x00, 0x00, 0x0e, 0x00, 0x00, 0x00, 0x00, 0x00, 0x00, 0x00, 0xc0, 0x20, 0x00, 0x00, 0x00, 0x00, 0x00, 0x00, 0x00, 0x00,
    0x00, 0x00, 0x00, 0x20, 0x00, 0x00, 0x00, 0x00, 0x00, 0x00, 0x00, 0x00, 0x00, 0x00, 0x00, 0x20, 0x00, 0x00, 0x00, 0x00, 0x00, 0x00, 0x00, 0x00,
  }},
  {{
    0x00, 0x00, 0x00, 0x18, 0x00, 0x00, 0x00, 0x00, 0x00, 0x00, 0x00, 0x00, 0x00, 0x00, 0x00, 0x18, 0x00, 0x00, 0x00, 0x00, 0x00, 0x00, 0x00, 0x00,
    0x00, 0x00, 0x60, 0x18, 0x00, 0x00, 0x00, 0x00, 0x00, 0x00, 0x00, 0x00, 0x00, 0x00, 0x60, 0x30, 0x00, 0x00, 0x00, 0x00, 0x00, 0x00, 0x00, 0x00,
    0x00, 0x00, 0x60, 0x60, 0x00, 0x00, 0x00, 0x00, 0x00, 0x00, 0x00, 0x00, 0x00, 0x00, 0x40, 0xe0, 0x0c, 0x00, 0x00, 0x00, 0x00, 0x00, 0x00, 0x00,
    0x00, 0x00, 0xc1, 0xc0, 0x1c, 0x00, 0x00, 0x00, 0x00, 0x00, 0x00, 0x00, 0x00, 0x40, 0xc7, 0xe0, 0xf8, 0x00, 0x00, 0x00, 0x00, 0x00, 0x00, 0x00,
    0x00, 0xe0, 0xcf, 0xff, 0xf0, 0x00, 0x00, 0x00, 0x00, 0x00, 0x00, 0x00, 0x00, 0x61, 0xff, 0xff, 0xc0, 0x00, 0x00, 0x00, 0x00, 0x00, 0x00, 0x00,
    0x00, 0x61, 0xff, 0xff, 0xc0, 0x00, 0x06, 0x00, 0x00, 0x00, 0x00, 0x00, 0x00, 0x63, 0xff, 0xff, 0xe0, 0x00, 0x1f, 0x00, 0x00, 0x00, 0x00, 0x00,
    0x00, 0x67, 0xfc, 0x7f, 0xf8, 0x00, 0x3f, 0x00, 0x00, 0x00, 0x00, 0x00, 0x00, 0x67, 0xe0, 0x7f, 0xfc, 0x00, 0x7f, 0x00, 0x00, 0x00, 0x00, 0x00,
    0x00, 0x7f, 0x80, 0x7c, 0xff, 0xf8, 0xff, 0x00, 0x00, 0x00, 0x00, 0x00, 0x00, 0x3f, 0x80, 0x78, 0x7f, 0xfd, 0xff, 0x80, 0x00, 0x00, 0x00, 0x00,
    0x00, 0x7e, 0x00, 0x78, 0x3f, 0x0f, 0xff, 0x80, 0x00, 0x00, 0x00, 0x00, 0x00, 0x7c, 0x00, 0x78, 0x1f, 0x0f, 0xff, 0x00, 0x00, 0x00, 0x00, 0x00,
    0x10, 0xfc, 0x00, 0x78, 0x0f, 0x07, 0xfe, 0x00, 0x00, 0x00, 0x00, 0x00, 0x18, 0xf8, 0x00, 0xf8, 0x07, 0x80, 0x7e, 0x00, 0x00, 0x00, 0x00, 0x00,
    0x0c, 0xf8, 0x00, 0xf8, 0x07, 0xc0, 0x3c, 0x00, 0x00, 0x00, 0x00, 0xe0, 0x0c, 0xfe, 0x00, 0xf8, 0x03, 0xc0, 0x3c, 0x00, 0x00, 0x00, 0x00, 0xe0,
    0x07, 0xff, 0x00, 0xf8, 0x03, 0xe0, 0x18, 0x00, 0x00, 0x00, 0x40, 0xe0, 0x07, 0xff, 0xc0, 0xf0, 0x03, 0xf0, 0x18, 0x00, 0x00, 0x01, 0xc0, 0x00,
    0x07, 0xff, 0xc1, 0xf0, 0x01, 0xf8, 0x18, 0x00, 0x00, 0x07, 0x80, 0x00, 0x07, 0xff, 0xff, 0xf0, 0x01, 0xff, 0x98, 0x00, 0x01, 0xdf, 0x00, 0x00,
    0x07, 0xc7, 0xff, 0xf8, 0x03, 0xef, 0x9c, 0x00, 0x01, 0xfc, 0x01, 0x18, 0x03, 0xc3, 0xfc, 0x1c, 0x3f, 0xe0, 0x1e, 0x00, 0x00, 0xfc, 0x03, 0xfc,
    0x03, 0xc0, 0xfc, 0x0f, 0xff, 0xe0, 0x1f, 0x00, 0x3f, 0xf8, 0x07, 0x9c, 0x03, 0xc0, 0x78, 0x07, 0xff, 0xf0, 0x33, 0x83, 0xff, 0xfc, 0x07, 0x0e,
    0xe3, 0xc0, 0x38, 0x07, 0xff, 0xf0, 0x23, 0xff, 0xfe, 0x3c, 0x07, 0x0e, 0xe3, 0xc0, 0x18, 0x07, 0xff, 0xf0, 0x61, 0xff, 0xe0, 0x1f, 0xc6, 0x0f,
    0x3f, 0xc0, 0x18, 0x07, 0xf0, 0xf0, 0x01, 0x80, 0x00, 0x0f, 0xe7, 0x0f, 0x1f, 0xc0, 0x18, 0x07, 0x80, 0xf8, 0x01, 0x00, 0x00, 0x04, 0xe7, 0x0e,
    0x0f, 0xc0, 0x18, 0x04, 0x00, 0xf8, 0x1e, 0x00, 0x00, 0x00, 0x07, 0x9e, 0x07, 0xc0, 0x1c, 0x0c, 0x00, 0xfc, 0x1e, 0x00, 0x00, 0x00, 0x07, 0xfc,
    0x07, 0xc0, 0x3e, 0x1c, 0x00, 0xfc, 0x1e, 0x00, 0x00, 0xc0, 0x03, 0xfc, 0x03, 0xc0, 0x7f, 0xf8, 0x01, 0xe6, 0x1e, 0x00, 0x01, 0xc0, 0x01, 0xf8,
    0x03, 0xe0, 0xff, 0xfc, 0x01, 0xe3, 0x1e, 0x00, 0x01, 0xc0, 0x00, 0xf0, 0x01, 0xe1, 0xfc, 0xfc, 0x01, 0xe3, 0x1c, 0x00, 0x00, 0x00, 0x00, 0x00,
    0x01, 0xe1, 0xf8, 0x3c, 0x03, 0xe0, 0x0c, 0x00, 0x00, 0x00, 0x00, 0x00, 0x00, 0xe3, 0xf0, 0x3e, 0x03, 0xe0, 0x0c, 0x00, 0x00, 0x00, 0x00, 0x00,
    0x18, 0xf7, 0xe0, 0x3e, 0x03, 0xe0, 0x0c, 0x00, 0x00, 0x00, 0x00, 0x00, 0x3f, 0xff, 0xc0, 0x1e, 0x07, 0xe0, 0x0c, 0x00, 0x00, 0x00, 0x00, 0x00,
    0x1f, 0xff, 0xc0, 0x1f, 0x0f, 0xe0, 0x18, 0x00, 0x00, 0x00, 0x00, 0x00, 0x01, 0xff, 0x80, 0x1f, 0x0f, 0xe0, 0x18, 0x00, 0x00, 0x00, 0x00, 0x00,
    0x00, 0x7f, 0x00, 0x0f, 0x9f, 0x60, 0x18, 0x00, 0x00, 0x00, 0x00, 0x00, 0x00, 0x3f, 0x00, 0x0f, 0xbe, 0x60, 0x18, 0x00, 0x00, 0x00, 0x00, 0x00,
    0x00, 0x1f, 0x80, 0x07, 0xfe, 0x20, 0x18, 0x00, 0x00, 0x00, 0x00, 0x00, 0x00, 0x0f, 0xc0, 0x07, 0xfc, 0x33, 0x38, 0x00, 0x00, 0x00, 0x00, 0x00,
    0x00, 0x0f, 0xf0, 0x07, 0xfc, 0x3f, 0xf8, 0x00, 0x00, 0x00, 0x00, 0x00, 0x00, 0x0f, 0xff, 0x7f, 0xf8, 0x17, 0xfc, 0x00, 0x00, 0x00, 0x00, 0x00,
    0x00, 0x7f, 0xff, 0xff, 0xf8, 0x01, 0xfe, 0x00, 0x00, 0x00, 0x00, 0x00, 0x00, 0xf1, 0xff, 0xff, 0x98, 0x00, 0xff, 0x00, 0x00, 0x00, 0x00, 0x00,
    0x00, 0xc0, 0x7f, 0xff, 0x98, 0x00, 0xff, 0x00, 0x00, 0x00, 0x00, 0x00, 0x00, 0x00, 0x1f, 0xfe, 0x18, 0x00, 0xff, 0x80, 0x00, 0x00, 0x00, 0x00,
    0x00, 0x00, 0x1f, 0xdc, 0x10, 0x00, 0xff, 0x80, 0x00, 0x00, 0x00, 0x00, 0x00, 0x00, 0x38, 0x18, 0x10, 0x00, 0x7f, 0x00, 0x00, 0x00, 0x00, 0x00,
    0x00, 0x00, 0x70, 0x18, 0x18, 0x00, 0x3f, 0x00, 0x00, 0x00, 0x00, 0x00, 0x00, 0x00, 0xe0, 0x30, 0x18, 0x00, 0x1e, 0x00, 0x00, 0x00, 0x00, 0x00,
    0x00, 0x00, 0xc0, 0x30, 0x00, 0x00, 0x0e, 0x00, 0x00, 0x00, 0x00, 0x00, 0x00, 0x00, 0xc0, 0x20, 0x00, 0x00, 0x00, 0x00, 0x00, 0x00, 0x00, 0x00,
    0x00, 0x00, 0x00, 0x20, 0x00, 0x00, 0x00, 0x00, 0x00, 0x00, 0x00, 0x00, 0x00, 0x00, 0x00, 0x20, 0x00, 0x00, 0x00, 0x00, 0x00, 0x00, 0x00, 0x00,
  }},
};
constexpr RunCatBitmap kRunner8[] = { // double-crank
  {{
    0x00, 0x00, 0x00, 0x00, 0x00, 0x00, 0x00, 0x00, 0x00, 0x00, 0x00, 0x00, 0x00, 0x00, 0x00, 0x00, 0x00, 0x00, 0x00, 0x00, 0x00, 0x00, 0x00, 0x00,
    0x00, 0x00, 0x00, 0x00, 0x00, 0x00, 0x00, 0x00, 0x00, 0x00, 0x00, 0x00, 0x00, 0x00, 0x00, 0x00, 0x00, 0x00, 0x00, 0x00, 0x00, 0x00, 0x00, 0x00,
    0x00, 0x00, 0x00, 0x00, 0x00, 0x00, 0x00, 0x00, 0x00, 0x00, 0x00, 0x00, 0x00, 0x00, 0x00, 0x00, 0x00, 0x00, 0x00, 0x00, 0x00, 0x00, 0x00, 0x00,
    0x00, 0x00, 0x00, 0x00, 0x00, 0x00, 0x00, 0x00, 0x00, 0x00, 0x00, 0x00, 0x00, 0x00, 0x00, 0x00, 0x00, 0x00, 0x00, 0x00, 0x00, 0x00, 0x00, 0x00,
    0x00, 0x00, 0x00, 0x00, 0x00, 0x00, 0x00, 0x00, 0x00, 0x00, 0x00, 0x00, 0x00, 0x00, 0x00, 0x00, 0x00, 0x00, 0x00, 0x00, 0x00, 0x00, 0x00, 0x00,
    0x00, 0x00, 0x00, 0x00, 0x00, 0x00, 0x00, 0x00, 0x00, 0x00, 0x00, 0x00, 0x00, 0x00, 0x00, 0x00, 0x00, 0x00, 0x00, 0x00, 0x00, 0x00, 0x00, 0x00,
    0x00, 0x00, 0x00, 0x00, 0x00, 0x00, 0x00, 0x00, 0x00, 0x00, 0x00, 0x00, 0x00, 0x00, 0x00, 0x00, 0x00, 0x00, 0x00, 0x00, 0x00, 0x00, 0x00, 0x00,
    0x00, 0x00, 0x00, 0x00, 0x00, 0x00, 0x00, 0x00, 0x00, 0x00, 0x00, 0x00, 0x00, 0x00, 0x00, 0x00, 0x00, 0x00, 0x00, 0x00, 0x00, 0x00, 0x00, 0x00,
    0x00, 0x00, 0x00, 0x00, 0x00, 0x00, 0x00, 0x00, 0x00, 0x00, 0x00, 0x00, 0x00, 0x00, 0x00, 0x00, 0x00, 0x00, 0x00, 0x00, 0x00, 0x00, 0x00, 0x00,
    0x00, 0x00, 0x00, 0x00, 0x00, 0x00, 0x00, 0x00, 0x00, 0x00, 0x00, 0x00, 0x00, 0x00, 0x00, 0x00, 0x00, 0x00, 0x00, 0x00, 0x00, 0x00, 0x00, 0x00,
    0x00, 0x00, 0x00, 0x00, 0x00, 0x00, 0x00, 0x00, 0x00, 0x00, 0x00, 0x00, 0x00, 0x00, 0x01, 0xf0, 0x00, 0x00, 0x00, 0x00, 0x1f, 0x00, 0x00, 0x00,
    0x00, 0x00, 0x03, 0xfc, 0x00, 0x00, 0x00, 0x00, 0x3f, 0x80, 0x00, 0x00, 0x00, 0x00, 0x0e, 0x0e, 0x00, 0x00, 0x00, 0x00, 0xe0, 0xe0, 0x00, 0x00,
    0x00, 0x00, 0x0e, 0x07, 0x00, 0x00, 0x00, 0x01, 0xe0, 0xf0, 0x00, 0x00, 0x00, 0x00, 0x19, 0xfb, 0x80, 0x00, 0x00, 0x01, 0xbf, 0x30, 0x00, 0x00,
    0x00, 0x00, 0x3b, 0xf9, 0x80, 0x00, 0x00, 0x03, 0x3f, 0x98, 0x00, 0x00, 0x00, 0x00, 0x37, 0xfc, 0xc0, 0x07, 0xc0, 0x07, 0x7f, 0xc8, 0x00, 0x7c,
    0x00, 0x00, 0x67, 0xfe, 0xc0, 0x0f, 0xe0, 0x06, 0xff, 0xdc, 0x00, 0xfc, 0x00, 0x00, 0x6f, 0xbf, 0xff, 0xfe, 0xff, 0xff, 0xff, 0xff, 0xff, 0xee,
    0x00, 0x00, 0x6f, 0x1f, 0x7f, 0xfc, 0x7f, 0xff, 0xff, 0xff, 0xff, 0x86, 0x00, 0x00, 0x6e, 0x0f, 0x7f, 0xf8, 0x3f, 0xff, 0xff, 0xff, 0xff, 0x87,
    0x00, 0x00, 0x6e, 0x0f, 0x7f, 0xf8, 0x3f, 0xff, 0xff, 0xff, 0xff, 0x87, 0x00, 0x00, 0x6f, 0x1f, 0x7f, 0xfc, 0x7f, 0xff, 0xff, 0xff, 0xff, 0x86,
    0x00, 0x00, 0x6f, 0xbf, 0xff, 0xfe, 0xff, 0xff, 0xff, 0xff, 0xff, 0xee, 0x00, 0x00, 0x67, 0xfe, 0xc0, 0x0f, 0xe0, 0x06, 0xff, 0xdc, 0x00, 0xfc,
    0x00, 0x00, 0x37, 0xfc, 0xc0, 0x07, 0xc0, 0x07, 0x7f, 0xc8, 0x00, 0x7c, 0x00, 0x00, 0x3b, 0xf9, 0x80, 0x00, 0x00, 0x03, 0x3f, 0x98, 0x00, 0x00,
    0x00, 0x00, 0x19, 0xfb, 0x80, 0x00, 0x00, 0x01, 0xbf, 0x30, 0x00, 0x00, 0x00, 0x00, 0x0e, 0x07, 0x00, 0x00, 0x00, 0x01, 0xe0, 0xf0, 0x00, 0x00,
    0x00, 0x00, 0x0e, 0x0e, 0x00, 0x00, 0x00, 0x00, 0xe0, 0xe0, 0x00, 0x00, 0x00, 0x00, 0x03, 0xfc, 0x00, 0x00, 0x00, 0x00, 0x3f, 0x80, 0x00, 0x00,
    0x00, 0x00, 0x01, 0xf0, 0x00, 0x00, 0x00, 0x00, 0x1f, 0x00, 0x00, 0x00, 0x00, 0x00, 0x00, 0x00, 0x00, 0x00, 0x00, 0x00, 0x00, 0x00, 0x00, 0x00,
    0x00, 0x00, 0x00, 0x00, 0x00, 0x00, 0x00, 0x00, 0x00, 0x00, 0x00, 0x00, 0x00, 0x00, 0x00, 0x00, 0x00, 0x00, 0x00, 0x00, 0x00, 0x00, 0x00, 0x00,
    0x00, 0x00, 0x00, 0x00, 0x00, 0x00, 0x00, 0x00, 0x00, 0x00, 0x00, 0x00, 0x00, 0x00, 0x00, 0x00, 0x00, 0x00, 0x00, 0x00, 0x00, 0x00, 0x00, 0x00,
    0x00, 0x00, 0x00, 0x00, 0x00, 0x00, 0x00, 0x00, 0x00, 0x00, 0x00, 0x00, 0x00, 0x00, 0x00, 0x00, 0x00, 0x00, 0x00, 0x00, 0x00, 0x00, 0x00, 0x00,
    0x00, 0x00, 0x00, 0x00, 0x00, 0x00, 0x00, 0x00, 0x00, 0x00, 0x00, 0x00, 0x00, 0x00, 0x00, 0x00, 0x00, 0x00, 0x00, 0x00, 0x00, 0x00, 0x00, 0x00,
    0x00, 0x00, 0x00, 0x00, 0x00, 0x00, 0x00, 0x00, 0x00, 0x00, 0x00, 0x00, 0x00, 0x00, 0x00, 0x00, 0x00, 0x00, 0x00, 0x00, 0x00, 0x00, 0x00, 0x00,
    0x00, 0x00, 0x00, 0x00, 0x00, 0x00, 0x00, 0x00, 0x00, 0x00, 0x00, 0x00, 0x00, 0x00, 0x00, 0x00, 0x00, 0x00, 0x00, 0x00, 0x00, 0x00, 0x00, 0x00,
    0x00, 0x00, 0x00, 0x00, 0x00, 0x00, 0x00, 0x00, 0x00, 0x00, 0x00, 0x00, 0x00, 0x00, 0x00, 0x00, 0x00, 0x00, 0x00, 0x00, 0x00, 0x00, 0x00, 0x00,
    0x00, 0x00, 0x00, 0x00, 0x00, 0x00, 0x00, 0x00, 0x00, 0x00, 0x00, 0x00, 0x00, 0x00, 0x00, 0x00, 0x00, 0x00, 0x00, 0x00, 0x00, 0x00, 0x00, 0x00,
    0x00, 0x00, 0x00, 0x00, 0x00, 0x00, 0x00, 0x00, 0x00, 0x00, 0x00, 0x00, 0x00, 0x00, 0x00, 0x00, 0x00, 0x00, 0x00, 0x00, 0x00, 0x00, 0x00, 0x00,
    0x00, 0x00, 0x00, 0x00, 0x00, 0x00, 0x00, 0x00, 0x00, 0x00, 0x00, 0x00, 0x00, 0x00, 0x00, 0x00, 0x00, 0x00, 0x00, 0x00, 0x00, 0x00, 0x00, 0x00,
  }},
  {{
    0x00, 0x00, 0x00, 0x00, 0x00, 0x00, 0x00, 0x00, 0x00, 0x00, 0x00, 0x00, 0x00, 0x00, 0x00, 0x00, 0x00, 0x00, 0x00, 0x00, 0x00, 0x00, 0x00, 0x00,
    0x00, 0x00, 0x00, 0x00, 0x00, 0x00, 0x00, 0x00, 0x00, 0x03, 0x00, 0x00, 0x00, 0x00, 0x00, 0x00, 0x00, 0x00, 0x00, 0x00, 0x00, 0x0f, 0x80, 0x00,
    0x00, 0x00, 0x00, 0x00, 0x00, 0x00, 0x00, 0x00, 0x00, 0x1f, 0xc0, 0x00, 0x00, 0x00, 0x00, 0x00, 0x00, 0x00, 0x00, 0x00, 0x00, 0x1c, 0xe0, 0x00,
    0x00, 0x00, 0x00, 0x00, 0x00, 0x00, 0x00, 0x00, 0x00, 0x38, 0xe0, 0x00, 0x00, 0x00, 0x00, 0x00, 0x00, 0x00, 0x00, 0x00, 0x00, 0x38, 0x60, 0x00,
    0x00, 0x00, 0x00, 0x00, 0x00, 0x00, 0x00, 0x00, 0x00, 0x38, 0x60, 0x00, 0x00, 0x00, 0x00, 0x00, 0x00, 0x00, 0x00, 0x00, 0x00, 0x38, 0xe0, 0x00,
    0x00, 0x00, 0x00, 0x00, 0x00, 0x00, 0x00, 0x00, 0x00, 0x7d, 0xc0, 0x00, 0x00, 0x00, 0x00, 0x00, 0x00, 0x00, 0x00, 0x00, 0x00, 0xff, 0xc0, 0x00,
    0x00, 0x00, 0x00, 0x00, 0x00, 0x00, 0x00, 0x00, 0x01, 0xff, 0x00, 0x00, 0x00, 0x00, 0x00, 0x00, 0x00, 0x00, 0x00, 0x00, 0x03, 0xfe, 0x00, 0x00,
    0x00, 0x00, 0x00, 0x00, 0x00, 0x00, 0x00, 0x00, 0x07, 0xfe, 0x00, 0x00, 0x00, 0x00, 0x00, 0x00, 0x00, 0x00, 0x00, 0x00, 0x0f, 0xfc, 0x00, 0x00,
    0x00, 0x00, 0x00, 0x00, 0x00, 0x00, 0x00, 0x00, 0x1f, 0xfc, 0x00, 0x00, 0x00, 0x00, 0x00, 0x00, 0x00, 0x00, 0x00, 0x00, 0x3f, 0xf8, 0x00, 0x00,
    0x00, 0x00, 0x00, 0x00, 0x00, 0x00, 0x00, 0x00, 0x7f, 0xf8, 0x00, 0x00, 0x00, 0x00, 0x00, 0x00, 0x00, 0x00, 0x00, 0x00, 0x7f, 0xf8, 0x00, 0x00,
    0x00, 0x00, 0x00, 0x00, 0x00, 0x00, 0x00, 0x00, 0xfd, 0xf0, 0x00, 0x00, 0x00, 0x00, 0x01, 0xf0, 0x00, 0x00, 0x00, 0x01, 0xff, 0xf0, 0x00, 0x00,
    0x00, 0x00, 0x03, 0xf8, 0x00, 0x00, 0x00, 0x03, 0xff, 0xf0, 0x00, 0x00, 0x00, 0x00, 0x0f, 0x0e, 0x00, 0x00, 0x00, 0x0f, 0xe0, 0xe0, 0x00, 0x00,
    0x00, 0x00, 0x0e, 0x0f, 0x00, 0x00, 0x00, 0x0f, 0xe0, 0xf0, 0x00, 0x00, 0x00, 0x00, 0x19, 0xfb, 0x80, 0x00, 0x00, 0x3f, 0xdf, 0x38, 0x00, 0x00,
    0x00, 0x00, 0x3b, 0xf9, 0x80, 0x00, 0x00, 0x3f, 0xff, 0x98, 0x00, 0x00, 0x00, 0x00, 0x37, 0xfc, 0xc0, 0x00, 0x00, 0x7f, 0x7f, 0xc8, 0x00, 0x00,
    0x00, 0x00, 0x67, 0xfe, 0xc0, 0x00, 0x00, 0xfe, 0xff, 0xc8, 0x00, 0x00, 0x00, 0x00, 0x6f, 0xff, 0xe0, 0x00, 0x01, 0xfc, 0xff, 0xfc, 0x00, 0x00,
    0x00, 0x00, 0x6f, 0x1f, 0x60, 0x00, 0x03, 0xfe, 0xf1, 0xf6, 0x00, 0x00, 0x00, 0x00, 0x6e, 0x0f, 0x60, 0x00, 0x07, 0xf6, 0xe1, 0xf6, 0x00, 0x00,
    0x00, 0x00, 0x6e, 0x0f, 0x60, 0x00, 0x0f, 0xe6, 0xe1, 0xf6, 0x00, 0x00, 0x00, 0x00, 0x6f, 0x1f, 0x60, 0x00, 0x1f, 0xc6, 0xf1, 0xf6, 0x00, 0x00,
    0x00, 0x00, 0x6f, 0xbf, 0xf0, 0x00, 0x3f, 0x86, 0xfb, 0xfc, 0x00, 0x00, 0x00, 0x00, 0x67, 0xfe, 0xfc, 0x00, 0x7f, 0x06, 0xff, 0xc8, 0x00, 0x00,
    0x00, 0x00, 0x3f, 0xfc, 0xfe, 0x00, 0xfe, 0x07, 0xff, 0xc8, 0x00, 0x00, 0x00, 0x00, 0x3b, 0xf9, 0xff, 0xc7, 0xfc, 0x03, 0x3f, 0x98, 0x00, 0x00,
    0x00, 0x00, 0x19, 0xfb, 0xff, 0xff, 0xf8, 0x01, 0x3f, 0x38, 0x00, 0x00, 0x00, 0x00, 0x0e, 0x07, 0x1f, 0xff, 0xf0, 0x01, 0xe0, 0xf0, 0x00, 0x00,
    0x00, 0x00, 0x0e, 0x0e, 0x1f, 0xff, 0xe0, 0x00, 0xe0, 0xe0, 0x00, 0x00, 0x00, 0x00, 0x03, 0xfc, 0x03, 0xf0, 0xc0, 0x00, 0x3f, 0x80, 0x00, 0x00,
    0x00, 0x00, 0x01, 0xf8, 0x01, 0xf0, 0xc0, 0x00, 0x1f, 0x00, 0x00, 0x00, 0x00, 0x00, 0x00, 0x00, 0x00, 0x70, 0xc0, 0x00, 0x00, 0x00, 0x00, 0x00,
    0x00, 0x00, 0x00, 0x00, 0x00, 0x31, 0xc0, 0x00, 0x00, 0x00, 0x00, 0x00, 0x00, 0x00, 0x00, 0x00, 0x00, 0x3b, 0x80, 0x00, 0x00, 0x00, 0x00, 0x00,
    0x00, 0x00, 0x00, 0x00, 0x00, 0x1f, 0x80, 0x00, 0x00, 0x00, 0x00, 0x00, 0x00, 0x00, 0x00, 0x00, 0x00, 0x0f, 0x00, 0x00, 0x00, 0x00, 0x00, 0x00,
    0x00, 0x00, 0x00, 0x00, 0x00, 0x00, 0x00, 0x00, 0x00, 0x00, 0x00, 0x00, 0x00, 0x00, 0x00, 0x00, 0x00, 0x00, 0x00, 0x00, 0x00, 0x00, 0x00, 0x00,
    0x00, 0x00, 0x00, 0x00, 0x00, 0x00, 0x00, 0x00, 0x00, 0x00, 0x00, 0x00, 0x00, 0x00, 0x00, 0x00, 0x00, 0x00, 0x00, 0x00, 0x00, 0x00, 0x00, 0x00,
    0x00, 0x00, 0x00, 0x00, 0x00, 0x00, 0x00, 0x00, 0x00, 0x00, 0x00, 0x00, 0x00, 0x00, 0x00, 0x00, 0x00, 0x00, 0x00, 0x00, 0x00, 0x00, 0x00, 0x00,
    0x00, 0x00, 0x00, 0x00, 0x00, 0x00, 0x00, 0x00, 0x00, 0x00, 0x00, 0x00, 0x00, 0x00, 0x00, 0x00, 0x00, 0x00, 0x00, 0x00, 0x00, 0x00, 0x00, 0x00,
    0x00, 0x00, 0x00, 0x00, 0x00, 0x00, 0x00, 0x00, 0x00, 0x00, 0x00, 0x00, 0x00, 0x00, 0x00, 0x00, 0x00, 0x00, 0x00, 0x00, 0x00, 0x00, 0x00, 0x00,
    0x00, 0x00, 0x00, 0x00, 0x00, 0x00, 0x00, 0x00, 0x00, 0x00, 0x00, 0x00, 0x00, 0x00, 0x00, 0x00, 0x00, 0x00, 0x00, 0x00, 0x00, 0x00, 0x00, 0x00,
    0x00, 0x00, 0x00, 0x00, 0x00, 0x00, 0x00, 0x00, 0x00, 0x00, 0x00, 0x00, 0x00, 0x00, 0x00, 0x00, 0x00, 0x00, 0x00, 0x00, 0x00, 0x00, 0x00, 0x00,
    0x00, 0x00, 0x00, 0x00, 0x00, 0x00, 0x00, 0x00, 0x00, 0x00, 0x00, 0x00, 0x00, 0x00, 0x00, 0x00, 0x00, 0x00, 0x00, 0x00, 0x00, 0x00, 0x00, 0x00,
  }},
  {{
    0x00, 0x00, 0x00, 0x00, 0x00, 0x00, 0x00, 0x00, 0x00, 0x00, 0x00, 0x00, 0x00, 0x00, 0x00, 0x00, 0x00, 0x00, 0x00, 0x03, 0x80, 0x00, 0x00, 0x00,
    0x00, 0x00, 0x00, 0x00, 0x00, 0x00, 0x00, 0x0f, 0xc0, 0x00, 0x00, 0x00, 0x00, 0x00, 0x00, 0x00, 0x00, 0x00, 0x00, 0x0f, 0xe0, 0x00, 0x00, 0x00,
    0x00, 0x00, 0x00, 0x00, 0x00, 0x00, 0x00, 0x0c, 0x60, 0x00, 0x00, 0x00, 0x00, 0x00, 0x00, 0x00, 0x00, 0x00, 0x00, 0x18, 0x60, 0x00, 0x00, 0x00,
    0x00, 0x00, 0x00, 0x00, 0x00, 0x00, 0x00, 0x18, 0x70, 0x00, 0x00, 0x00, 0x00, 0x00, 0x00, 0x00, 0x00, 0x00, 0x00, 0x18, 0x60, 0x00, 0x00, 0x00,
    0x00, 0x00, 0x00, 0x00, 0x00, 0x00, 0x00, 0x1c, 0x60, 0x00, 0x00, 0x00, 0x00, 0x00, 0x00, 0x00, 0x00, 0x00, 0x00, 0x1f, 0xe0, 0x00, 0x00, 0x00,
    0x00, 0x00, 0x00, 0x00, 0x00, 0x00, 0x00, 0x1f, 0xe0, 0x00, 0x00, 0x00, 0x00, 0x00, 0x00, 0x00, 0x00, 0x00, 0x00, 0x3f, 0xe0, 0x00, 0x00, 0x00,
    0x00, 0x00, 0x00, 0x00, 0x00, 0x00, 0x00, 0x3f, 0xe0, 0x00, 0x00, 0x00, 0x00, 0x00, 0x00, 0x00, 0x00, 0x00, 0x00, 0x7f, 0xe0, 0x00, 0x00, 0x00,
    0x00, 0x00, 0x00, 0x00, 0x00, 0x00, 0x00, 0x7b, 0xe0, 0x00, 0x00, 0x00, 0x00, 0x00, 0x00, 0x00, 0x00, 0x00, 0x00, 0xf9, 0xf0, 0x00, 0x00, 0x00,
    0x00, 0x00, 0x00, 0x00, 0x00, 0x00, 0x01, 0xf8, 0xf0, 0x00, 0x00, 0x00, 0x00, 0x00, 0x00, 0x00, 0x00, 0x00, 0x01, 0xf0, 0xf0, 0x00, 0x00, 0x00,
    0x00, 0x00, 0x00, 0x00, 0x00, 0x00, 0x01, 0xf0, 0xf0, 0x00, 0x00, 0x00, 0x00, 0x00, 0x00, 0x00, 0x00, 0x00, 0x03, 0xe0, 0xf0, 0x00, 0x00, 0x00,
    0x00, 0x00, 0x00, 0x00, 0x00, 0x00, 0x03, 0xe0, 0xf8, 0x00, 0x00, 0x00, 0x00, 0x00, 0x01, 0xf0, 0x00, 0x00, 0x07, 0xc0, 0x7f, 0x00, 0x00, 0x00,
    0x00, 0x00, 0x03, 0xf8, 0x00, 0x00, 0x0f, 0xc0, 0x7f, 0x80, 0x00, 0x00, 0x00, 0x00, 0x0f, 0x0e, 0x00, 0x00, 0x0f, 0x80, 0xe0, 0xe0, 0x00, 0x00,
    0x00, 0x00, 0x0e, 0x0f, 0x00, 0x00, 0x0f, 0x81, 0xe0, 0xf0, 0x00, 0x00, 0x00, 0x00, 0x19, 0xfb, 0x80, 0x00, 0x1f, 0x01, 0x9f, 0x30, 0x00, 0x00,
    0x00, 0x00, 0x3b, 0xf9, 0x80, 0x00, 0x1f, 0x03, 0x3f, 0x98, 0x00, 0x00, 0x00, 0x00, 0x37, 0xfc, 0xc0, 0x00, 0x3e, 0x07, 0x7f, 0xc8, 0x00, 0x00,
    0x00, 0x00, 0x67, 0xfe, 0xc0, 0x00, 0x3e, 0x06, 0xff, 0xc8, 0x00, 0x00, 0x00, 0x00, 0x6f, 0xff, 0xe0, 0x00, 0x7c, 0x06, 0xff, 0xfc, 0x00, 0x00,
    0x00, 0x00, 0x6f, 0x1f, 0x60, 0x00, 0xfc, 0x06, 0xf1, 0xf4, 0x00, 0x00, 0x00, 0x00, 0x6e, 0x0f, 0x60, 0x00, 0xfc, 0x06, 0xe1, 0xf4, 0x00, 0x00,
    0x00, 0x00, 0x6e, 0x0f, 0x60, 0x00, 0xf8, 0x06, 0xe1, 0xf4, 0x00, 0x00, 0x00, 0x00, 0x6f, 0x1f, 0x60, 0x01, 0xf0, 0x06, 0xf1, 0xf4, 0x00, 0x00,
    0x00, 0x00, 0x6f, 0xbf, 0xe0, 0x01, 0xf0, 0x06, 0xfb, 0xfc, 0x00, 0x00, 0x00, 0x00, 0x67, 0xfe, 0xc0, 0x03, 0xe0, 0x06, 0xff, 0xc8, 0x00, 0x00,
    0x00, 0x00, 0x3f, 0xfc, 0xc0, 0x07, 0xe0, 0x07, 0xff, 0xc8, 0x00, 0x00, 0x00, 0x00, 0x3b, 0xf9, 0x80, 0x07, 0xc0, 0x03, 0x3f, 0x98, 0x00, 0x00,
    0x00, 0x00, 0x19, 0xf9, 0xc0, 0x07, 0xc0, 0x01, 0x3f, 0x38, 0x00, 0x00, 0x00, 0x00, 0x0e, 0x07, 0xe0, 0x0f, 0x80, 0x01, 0xe0, 0xf0, 0x00, 0x00,
    0x00, 0x00, 0x0e, 0x0f, 0xe0, 0x0f, 0x80, 0x00, 0xe0, 0xe0, 0x00, 0x00, 0x00, 0x00, 0x03, 0xff, 0xf0, 0x1f, 0x00, 0x00, 0x3f, 0x80, 0x00, 0x00,
    0x00, 0x00, 0x01, 0xf9, 0xf8, 0x3f, 0x00, 0x00, 0x1f, 0x00, 0x00, 0x00, 0x00, 0x00, 0x00, 0x01, 0xf8, 0x3e, 0x00, 0x00, 0x00, 0x00, 0x00, 0x00,
    0x00, 0x00, 0x00, 0x00, 0xfc, 0x3e, 0x00, 0x00, 0x00, 0x00, 0x00, 0x00, 0x00, 0x00, 0x00, 0x00, 0x7e, 0x7c, 0x00, 0x00, 0x00, 0x00, 0x00, 0x00,
    0x00, 0x00, 0x00, 0x00, 0x7f, 0xf8, 0x00, 0x00, 0x00, 0x00, 0x00, 0x00, 0x00, 0x00, 0x00, 0x00, 0x3f, 0xf8, 0x00, 0x00, 0x00, 0x00, 0x00, 0x00,
    0x00, 0x00, 0x00, 0x00, 0x1f, 0xf8, 0x00, 0x00, 0x00, 0x00, 0x00, 0x00, 0x00, 0x00, 0x00, 0x00, 0x0f, 0x78, 0x00, 0x00, 0x00, 0x00, 0x00, 0x00,
    0x00, 0x00, 0x00, 0x00, 0x0e, 0x38, 0x00, 0x00, 0x00, 0x00, 0x00, 0x00, 0x00, 0x00, 0x00, 0x00, 0x0c, 0x38, 0x00, 0x00, 0x00, 0x00, 0x00, 0x00,
    0x00, 0x00, 0x00, 0x00, 0x0c, 0x38, 0x00, 0x00, 0x00, 0x00, 0x00, 0x00, 0x00, 0x00, 0x00, 0x00, 0x0e, 0x38, 0x00, 0x00, 0x00, 0x00, 0x00, 0x00,
    0x00, 0x00, 0x00, 0x00, 0x07, 0x70, 0x00, 0x00, 0x00, 0x00, 0x00, 0x00, 0x00, 0x00, 0x00, 0x00, 0x03, 0xf0, 0x00, 0x00, 0x00, 0x00, 0x00, 0x00,
    0x00, 0x00, 0x00, 0x00, 0x03, 0xe0, 0x00, 0x00, 0x00, 0x00, 0x00, 0x00, 0x00, 0x00, 0x00, 0x00, 0x00, 0x00, 0x00, 0x00, 0x00, 0x00, 0x00, 0x00,
    0x00, 0x00, 0x00, 0x00, 0x00, 0x00, 0x00, 0x00, 0x00, 0x00, 0x00, 0x00, 0x00, 0x00, 0x00, 0x00, 0x00, 0x00, 0x00, 0x00, 0x00, 0x00, 0x00, 0x00,
    0x00, 0x00, 0x00, 0x00, 0x00, 0x00, 0x00, 0x00, 0x00, 0x00, 0x00, 0x00, 0x00, 0x00, 0x00, 0x00, 0x00, 0x00, 0x00, 0x00, 0x00, 0x00, 0x00, 0x00,
    0x00, 0x00, 0x00, 0x00, 0x00, 0x00, 0x00, 0x00, 0x00, 0x00, 0x00, 0x00, 0x00, 0x00, 0x00, 0x00, 0x00, 0x00, 0x00, 0x00, 0x00, 0x00, 0x00, 0x00,
  }},
  {{
    0x00, 0x00, 0x00, 0x00, 0x00, 0x00, 0x00, 0x00, 0x00, 0x00, 0x00, 0x00, 0x00, 0x00, 0x00, 0x00, 0x00, 0x00, 0x00, 0x00, 0x00, 0x00, 0x00, 0x00,
    0x00, 0x00, 0x00, 0x00, 0x00, 0x00, 0x00, 0x00, 0x00, 0x00, 0x00, 0x00, 0x00, 0x00, 0x00, 0x00, 0x00, 0x00, 0x00, 0x00, 0x00, 0x00, 0x00, 0x00,
    0x00, 0x00, 0x00, 0x00, 0x00, 0x00, 0x00, 0x00, 0x00, 0x00, 0x00, 0x00, 0x00, 0x00, 0x00, 0x00, 0x00, 0x00, 0x00, 0x00, 0x00, 0x00, 0x00, 0x00,
    0x00, 0x00, 0x00, 0x00, 0x00, 0x00, 0x03, 0x00, 0x00, 0x00, 0x00, 0x00, 0x00, 0x00, 0x00, 0x00, 0x00, 0x00, 0x07, 0xc0, 0x00, 0x00, 0x00, 0x00,
    0x00, 0x00, 0x00, 0x00, 0x00, 0x00, 0x0f, 0xc0, 0x00, 0x00, 0x00, 0x00, 0x00, 0x00, 0x00, 0x00, 0x00, 0x00, 0x1c, 0x60, 0x00, 0x00, 0x00, 0x00,
    0x00, 0x00, 0x00, 0x00, 0x00, 0x00, 0x18, 0x70, 0x00, 0x00, 0x00, 0x00, 0x00, 0x00, 0x00, 0x00, 0x00, 0x00, 0x18, 0x70, 0x00, 0x00, 0x00, 0x00,
    0x00, 0x00, 0x00, 0x00, 0x00, 0x00, 0x18, 0x70, 0x00, 0x00, 0x00, 0x00, 0x00, 0x00, 0x00, 0x00, 0x00, 0x00, 0x1c, 0x70, 0x00, 0x00, 0x00, 0x00,
    0x00, 0x00, 0x00, 0x00, 0x00, 0x00, 0x1f, 0xf0, 0x00, 0x00, 0x00, 0x00, 0x00, 0x00, 0x00, 0x00, 0x00, 0x00, 0x1f, 0xf8, 0x00, 0x00, 0x00, 0x00,
    0x00, 0x00, 0x00, 0x00, 0x00, 0x00, 0x3f, 0xf8, 0x00, 0x00, 0x00, 0x00, 0x00, 0x00, 0x00, 0x00, 0x00, 0x00, 0x3f, 0xfc, 0x00, 0x00, 0x00, 0x00,
    0x00, 0x00, 0x00, 0x00, 0x00, 0x00, 0x7c, 0x7e, 0x00, 0x00, 0x00, 0x00, 0x00, 0x00, 0x00, 0x00, 0x00, 0x00, 0x7c, 0x3e, 0x00, 0x00, 0x00, 0x00,
    0x00, 0x00, 0x00, 0x00, 0x00, 0x00, 0xfc, 0x3f, 0x00, 0x00, 0x00, 0x00, 0x00, 0x00, 0x01, 0xf8, 0x00, 0x00, 0xf8, 0x1f, 0x9f, 0x00, 0x00, 0x00,
    0x00, 0x00, 0x03, 0xf8, 0x00, 0x00, 0xf0, 0x0f, 0xff, 0x80, 0x00, 0x00, 0x00, 0x00, 0x06, 0x0e, 0x00, 0x01, 0xf0, 0x07, 0xe0, 0xe0, 0x00, 0x00,
    0x00, 0x00, 0x0e, 0x07, 0x00, 0x03, 0xe0, 0x07, 0xe0, 0xf0, 0x00, 0x00, 0x00, 0x00, 0x19, 0xf9, 0x80, 0x03, 0xe0, 0x03, 0x3f, 0xb8, 0x00, 0x00,
    0x00, 0x00, 0x3b, 0xf9, 0x80, 0x07, 0xe0, 0x03, 0x3f, 0x98, 0x00, 0x00, 0x00, 0x00, 0x3f, 0xfc, 0xc0, 0x07, 0xc0, 0x07, 0xff, 0xc8, 0x00, 0x00,
    0x00, 0x00, 0x67, 0xfe, 0xc0, 0x0f, 0x80, 0x06, 0xff, 0xc8, 0x00, 0x00, 0x00, 0x00, 0x6f, 0xbf, 0xe0, 0x0f, 0x80, 0x06, 0xff, 0xfc, 0x00, 0x00,
    0x00, 0x00, 0x6f, 0x1f, 0x60, 0x1f, 0x00, 0x06, 0xf1, 0xf4, 0x00, 0x00, 0x00, 0x00, 0x6e, 0x0f, 0x60, 0x1f, 0x00, 0x06, 0xe1, 0xf6, 0x00, 0x00,
    0x00, 0x00, 0x6e, 0x0f, 0x60, 0x3f, 0x00, 0x06, 0xe1, 0xf6, 0x00, 0x00, 0x00, 0x00, 0x6f, 0x1f, 0x60, 0x3e, 0x00, 0x06, 0xf1, 0xf4, 0x00, 0x00,
    0x00, 0x00, 0x6f, 0xbf, 0xe0, 0x7e, 0x00, 0x06, 0xff, 0xfc, 0x00, 0x00, 0x00, 0x00, 0x67, 0xfe, 0xc0, 0x7c, 0x00, 0x06, 0xff, 0xc8, 0x00, 0x00,
    0x00, 0x00, 0x3f, 0xfc, 0xc0, 0x78, 0x00, 0x07, 0xff, 0xc8, 0x00, 0x00, 0x00, 0x00, 0x3b, 0xf9, 0x80, 0xf8, 0x00, 0x03, 0x3f, 0x98, 0x00, 0x00,
    0x00, 0x00, 0x19, 0xf9, 0x81, 0xf8, 0x00, 0x01, 0x3f, 0xb8, 0x00, 0x00, 0x00, 0x00, 0x0e, 0x07, 0x01, 0xf0, 0x00, 0x00, 0xe0, 0xf0, 0x00, 0x00,
    0x00, 0x00, 0x06, 0x0e, 0x03, 0xe0, 0x00, 0x00, 0xe0, 0xe0, 0x00, 0x00, 0x00, 0x00, 0x03, 0xfe, 0x03, 0xe0, 0x00, 0x00, 0x3f, 0x80, 0x00, 0x00,
    0x00, 0x00, 0x01, 0xfe, 0x07, 0xc0, 0x00, 0x00, 0x1f, 0x00, 0x00, 0x00, 0x00, 0x00, 0x00, 0x3e, 0x07, 0xc0, 0x00, 0x00, 0x00, 0x00, 0x00, 0x00,
    0x00, 0x00, 0x00, 0x1f, 0x0f, 0x80, 0x00, 0x00, 0x00, 0x00, 0x00, 0x00, 0x00, 0x00, 0x00, 0x1f, 0x0f, 0x80, 0x00, 0x00, 0x00, 0x00, 0x00, 0x00,
    0x00, 0x00, 0x00, 0x0f, 0x1f, 0x80, 0x00, 0x00, 0x00, 0x00, 0x00, 0x00, 0x00, 0x00, 0x00, 0x0f, 0x1f, 0x00, 0x00, 0x00, 0x00, 0x00, 0x00, 0x00,
    0x00, 0x00, 0x00, 0x0f, 0x1e, 0x00, 0x00, 0x00, 0x00, 0x00, 0x00, 0x00, 0x00, 0x00, 0x00, 0x0f, 0xfe, 0x00, 0x00, 0x00, 0x00, 0x00, 0x00, 0x00,
    0x00, 0x00, 0x00, 0x07, 0xfc, 0x00, 0x00, 0x00, 0x00, 0x00, 0x00, 0x00, 0x00, 0x00, 0x00, 0x07, 0xfc, 0x00, 0x00, 0x00, 0x00, 0x00, 0x00, 0x00,
    0x00, 0x00, 0x00, 0x07, 0xfc, 0x00, 0x00, 0x00, 0x00, 0x00, 0x00, 0x00, 0x00, 0x00, 0x00, 0x07, 0xf8, 0x00, 0x00, 0x00, 0x00, 0x00, 0x00, 0x00,
    0x00, 0x00, 0x00, 0x07, 0xf0, 0x00, 0x00, 0x00, 0x00, 0x00, 0x00, 0x00, 0x00, 0x00, 0x00, 0x06, 0x30, 0x00, 0x00, 0x00, 0x00, 0x00, 0x00, 0x00,
    0x00, 0x00, 0x00, 0x0c, 0x18, 0x00, 0x00, 0x00, 0x00, 0x00, 0x00, 0x00, 0x00, 0x00, 0x00, 0x0e, 0x18, 0x00, 0x00, 0x00, 0x00, 0x00, 0x00, 0x00,
    0x00, 0x00, 0x00, 0x0e, 0x38, 0x00, 0x00, 0x00, 0x00, 0x00, 0x00, 0x00, 0x00, 0x00, 0x00, 0x06, 0x30, 0x00, 0x00, 0x00, 0x00, 0x00, 0x00, 0x00,
    0x00, 0x00, 0x00, 0x07, 0xf0, 0x00, 0x00, 0x00, 0x00, 0x00, 0x00, 0x00, 0x00, 0x00, 0x00, 0x03, 0xe0, 0x00, 0x00, 0x00, 0x00, 0x00, 0x00, 0x00,
    0x00, 0x00, 0x00, 0x00, 0x80, 0x00, 0x00, 0x00, 0x00, 0x00, 0x00, 0x00, 0x00, 0x00, 0x00, 0x00, 0x00, 0x00, 0x00, 0x00, 0x00, 0x00, 0x00, 0x00,
  }},
  {{
    0x00, 0x00, 0x00, 0x00, 0x00, 0x00, 0x00, 0x00, 0x00, 0x00, 0x00, 0x00, 0x00, 0x00, 0x00, 0x00, 0x00, 0x00, 0x00, 0x00, 0x00, 0x00, 0x00, 0x00,
    0x00, 0x00, 0x00, 0x00, 0x00, 0x00, 0x00, 0x00, 0x00, 0x00, 0x00, 0x00, 0x00, 0x00, 0x00, 0x00, 0x00, 0x00, 0x00, 0x00, 0x00, 0x00, 0x00, 0x00,
    0x00, 0x00, 0x00, 0x00, 0x00, 0x00, 0x00, 0x00, 0x00, 0x00, 0x00, 0x00, 0x00, 0x00, 0x00, 0x00, 0x00, 0x00, 0x00, 0x00, 0x00, 0x00, 0x00, 0x00,
    0x00, 0x00, 0x00, 0x00, 0x00, 0x00, 0x00, 0x00, 0x00, 0x00, 0x00, 0x00, 0x00, 0x00, 0x00, 0x00, 0x00, 0x00, 0x00, 0x00, 0x00, 0x00, 0x00, 0x00,
    0x00, 0x00, 0x00, 0x00, 0x00, 0x00, 0x00, 0x00, 0x00, 0x00, 0x00, 0x00, 0x00, 0x00, 0x00, 0x00, 0x00, 0x00, 0x00, 0x00, 0x00, 0x00, 0x00, 0x00,
    0x00, 0x00, 0x00, 0x00, 0x00, 0x00, 0x00, 0x00, 0x00, 0x00, 0x00, 0x00, 0x00, 0x00, 0x00, 0x00, 0x00, 0x00, 0x10, 0x00, 0x00, 0x00, 0x00, 0x00,
    0x00, 0x00, 0x00, 0x00, 0x00, 0x00, 0x78, 0x00, 0x00, 0x00, 0x00, 0x00, 0x00, 0x00, 0x00, 0x00, 0x00, 0x00, 0xfc, 0x00, 0x00, 0x00, 0x00, 0x00,
    0x00, 0x00, 0x00, 0x00, 0x00, 0x00, 0xfe, 0x00, 0x00, 0x00, 0x00, 0x00, 0x00, 0x00, 0x00, 0x00, 0x00, 0x01, 0xc6, 0x00, 0x00, 0x00, 0x00, 0x00,
    0x00, 0x00, 0x00, 0x00, 0x00, 0x01, 0x86, 0x00, 0x00, 0x00, 0x00, 0x00, 0x00, 0x00, 0x00, 0x00, 0x00, 0x01, 0x83, 0x00, 0x00, 0x00, 0x00, 0x00,
    0x00, 0x00, 0x00, 0x00, 0x00, 0x01, 0x87, 0x80, 0x00, 0x00, 0x00, 0x00, 0x00, 0x00, 0x00, 0x00, 0x00, 0x01, 0xcf, 0xc0, 0x00, 0x00, 0x00, 0x00,
    0x00, 0x00, 0x00, 0x00, 0x00, 0x03, 0xff, 0xe0, 0x00, 0x00, 0x00, 0x00, 0x00, 0x00, 0x01, 0xf0, 0x00, 0x03, 0xff, 0xf8, 0x1f, 0x00, 0x00, 0x00,
    0x00, 0x00, 0x03, 0xfc, 0x00, 0x07, 0xf3, 0xf8, 0x3f, 0x80, 0x00, 0x00, 0x00, 0x00, 0x0e, 0x0e, 0x00, 0x0f, 0xc1, 0xfe, 0xe0, 0xe0, 0x00, 0x00,
    0x00, 0x00, 0x0e, 0x07, 0x00, 0x0f, 0x80, 0xff, 0xe0, 0xf0, 0x00, 0x00, 0x00, 0x00, 0x19, 0xfb, 0x80, 0x1f, 0x00, 0x3f, 0xbf, 0x30, 0x00, 0x00,
    0x00, 0x00, 0x3b, 0xf9, 0x80, 0x3f, 0x00, 0x1f, 0x3f, 0x98, 0x00, 0x00, 0x00, 0x00, 0x37, 0xfc, 0xc0, 0x3e, 0x00, 0x0f, 0x7f, 0xc8, 0x00, 0x00,
    0x00, 0x00, 0x67, 0xfe, 0xc0, 0x7e, 0x00, 0x06, 0xff, 0xc8, 0x00, 0x00, 0x00, 0x00, 0x6f, 0xbf, 0xe0, 0xfc, 0x00, 0x06, 0xfb, 0xfc, 0x00, 0x00,
    0x00, 0x00, 0x6f, 0x1f, 0x60, 0xf8, 0x00, 0x06, 0xf1, 0xf4, 0x00, 0x00, 0x00, 0x00, 0x6e, 0x0f, 0x61, 0xf8, 0x00, 0x06, 0xe1, 0xf4, 0x00, 0x00,
    0x00, 0x00, 0x6e, 0x0f, 0x63, 0xf0, 0x00, 0x06, 0xe1, 0xf4, 0x00, 0x00, 0x00, 0x00, 0x6f, 0x1f, 0x63, 0xe0, 0x00, 0x06, 0xf1, 0xf4, 0x00, 0x00,
    0x00, 0x00, 0x6f, 0xbf, 0xe7, 0xc0, 0x00, 0x06, 0xfb, 0xfc, 0x00, 0x00, 0x00, 0x00, 0x67, 0xfe, 0xcf, 0xc0, 0x00, 0x06, 0xff, 0xc8, 0x00, 0x00,
    0x00, 0x00, 0x37, 0xfc, 0xdf, 0x80, 0x00, 0x07, 0x7f, 0xc8, 0x00, 0x00, 0x00, 0x00, 0x3b, 0xf9, 0x9f, 0x80, 0x00, 0x03, 0x3f, 0x98, 0x00, 0x00,
    0x00, 0x00, 0x19, 0xfb, 0xbf, 0x00, 0x00, 0x01, 0xbf, 0x30, 0x00, 0x00, 0x00, 0x00, 0x0e, 0x07, 0x3e, 0x00, 0x00, 0x01, 0xe0, 0xf0, 0x00, 0x00,
    0x00, 0x00, 0x0e, 0x0e, 0x7e, 0x00, 0x00, 0x00, 0xe0, 0xe0, 0x00, 0x00, 0x00, 0x00, 0x03, 0xfc, 0xfc, 0x00, 0x00, 0x00, 0x3f, 0x80, 0x00, 0x00,
    0x00, 0x00, 0x03, 0xf0, 0xf8, 0x00, 0x00, 0x00, 0x1f, 0x00, 0x00, 0x00, 0x00, 0x00, 0x01, 0xe1, 0xf0, 0x00, 0x00, 0x00, 0x00, 0x00, 0x00, 0x00,
    0x00, 0x00, 0x01, 0xe3, 0xf0, 0x00, 0x00, 0x00, 0x00, 0x00, 0x00, 0x00, 0x00, 0x00, 0x03, 0xe7, 0xe0, 0x00, 0x00, 0x00, 0x00, 0x00, 0x00, 0x00,
    0x00, 0x00, 0x03, 0xe7, 0xc0, 0x00, 0x00, 0x00, 0x00, 0x00, 0x00, 0x00, 0x00, 0x00, 0x03, 0xcf, 0xc0, 0x00, 0x00, 0x00, 0x00, 0x00, 0x00, 0x00,
    0x00, 0x00, 0x03, 0xcf, 0x80, 0x00, 0x00, 0x00, 0x00, 0x00, 0x00, 0x00, 0x00, 0x00, 0x03, 0xff, 0x00, 0x00, 0x00, 0x00, 0x00, 0x00, 0x00, 0x00,
    0x00, 0x00, 0x03, 0xff, 0x00, 0x00, 0x00, 0x00, 0x00, 0x00, 0x00, 0x00, 0x00, 0x00, 0x03, 0xfe, 0x00, 0x00, 0x00, 0x00, 0x00, 0x00, 0x00, 0x00,
    0x00, 0x00, 0x03, 0xfc, 0x00, 0x00, 0x00, 0x00, 0x00, 0x00, 0x00, 0x00, 0x00, 0x00, 0x07, 0xfc, 0x00, 0x00, 0x00, 0x00, 0x00, 0x00, 0x00, 0x00,
    0x00, 0x00, 0x07, 0xf8, 0x00, 0x00, 0x00, 0x00, 0x00, 0x00, 0x00, 0x00, 0x00, 0x00, 0x0f, 0xf0, 0x00, 0x00, 0x00, 0x00, 0x00, 0x00, 0x00, 0x00,
    0x00, 0x00, 0x1c, 0x70, 0x00, 0x00, 0x00, 0x00, 0x00, 0x00, 0x00, 0x00, 0x00, 0x00, 0x1c, 0x30, 0x00, 0x00, 0x00, 0x00, 0x00, 0x00, 0x00, 0x00,
    0x00, 0x00, 0x1c, 0x30, 0x00, 0x00, 0x00, 0x00, 0x00, 0x00, 0x00, 0x00, 0x00, 0x00, 0x1c, 0x30, 0x00, 0x00, 0x00, 0x00, 0x00, 0x00, 0x00, 0x00,
    0x00, 0x00, 0x1c, 0x70, 0x00, 0x00, 0x00, 0x00, 0x00, 0x00, 0x00, 0x00, 0x00, 0x00, 0x0f, 0xe0, 0x00, 0x00, 0x00, 0x00, 0x00, 0x00, 0x00, 0x00,
    0x00, 0x00, 0x07, 0xc0, 0x00, 0x00, 0x00, 0x00, 0x00, 0x00, 0x00, 0x00, 0x00, 0x00, 0x03, 0xc0, 0x00, 0x00, 0x00, 0x00, 0x00, 0x00, 0x00, 0x00,
  }},
  {{
    0x00, 0x00, 0x00, 0x00, 0x00, 0x00, 0x00, 0x00, 0x00, 0x00, 0x00, 0x00, 0x00, 0x00, 0x00, 0x00, 0x00, 0x00, 0x00, 0x00, 0x00, 0x00, 0x00, 0x00,
    0x00, 0x00, 0x00, 0x00, 0x00, 0x00, 0x00, 0x00, 0x00, 0x00, 0x00, 0x00, 0x00, 0x00, 0x00, 0x00, 0x00, 0x00, 0x00, 0x00, 0x00, 0x00, 0x00, 0x00,
    0x00, 0x00, 0x00, 0x00, 0x00, 0x00, 0x00, 0x00, 0x00, 0x00, 0x00, 0x00, 0x00, 0x00, 0x00, 0x00, 0x00, 0x00, 0x00, 0x00, 0x00, 0x00, 0x00, 0x00,
    0x00, 0x00, 0x00, 0x00, 0x00, 0x00, 0x00, 0x00, 0x00, 0x00, 0x00, 0x00, 0x00, 0x00, 0x00, 0x00, 0x00, 0x00, 0x00, 0x00, 0x00, 0x00, 0x00, 0x00,
    0x00, 0x00, 0x00, 0x00, 0x00, 0x00, 0x00, 0x00, 0x00, 0x00, 0x00, 0x00, 0x00, 0x00, 0x00, 0x00, 0x00, 0x00, 0x00, 0x00, 0x00, 0x00, 0x00, 0x00,
    0x00, 0x00, 0x00, 0x00, 0x00, 0x00, 0x00, 0x00, 0x00, 0x00, 0x00, 0x00, 0x00, 0x00, 0x00, 0x00, 0x00, 0x00, 0x00, 0x00, 0x00, 0x00, 0x00, 0x00,
    0x00, 0x00, 0x00, 0x00, 0x00, 0x00, 0x00, 0x00, 0x00, 0x00, 0x00, 0x00, 0x00, 0x00, 0x00, 0x00, 0x00, 0x00, 0x00, 0x00, 0x00, 0x00, 0x00, 0x00,
    0x00, 0x00, 0x00, 0x00, 0x00, 0x00, 0x00, 0x00, 0x00, 0x00, 0x00, 0x00, 0x00, 0x00, 0x00, 0x00, 0x00, 0x00, 0x00, 0x00, 0x00, 0x00, 0x00, 0x00,
    0x00, 0x00, 0x00, 0x00, 0x00, 0x00, 0x00, 0x00, 0x00, 0x00, 0x00, 0x00, 0x00, 0x00, 0x00, 0x00, 0x00, 0x01, 0xe0, 0x00, 0x00, 0x00, 0x00, 0x00,
    0x00, 0x00, 0x00, 0x00, 0x00, 0x03, 0xf0, 0x00, 0x00, 0x00, 0x00, 0x00, 0x00, 0x00, 0x00, 0x00, 0x00, 0x07, 0xf8, 0x00, 0x00, 0x00, 0x00, 0x00,
    0x00, 0x00, 0x00, 0x00, 0x00, 0x07, 0x1c, 0x00, 0x00, 0x00, 0x00, 0x00, 0x00, 0x00, 0x01, 0xf0, 0x00, 0x06, 0x1c, 0x00, 0x1f, 0x00, 0x00, 0x00,
    0x00, 0x00, 0x03, 0xfc, 0x00, 0x06, 0x1f, 0x00, 0x3f, 0x80, 0x00, 0x00, 0x00, 0x00, 0x0e, 0x0e, 0x00, 0x0f, 0x1f, 0xc0, 0xe0, 0xe0, 0x00, 0x00,
    0x00, 0x00, 0x0e, 0x07, 0x00, 0x1f, 0x3f, 0xf1, 0xe0, 0xf0, 0x00, 0x00, 0x00, 0x00, 0x19, 0xfb, 0x80, 0x3f, 0xff, 0xff, 0xbf, 0x30, 0x00, 0x00,
    0x00, 0x00, 0x3b, 0xf9, 0x80, 0x7f, 0xff, 0xff, 0x3f, 0x98, 0x00, 0x00, 0x00, 0x00, 0x37, 0xfc, 0xc0, 0xfe, 0x03, 0xff, 0x7f, 0xc8, 0x00, 0x00,
    0x00, 0x00, 0x67, 0xfe, 0xc1, 0xfc, 0x00, 0x7e, 0xff, 0xc8, 0x00, 0x00, 0x00, 0x00, 0x6f, 0xbf, 0xe3, 0xf8, 0x00, 0x3c, 0xfb, 0xfc, 0x00, 0x00,
    0x00, 0x00, 0x6f, 0x1f, 0x67, 0xf0, 0x00, 0x06, 0xf1, 0xf4, 0x00, 0x00, 0x00, 0x00, 0x6e, 0x0f, 0x6f, 0xe0, 0x00, 0x06, 0xe1, 0xf4, 0x00, 0x00,
    0x00, 0x00, 0x6e, 0x0f, 0x7f, 0xc0, 0x00, 0x06, 0xe1, 0xf4, 0x00, 0x00, 0x00, 0x00, 0x6f, 0x1f, 0x7f, 0x80, 0x00, 0x06, 0xf1, 0xf4, 0x00, 0x00,
    0x00, 0x00, 0x6f, 0xbf, 0xff, 0x00, 0x00, 0x06, 0xfb, 0xfc, 0x00, 0x00, 0x00, 0x00, 0x67, 0xff, 0xfe, 0x00, 0x00, 0x06, 0xff, 0xc8, 0x00, 0x00,
    0x00, 0x00, 0x37, 0xff, 0xfc, 0x00, 0x00, 0x07, 0x7f, 0xc8, 0x00, 0x00, 0x00, 0x00, 0x3b, 0xff, 0xf8, 0x00, 0x00, 0x03, 0x3f, 0x98, 0x00, 0x00,
    0x00, 0x00, 0x19, 0xff, 0xf0, 0x00, 0x00, 0x01, 0xbf, 0x30, 0x00, 0x00, 0x00, 0x00, 0x1e, 0x1f, 0xe0, 0x00, 0x00, 0x01, 0xe0, 0xf0, 0x00, 0x00,
    0x00, 0x00, 0x1e, 0x1f, 0xc0, 0x00, 0x00, 0x00, 0xe0, 0xe0, 0x00, 0x00, 0x00, 0x00, 0x1f, 0xff, 0x00, 0x00, 0x00, 0x00, 0x3f, 0x80, 0x00, 0x00,
    0x00, 0x00, 0x3f, 0xff, 0x00, 0x00, 0x00, 0x00, 0x1f, 0x00, 0x00, 0x00, 0x00, 0x00, 0x3f, 0xfc, 0x00, 0x00, 0x00, 0x00, 0x00, 0x00, 0x00, 0x00,
    0x00, 0x00, 0x7f, 0xf8, 0x00, 0x00, 0x00, 0x00, 0x00, 0x00, 0x00, 0x00, 0x00, 0x00, 0x7f, 0xf8, 0x00, 0x00, 0x00, 0x00, 0x00, 0x00, 0x00, 0x00,
    0x00, 0x00, 0xff, 0xe0, 0x00, 0x00, 0x00, 0x00, 0x00, 0x00, 0x00, 0x00, 0x00, 0x00, 0xff, 0xc0, 0x00, 0x00, 0x00, 0x00, 0x00, 0x00, 0x00, 0x00,
    0x00, 0x00, 0xff, 0x80, 0x00, 0x00, 0x00, 0x00, 0x00, 0x00, 0x00, 0x00, 0x00, 0x01, 0xff, 0x00, 0x00, 0x00, 0x00, 0x00, 0x00, 0x00, 0x00, 0x00,
    0x00, 0x07, 0xfe, 0x00, 0x00, 0x00, 0x00, 0x00, 0x00, 0x00, 0x00, 0x00, 0x00, 0x0f, 0xfc, 0x00, 0x00, 0x00, 0x00, 0x00, 0x00, 0x00, 0x00, 0x00,
    0x00, 0x1d, 0xf8, 0x00, 0x00, 0x00, 0x00, 0x00, 0x00, 0x00, 0x00, 0x00, 0x00, 0x18, 0x70, 0x00, 0x00, 0x00, 0x00, 0x00, 0x00, 0x00, 0x00, 0x00,
    0x00, 0x18, 0x60, 0x00, 0x00, 0x00, 0x00, 0x00, 0x00, 0x00, 0x00, 0x00, 0x00, 0x38, 0x60, 0x00, 0x00, 0x00, 0x00, 0x00, 0x00, 0x00, 0x00, 0x00,
    0x00, 0x18, 0x60, 0x00, 0x00, 0x00, 0x00, 0x00, 0x00, 0x00, 0x00, 0x00, 0x00, 0x1c, 0xe0, 0x00, 0x00, 0x00, 0x00, 0x00, 0x00, 0x00, 0x00, 0x00,
    0x00, 0x0f, 0xc0, 0x00, 0x00, 0x00, 0x00, 0x00, 0x00, 0x00, 0x00, 0x00, 0x00, 0x07, 0x80, 0x00, 0x00, 0x00, 0x00, 0x00, 0x00, 0x00, 0x00, 0x00,
    0x00, 0x03, 0x00, 0x00, 0x00, 0x00, 0x00, 0x00, 0x00, 0x00, 0x00, 0x00, 0x00, 0x00, 0x00, 0x00, 0x00, 0x00, 0x00, 0x00, 0x00, 0x00, 0x00, 0x00,
    0x00, 0x00, 0x00, 0x00, 0x00, 0x00, 0x00, 0x00, 0x00, 0x00, 0x00, 0x00, 0x00, 0x00, 0x00, 0x00, 0x00, 0x00, 0x00, 0x00, 0x00, 0x00, 0x00, 0x00,
  }},
  {{
    0x00, 0x00, 0x00, 0x00, 0x00, 0x00, 0x00, 0x00, 0x00, 0x00, 0x00, 0x00, 0x00, 0x00, 0x00, 0x00, 0x00, 0x00, 0x00, 0x00, 0x00, 0x00, 0x00, 0x00,
    0x00, 0x00, 0x00, 0x00, 0x00, 0x00, 0x00, 0x00, 0x00, 0x00, 0x00, 0x00, 0x00, 0x00, 0x00, 0x00, 0x00, 0x00, 0x00, 0x00, 0x00, 0x00, 0x00, 0x00,
    0x00, 0x00, 0x00, 0x00, 0x00, 0x00, 0x00, 0x00, 0x00, 0x00, 0x00, 0x00, 0x00, 0x00, 0x00, 0x00, 0x00, 0x00, 0x00, 0x00, 0x00, 0x00, 0x00, 0x00,
    0x00, 0x00, 0x00, 0x00, 0x00, 0x00, 0x00, 0x00, 0x00, 0x00, 0x00, 0x00, 0x00, 0x00, 0x00, 0x00, 0x00, 0x00, 0x00, 0x00, 0x00, 0x00, 0x00, 0x00,
    0x00, 0x00, 0x00, 0x00, 0x00, 0x00, 0x00, 0x00, 0x00, 0x00, 0x00, 0x00, 0x00, 0x00, 0x00, 0x00, 0x00, 0x00, 0x00, 0x00, 0x00, 0x00, 0x00, 0x00,
    0x00, 0x00, 0x00, 0x00, 0x00, 0x00, 0x00, 0x00, 0x00, 0x00, 0x00, 0x00, 0x00, 0x00, 0x00, 0x00, 0x00, 0x00, 0x00, 0x00, 0x00, 0x00, 0x00, 0x00,
    0x00, 0x00, 0x00, 0x00, 0x00, 0x00, 0x00, 0x00, 0x00, 0x00, 0x00, 0x00, 0x00, 0x00, 0x00, 0x00, 0x00, 0x00, 0x00, 0x00, 0x00, 0x00, 0x00, 0x00,
    0x00, 0x00, 0x00, 0x00, 0x00, 0x00, 0x00, 0x00, 0x00, 0x00, 0x00, 0x00, 0x00, 0x00, 0x00, 0x00, 0x00, 0x00, 0x00, 0x00, 0x00, 0x00, 0x00, 0x00,
    0x00, 0x00, 0x00, 0x00, 0x00, 0x00, 0x00, 0x00, 0x00, 0x00, 0x00, 0x00, 0x00, 0x00, 0x00, 0x00, 0x00, 0x00, 0x00, 0x00, 0x00, 0x00, 0x00, 0x00,
    0x00, 0x00, 0x00, 0x00, 0x00, 0x00, 0x00, 0x00, 0x00, 0x00, 0x00, 0x00, 0x00, 0x00, 0x00, 0x00, 0x00, 0x00, 0x00, 0x00, 0x00, 0x00, 0x00, 0x00,
    0x00, 0x00, 0x00, 0x00, 0x00, 0x00, 0x00, 0x00, 0x00, 0x00, 0x00, 0x00, 0x00, 0x00, 0x01, 0xf8, 0x00, 0x03, 0xc0, 0x00, 0x1f, 0x00, 0x00, 0x00,
    0x00, 0x00, 0x03, 0xfc, 0x00, 0x07, 0xe0, 0x00, 0x3f, 0x80, 0x00, 0x00, 0x00, 0x00, 0x0e, 0x0e, 0x00, 0x0f, 0x70, 0x00, 0xe0, 0xe0, 0x00, 0x00,
    0x00, 0x00, 0x0e, 0x07, 0x00, 0x0e, 0x30, 0x01, 0xe0, 0xf0, 0x00, 0x00, 0x00, 0x00, 0x19, 0xfb, 0x80, 0x0c, 0x3f, 0x03, 0xbf, 0x30, 0x00, 0x00,
    0x00, 0x00, 0x3b, 0xf9, 0x80, 0x1c, 0x1f, 0xc3, 0x3f, 0x98, 0x00, 0x00, 0x00, 0x00, 0x37, 0xfc, 0xc0, 0xfc, 0x3f, 0xff, 0x7f, 0xc8, 0x00, 0x00,
    0x00, 0x00, 0x6f, 0xfe, 0xc1, 0xfe, 0x7f, 0xfe, 0xff, 0xcc, 0x00, 0x00, 0x00, 0x00, 0x6f, 0xbf, 0xe7, 0xff, 0xff, 0xfc, 0xfb, 0xfc, 0x00, 0x00,
    0x00, 0x00, 0x6f, 0x1f, 0x7f, 0xff, 0xe1, 0xfc, 0xf1, 0xf6, 0x00, 0x00, 0x00, 0x00, 0x6f, 0x0f, 0x7f, 0xf1, 0x80, 0x7e, 0xe1, 0xf6, 0x00, 0x00,
    0x00, 0x00, 0x6f, 0x0f, 0xff, 0xc0, 0x00, 0x06, 0xe1, 0xf6, 0x00, 0x00, 0x00, 0x00, 0x6f, 0x1f, 0xff, 0x80, 0x00, 0x06, 0xf1, 0xf6, 0x00, 0x00,
    0x00, 0x00, 0x6f, 0xff, 0xfc, 0x00, 0x00, 0x06, 0xff, 0xfc, 0x00, 0x00, 0x00, 0x00, 0x67, 0xff, 0xf8, 0x00, 0x00, 0x06, 0xff, 0xcc, 0x00, 0x00,
    0x00, 0x00, 0x77, 0xff, 0xe0, 0x00, 0x00, 0x07, 0x7f, 0xc8, 0x00, 0x00, 0x00, 0x00, 0xff, 0xff, 0xc0, 0x00, 0x00, 0x03, 0x3f, 0x98, 0x00, 0x00,
    0x00, 0x01, 0xff, 0xff, 0x80, 0x00, 0x00, 0x03, 0x9f, 0x38, 0x00, 0x00, 0x00, 0x07, 0xff, 0xff, 0x00, 0x00, 0x00, 0x01, 0xe0, 0xf0, 0x00, 0x00,
    0x00, 0x07, 0xff, 0xfe, 0x00, 0x00, 0x00, 0x00, 0xe0, 0xe0, 0x00, 0x00, 0x00, 0x1f, 0xff, 0xf8, 0x00, 0x00, 0x00, 0x00, 0x3f, 0x80, 0x00, 0x00,
    0x00, 0x3f, 0xff, 0xf0, 0x00, 0x00, 0x00, 0x00, 0x1f, 0x00, 0x00, 0x00, 0x03, 0xff, 0xf8, 0x00, 0x00, 0x00, 0x00, 0x00, 0x00, 0x00, 0x00, 0x00,
    0x07, 0xff, 0xf0, 0x00, 0x00, 0x00, 0x00, 0x00, 0x00, 0x00, 0x00, 0x00, 0x0e, 0x7f, 0xc0, 0x00, 0x00, 0x00, 0x00, 0x00, 0x00, 0x00, 0x00, 0x00,
    0x0c, 0x3e, 0x00, 0x00, 0x00, 0x00, 0x00, 0x00, 0x00, 0x00, 0x00, 0x00, 0x0c, 0x3c, 0x00, 0x00, 0x00, 0x00, 0x00, 0x00, 0x00, 0x00, 0x00, 0x00,
    0x0c, 0x38, 0x00, 0x00, 0x00, 0x00, 0x00, 0x00, 0x00, 0x00, 0x00, 0x00, 0x0e, 0x30, 0x00, 0x00, 0x00, 0x00, 0x00, 0x00, 0x00, 0x00, 0x00, 0x00,
    0x0f, 0xf0, 0x00, 0x00, 0x00, 0x00, 0x00, 0x00, 0x00, 0x00, 0x00, 0x00, 0x07, 0xe0, 0x00, 0x00, 0x00, 0x00, 0x00, 0x00, 0x00, 0x00, 0x00, 0x00,
    0x01, 0xc0, 0x00, 0x00, 0x00, 0x00, 0x00, 0x00, 0x00, 0x00, 0x00, 0x00, 0x00, 0x00, 0x00, 0x00, 0x00, 0x00, 0x00, 0x00, 0x00, 0x00, 0x00, 0x00,
    0x00, 0x00, 0x00, 0x00, 0x00, 0x00, 0x00, 0x00, 0x00, 0x00, 0x00, 0x00, 0x00, 0x00, 0x00, 0x00, 0x00, 0x00, 0x00, 0x00, 0x00, 0x00, 0x00, 0x00,
    0x00, 0x00, 0x00, 0x00, 0x00, 0x00, 0x00, 0x00, 0x00, 0x00, 0x00, 0x00, 0x00, 0x00, 0x00, 0x00, 0x00, 0x00, 0x00, 0x00, 0x00, 0x00, 0x00, 0x00,
    0x00, 0x00, 0x00, 0x00, 0x00, 0x00, 0x00, 0x00, 0x00, 0x00, 0x00, 0x00, 0x00, 0x00, 0x00, 0x00, 0x00, 0x00, 0x00, 0x00, 0x00, 0x00, 0x00, 0x00,
    0x00, 0x00, 0x00, 0x00, 0x00, 0x00, 0x00, 0x00, 0x00, 0x00, 0x00, 0x00, 0x00, 0x00, 0x00, 0x00, 0x00, 0x00, 0x00, 0x00, 0x00, 0x00, 0x00, 0x00,
    0x00, 0x00, 0x00, 0x00, 0x00, 0x00, 0x00, 0x00, 0x00, 0x00, 0x00, 0x00, 0x00, 0x00, 0x00, 0x00, 0x00, 0x00, 0x00, 0x00, 0x00, 0x00, 0x00, 0x00,
  }},
  {{
    0x00, 0x00, 0x00, 0x00, 0x00, 0x00, 0x00, 0x00, 0x00, 0x00, 0x00, 0x00, 0x00, 0x00, 0x00, 0x00, 0x00, 0x00, 0x00, 0x00, 0x00, 0x00, 0x00, 0x00,
    0x00, 0x00, 0x00, 0x00, 0x00, 0x00, 0x00, 0x00, 0x00, 0x00, 0x00, 0x00, 0x00, 0x00, 0x00, 0x00, 0x00, 0x00, 0x00, 0x00, 0x00, 0x00, 0x00, 0x00,
    0x00, 0x00, 0x00, 0x00, 0x00, 0x00, 0x00, 0x00, 0x00, 0x00, 0x00, 0x00, 0x00, 0x00, 0x00, 0x00, 0x00, 0x00, 0x00, 0x00, 0x00, 0x00, 0x00, 0x00,
    0x00, 0x00, 0x00, 0x00, 0x00, 0x00, 0x00, 0x00, 0x00, 0x00, 0x00, 0x00, 0x00, 0x00, 0x00, 0x00, 0x00, 0x00, 0x00, 0x00, 0x00, 0x00, 0x00, 0x00,
    0x00, 0x00, 0x00, 0x00, 0x00, 0x00, 0x00, 0x00, 0x00, 0x00, 0x00, 0x00, 0x00, 0x00, 0x00, 0x00, 0x00, 0x00, 0x00, 0x00, 0x00, 0x00, 0x00, 0x00,
    0x00, 0x00, 0x00, 0x00, 0x00, 0x00, 0x00, 0x00, 0x00, 0x00, 0x00, 0x00, 0x00, 0x00, 0x00, 0x00, 0x00, 0x00, 0x00, 0x00, 0x00, 0x00, 0x00, 0x00,
    0x00, 0x00, 0x00, 0x00, 0x00, 0x00, 0x00, 0x00, 0x00, 0x00, 0x00, 0x00, 0x00, 0x00, 0x00, 0x00, 0x00, 0x00, 0x00, 0x00, 0x00, 0x00, 0x00, 0x00,
    0x00, 0x00, 0x00, 0x00, 0x00, 0x00, 0x00, 0x00, 0x00, 0x00, 0x00, 0x00, 0x00, 0x00, 0x00, 0x00, 0x00, 0x00, 0x00, 0x00, 0x00, 0x00, 0x00, 0x00,
    0x00, 0x00, 0x00, 0x00, 0x00, 0x00, 0x00, 0x00, 0x00, 0x00, 0x00, 0x00, 0x00, 0x00, 0x00, 0x00, 0x00, 0x00, 0x00, 0x00, 0x00, 0x00, 0x00, 0x00,
    0x00, 0x00, 0x00, 0x00, 0x00, 0x00, 0x00, 0x00, 0x00, 0x00, 0x00, 0x00, 0x00, 0x00, 0x00, 0x00, 0x00, 0x00, 0x00, 0x00, 0x00, 0x00, 0x00, 0x00,
    0x00, 0x00, 0x00, 0x00, 0x00, 0x00, 0x00, 0x00, 0x00, 0x00, 0x00, 0x00, 0x00, 0x00, 0x01, 0xf0, 0x00, 0x00, 0x00, 0x00, 0x1f, 0x00, 0x00, 0x00,
    0x00, 0x00, 0x03, 0xf8, 0x00, 0x00, 0x00, 0x00, 0x3f, 0x80, 0x00, 0x00, 0x00, 0x00, 0x0f, 0x0e, 0x00, 0x00, 0x00, 0x00, 0xe0, 0xe0, 0x00, 0x00,
    0x00, 0x00, 0x0e, 0x0f, 0x00, 0x00, 0x00, 0x01, 0xe0, 0xf0, 0x00, 0x00, 0x00, 0x00, 0x19, 0xfb, 0x80, 0x07, 0xc0, 0x03, 0xbf, 0x30, 0x00, 0x00,
    0x00, 0x00, 0x3b, 0xf9, 0x80, 0x07, 0xe0, 0x03, 0x3f, 0x98, 0x00, 0x00, 0x00, 0x00, 0x37, 0xfc, 0xc0, 0x0f, 0xf0, 0x07, 0x7f, 0xc8, 0x00, 0x00,
    0x00, 0x00, 0x6f, 0xfe, 0xc0, 0xfc, 0x7f, 0xfe, 0xff, 0xcc, 0x00, 0x00, 0x00, 0x00, 0x6f, 0xff, 0xe7, 0xf8, 0x3f, 0xfe, 0xff, 0xfc, 0x00, 0x00,
    0x00, 0x00, 0x6f, 0x1f, 0xff, 0xf8, 0x3f, 0xfe, 0xf1, 0xf6, 0x00, 0x00, 0x00, 0x00, 0x6f, 0x3f, 0xff, 0xfc, 0x7f, 0xfe, 0xe1, 0xf6, 0x00, 0x00,
    0x1c, 0x07, 0xff, 0xff, 0xff, 0xfe, 0xff, 0xfe, 0xe1, 0xf6, 0x00, 0x00, 0x3e, 0x1f, 0xff, 0xff, 0xff, 0xff, 0xff, 0xfe, 0xf1, 0xf6, 0x00, 0x00,
    0x7f, 0xff, 0xff, 0xff, 0xfc, 0x07, 0xc0, 0x06, 0xfb, 0xfc, 0x00, 0x00, 0xe7, 0xff, 0xff, 0xff, 0xc0, 0x01, 0x00, 0x06, 0xff, 0xcc, 0x00, 0x00,
    0xe3, 0xff, 0xff, 0xfc, 0xc0, 0x00, 0x00, 0x07, 0x7f, 0xc8, 0x00, 0x00, 0xc1, 0xff, 0xfb, 0xf9, 0x80, 0x00, 0x00, 0x03, 0x3f, 0x98, 0x00, 0x00,
    0xe3, 0xff, 0x19, 0xfb, 0x80, 0x00, 0x00, 0x03, 0xbf, 0x30, 0x00, 0x00, 0xe3, 0x80, 0x0e, 0x07, 0x00, 0x00, 0x00, 0x01, 0xe0, 0xf0, 0x00, 0x00,
    0x7f, 0x00, 0x0e, 0x0e, 0x00, 0x00, 0x00, 0x00, 0xe0, 0xe0, 0x00, 0x00, 0x3e, 0x00, 0x03, 0xfc, 0x00, 0x00, 0x00, 0x00, 0x3f, 0x80, 0x00, 0x00,
    0x3c, 0x00, 0x01, 0xf8, 0x00, 0x00, 0x00, 0x00, 0x1f, 0x00, 0x00, 0x00, 0x00, 0x00, 0x00, 0x00, 0x00, 0x00, 0x00, 0x00, 0x00, 0x00, 0x00, 0x00,
    0x00, 0x00, 0x00, 0x00, 0x00, 0x00, 0x00, 0x00, 0x00, 0x00, 0x00, 0x00, 0x00, 0x00, 0x00, 0x00, 0x00, 0x00, 0x00, 0x00, 0x00, 0x00, 0x00, 0x00,
    0x00, 0x00, 0x00, 0x00, 0x00, 0x00, 0x00, 0x00, 0x00, 0x00, 0x00, 0x00, 0x00, 0x00, 0x00, 0x00, 0x00, 0x00, 0x00, 0x00, 0x00, 0x00, 0x00, 0x00,
    0x00, 0x00, 0x00, 0x00, 0x00, 0x00, 0x00, 0x00, 0x00, 0x00, 0x00, 0x00, 0x00, 0x00, 0x00, 0x00, 0x00, 0x00, 0x00, 0x00, 0x00, 0x00, 0x00, 0x00,
    0x00, 0x00, 0x00, 0x00, 0x00, 0x00, 0x00, 0x00, 0x00, 0x00, 0x00, 0x00, 0x00, 0x00, 0x00, 0x00, 0x00, 0x00, 0x00, 0x00, 0x00, 0x00, 0x00, 0x00,
    0x00, 0x00, 0x00, 0x00, 0x00, 0x00, 0x00, 0x00, 0x00, 0x00, 0x00, 0x00, 0x00, 0x00, 0x00, 0x00, 0x00, 0x00, 0x00, 0x00, 0x00, 0x00, 0x00, 0x00,
    0x00, 0x00, 0x00, 0x00, 0x00, 0x00, 0x00, 0x00, 0x00, 0x00, 0x00, 0x00, 0x00, 0x00, 0x00, 0x00, 0x00, 0x00, 0x00, 0x00, 0x00, 0x00, 0x00, 0x00,
    0x00, 0x00, 0x00, 0x00, 0x00, 0x00, 0x00, 0x00, 0x00, 0x00, 0x00, 0x00, 0x00, 0x00, 0x00, 0x00, 0x00, 0x00, 0x00, 0x00, 0x00, 0x00, 0x00, 0x00,
    0x00, 0x00, 0x00, 0x00, 0x00, 0x00, 0x00, 0x00, 0x00, 0x00, 0x00, 0x00, 0x00, 0x00, 0x00, 0x00, 0x00, 0x00, 0x00, 0x00, 0x00, 0x00, 0x00, 0x00,
    0x00, 0x00, 0x00, 0x00, 0x00, 0x00, 0x00, 0x00, 0x00, 0x00, 0x00, 0x00, 0x00, 0x00, 0x00, 0x00, 0x00, 0x00, 0x00, 0x00, 0x00, 0x00, 0x00, 0x00,
    0x00, 0x00, 0x00, 0x00, 0x00, 0x00, 0x00, 0x00, 0x00, 0x00, 0x00, 0x00, 0x00, 0x00, 0x00, 0x00, 0x00, 0x00, 0x00, 0x00, 0x00, 0x00, 0x00, 0x00,
  }},
  {{
    0x00, 0x00, 0x00, 0x00, 0x00, 0x00, 0x00, 0x00, 0x00, 0x00, 0x00, 0x00, 0x00, 0x00, 0x00, 0x00, 0x00, 0x00, 0x00, 0x00, 0x00, 0x00, 0x00, 0x00,
    0x00, 0x00, 0x00, 0x00, 0x00, 0x00, 0x00, 0x00, 0x00, 0x00, 0x00, 0x00, 0x00, 0x00, 0x00, 0x00, 0x00, 0x00, 0x00, 0x00, 0x00, 0x00, 0x00, 0x00,
    0x00, 0x00, 0x00, 0x00, 0x00, 0x00, 0x00, 0x00, 0x00, 0x00, 0x00, 0x00, 0x00, 0x00, 0x00, 0x00, 0x00, 0x00, 0x00, 0x00, 0x00, 0x00, 0x00, 0x00,
    0x00, 0x00, 0x00, 0x00, 0x00, 0x00, 0x00, 0x00, 0x00, 0x00, 0x00, 0x00, 0x00, 0x00, 0x00, 0x00, 0x00, 0x00, 0x00, 0x00, 0x00, 0x00, 0x00, 0x00,
    0x00, 0x00, 0x00, 0x00, 0x00, 0x00, 0x00, 0x00, 0x00, 0x00, 0x00, 0x00, 0x00, 0x00, 0x00, 0x00, 0x00, 0x00, 0x00, 0x00, 0x00, 0x00, 0x00, 0x00,
    0x00, 0x00, 0x00, 0x00, 0x00, 0x00, 0x00, 0x00, 0x00, 0x00, 0x00, 0x00, 0x00, 0x00, 0x00, 0x00, 0x00, 0x00, 0x00, 0x00, 0x00, 0x00, 0x00, 0x00,
    0x00, 0x00, 0x00, 0x00, 0x00, 0x00, 0x00, 0x00, 0x00, 0x00, 0x00, 0x00, 0x00, 0x00, 0x00, 0x00, 0x00, 0x00, 0x00, 0x00, 0x00, 0x00, 0x00, 0x00,
    0x00, 0x00, 0x00, 0x00, 0x00, 0x00, 0x00, 0x00, 0x00, 0x00, 0x00, 0x00, 0x00, 0x00, 0x00, 0x00, 0x00, 0x00, 0x00, 0x00, 0x00, 0x00, 0x00, 0x00,
    0x00, 0x00, 0x00, 0x00, 0x00, 0x00, 0x00, 0x00, 0x00, 0x00, 0x00, 0x00, 0x00, 0x00, 0x00, 0x00, 0x00, 0x00, 0x00, 0x00, 0x00, 0x00, 0x00, 0x00,
    0x00, 0x00, 0x00, 0x00, 0x00, 0x00, 0x00, 0x00, 0x00, 0x00, 0x00, 0x00, 0x00, 0x00, 0x00, 0x00, 0x00, 0x00, 0x00, 0x00, 0x00, 0x00, 0x00, 0x00,
    0x00, 0x00, 0x00, 0x00, 0x00, 0x00, 0x00, 0x00, 0x00, 0x00, 0x00, 0x00, 0x1c, 0x00, 0x01, 0xf0, 0x00, 0x00, 0x00, 0x00, 0x1f, 0x00, 0x00, 0x00,
    0x3e, 0x00, 0x03, 0xfc, 0x00, 0x00, 0x00, 0x00, 0x3f, 0x80, 0x00, 0x00, 0x7f, 0x00, 0x0f, 0x0e, 0x00, 0x00, 0x00, 0x00, 0xe0, 0xe0, 0x00, 0x00,
    0xe3, 0x80, 0x0e, 0x07, 0x00, 0x00, 0x00, 0x01, 0xe0, 0xf0, 0x00, 0x00, 0xe3, 0xfe, 0x19, 0xfb, 0x80, 0x00, 0x00, 0x03, 0xbf, 0x30, 0x00, 0x00,
    0xc1, 0xff, 0xff, 0xf9, 0x80, 0x00, 0x00, 0x03, 0x3f, 0x98, 0x00, 0x00, 0xe3, 0xff, 0xff, 0xfc, 0xc0, 0x00, 0x00, 0x07, 0x7f, 0xd8, 0x00, 0x00,
    0xe3, 0xff, 0xff, 0xff, 0xc0, 0x01, 0x00, 0x06, 0xff, 0xcc, 0x00, 0x00, 0x7f, 0xff, 0xff, 0xff, 0xfc, 0x07, 0xc0, 0x06, 0xfb, 0xfc, 0x00, 0x00,
    0x3e, 0x3f, 0xff, 0xff, 0xff, 0xff, 0xe3, 0xfe, 0xf1, 0xf6, 0x00, 0x00, 0x1c, 0x07, 0xff, 0xff, 0xff, 0xfe, 0xff, 0xfe, 0xe1, 0xf6, 0x00, 0x00,
    0x00, 0x00, 0x6f, 0xff, 0xff, 0xfc, 0x7f, 0xfe, 0xe1, 0xf6, 0x00, 0x00, 0x00, 0x00, 0x6f, 0x9f, 0xff, 0xf8, 0x3f, 0xfe, 0xf1, 0xf6, 0x00, 0x00,
    0x00, 0x00, 0x6f, 0xff, 0xef, 0xf8, 0x3f, 0xfe, 0xfb, 0xfc, 0x00, 0x00, 0x00, 0x00, 0x6f, 0xfe, 0xc0, 0x7c, 0x7f, 0xfe, 0xff, 0xcc, 0x00, 0x00,
    0x00, 0x00, 0x37, 0xfc, 0xc0, 0x0f, 0xf0, 0x07, 0x7f, 0xd8, 0x00, 0x00, 0x00, 0x00, 0x3b, 0xf9, 0x80, 0x07, 0xe0, 0x03, 0x3f, 0x98, 0x00, 0x00,
    0x00, 0x00, 0x19, 0xfb, 0x80, 0x03, 0xc0, 0x03, 0xbf, 0x30, 0x00, 0x00, 0x00, 0x00, 0x0e, 0x07, 0x00, 0x00, 0x00, 0x01, 0xe0, 0xf0, 0x00, 0x00,
    0x00, 0x00, 0x0f, 0x0e, 0x00, 0x00, 0x00, 0x00, 0xe0, 0xe0, 0x00, 0x00, 0x00, 0x00, 0x03, 0xfc, 0x00, 0x00, 0x00, 0x00, 0x3f, 0x80, 0x00, 0x00,
    0x00, 0x00, 0x01, 0xf0, 0x00, 0x00, 0x00, 0x00, 0x1f, 0x00, 0x00, 0x00, 0x00, 0x00, 0x00, 0x00, 0x00, 0x00, 0x00, 0x00, 0x00, 0x00, 0x00, 0x00,
    0x00, 0x00, 0x00, 0x00, 0x00, 0x00, 0x00, 0x00, 0x00, 0x00, 0x00, 0x00, 0x00, 0x00, 0x00, 0x00, 0x00, 0x00, 0x00, 0x00, 0x00, 0x00, 0x00, 0x00,
    0x00, 0x00, 0x00, 0x00, 0x00, 0x00, 0x00, 0x00, 0x00, 0x00, 0x00, 0x00, 0x00, 0x00, 0x00, 0x00, 0x00, 0x00, 0x00, 0x00, 0x00, 0x00, 0x00, 0x00,
    0x00, 0x00, 0x00, 0x00, 0x00, 0x00, 0x00, 0x00, 0x00, 0x00, 0x00, 0x00, 0x00, 0x00, 0x00, 0x00, 0x00, 0x00, 0x00, 0x00, 0x00, 0x00, 0x00, 0x00,
    0x00, 0x00, 0x00, 0x00, 0x00, 0x00, 0x00, 0x00, 0x00, 0x00, 0x00, 0x00, 0x00, 0x00, 0x00, 0x00, 0x00, 0x00, 0x00, 0x00, 0x00, 0x00, 0x00, 0x00,
    0x00, 0x00, 0x00, 0x00, 0x00, 0x00, 0x00, 0x00, 0x00, 0x00, 0x00, 0x00, 0x00, 0x00, 0x00, 0x00, 0x00, 0x00, 0x00, 0x00, 0x00, 0x00, 0x00, 0x00,
    0x00, 0x00, 0x00, 0x00, 0x00, 0x00, 0x00, 0x00, 0x00, 0x00, 0x00, 0x00, 0x00, 0x00, 0x00, 0x00, 0x00, 0x00, 0x00, 0x00, 0x00, 0x00, 0x00, 0x00,
    0x00, 0x00, 0x00, 0x00, 0x00, 0x00, 0x00, 0x00, 0x00, 0x00, 0x00, 0x00, 0x00, 0x00, 0x00, 0x00, 0x00, 0x00, 0x00, 0x00, 0x00, 0x00, 0x00, 0x00,
    0x00, 0x00, 0x00, 0x00, 0x00, 0x00, 0x00, 0x00, 0x00, 0x00, 0x00, 0x00, 0x00, 0x00, 0x00, 0x00, 0x00, 0x00, 0x00, 0x00, 0x00, 0x00, 0x00, 0x00,
    0x00, 0x00, 0x00, 0x00, 0x00, 0x00, 0x00, 0x00, 0x00, 0x00, 0x00, 0x00, 0x00, 0x00, 0x00, 0x00, 0x00, 0x00, 0x00, 0x00, 0x00, 0x00, 0x00, 0x00,
    0x00, 0x00, 0x00, 0x00, 0x00, 0x00, 0x00, 0x00, 0x00, 0x00, 0x00, 0x00, 0x00, 0x00, 0x00, 0x00, 0x00, 0x00, 0x00, 0x00, 0x00, 0x00, 0x00, 0x00,
  }},
  {{
    0x00, 0x00, 0x00, 0x00, 0x00, 0x00, 0x00, 0x00, 0x00, 0x00, 0x00, 0x00, 0x00, 0x00, 0x00, 0x00, 0x00, 0x00, 0x00, 0x00, 0x00, 0x00, 0x00, 0x00,
    0x00, 0x00, 0x00, 0x00, 0x00, 0x00, 0x00, 0x00, 0x00, 0x00, 0x00, 0x00, 0x00, 0x00, 0x00, 0x00, 0x00, 0x00, 0x00, 0x00, 0x00, 0x00, 0x00, 0x00,
    0x00, 0x00, 0x00, 0x00, 0x00, 0x00, 0x00, 0x00, 0x00, 0x00, 0x00, 0x00, 0x00, 0x00, 0x00, 0x00, 0x00, 0x00, 0x00, 0x00, 0x00, 0x00, 0x00, 0x00,
    0x00, 0x00, 0x00, 0x00, 0x00, 0x00, 0x00, 0x00, 0x00, 0x00, 0x00, 0x00, 0x00, 0x00, 0x00, 0x00, 0x00, 0x00, 0x00, 0x00, 0x00, 0x00, 0x00, 0x00,
    0x00, 0x00, 0x00, 0x00, 0x00, 0x00, 0x00, 0x00, 0x00, 0x00, 0x00, 0x00, 0x00, 0x00, 0x00, 0x00, 0x00, 0x00, 0x00, 0x00, 0x00, 0x00, 0x00, 0x00,
    0x00, 0x00, 0x00, 0x00, 0x00, 0x00, 0x00, 0x00, 0x00, 0x00, 0x00, 0x00, 0x03, 0xc0, 0x00, 0x00, 0x00, 0x00, 0x00, 0x00, 0x00, 0x00, 0x00, 0x00,
    0x07, 0xe0, 0x00, 0x00, 0x00, 0x00, 0x00, 0x00, 0x00, 0x00, 0x00, 0x00, 0x0f, 0xf0, 0x00, 0x00, 0x00, 0x00, 0x00, 0x00, 0x00, 0x00, 0x00, 0x00,
    0x0e, 0x30, 0x00, 0x00, 0x00, 0x00, 0x00, 0x00, 0x00, 0x00, 0x00, 0x00, 0x0c, 0x38, 0x00, 0x00, 0x00, 0x00, 0x00, 0x00, 0x00, 0x00, 0x00, 0x00,
    0x0c, 0x3c, 0x00, 0x00, 0x00, 0x00, 0x00, 0x00, 0x00, 0x00, 0x00, 0x00, 0x0c, 0x3e, 0x00, 0x00, 0x00, 0x00, 0x00, 0x00, 0x00, 0x00, 0x00, 0x00,
    0x0e, 0x7f, 0xc0, 0x00, 0x00, 0x00, 0x00, 0x00, 0x00, 0x00, 0x00, 0x00, 0x07, 0xff, 0xe0, 0x00, 0x00, 0x00, 0x00, 0x00, 0x00, 0x00, 0x00, 0x00,
    0x03, 0xff, 0xf8, 0x00, 0x00, 0x00, 0x00, 0x00, 0x00, 0x00, 0x00, 0x00, 0x00, 0x3f, 0xff, 0xf8, 0x00, 0x00, 0x00, 0x00, 0x1f, 0x00, 0x00, 0x00,
    0x00, 0x1f, 0xff, 0xf8, 0x00, 0x00, 0x00, 0x00, 0x3f, 0x80, 0x00, 0x00, 0x00, 0x07, 0xff, 0xfe, 0x00, 0x00, 0x00, 0x00, 0xe0, 0xe0, 0x00, 0x00,
    0x00, 0x07, 0xff, 0xff, 0x00, 0x00, 0x00, 0x01, 0xe0, 0xf0, 0x00, 0x00, 0x00, 0x01, 0xff, 0xff, 0x80, 0x00, 0x00, 0x03, 0xbf, 0xb8, 0x00, 0x00,
    0x00, 0x00, 0xff, 0xff, 0xc0, 0x00, 0x00, 0x03, 0x3f, 0x98, 0x00, 0x00, 0x00, 0x00, 0x77, 0xff, 0xe0, 0x00, 0x00, 0x07, 0x7f, 0xc8, 0x00, 0x00,
    0x00, 0x00, 0x67, 0xff, 0xf8, 0x00, 0x00, 0x06, 0xff, 0xcc, 0x00, 0x00, 0x00, 0x00, 0x6f, 0xff, 0xfc, 0x00, 0x00, 0x06, 0xff, 0xfc, 0x00, 0x00,
    0x00, 0x00, 0x6f, 0x1f, 0xff, 0x80, 0x00, 0x06, 0xf1, 0xf6, 0x00, 0x00, 0x00, 0x00, 0x6f, 0x0f, 0xff, 0xc0, 0x00, 0x06, 0xe1, 0xf6, 0x00, 0x00,
    0x00, 0x00, 0x6f, 0x0f, 0x7f, 0xf1, 0xc0, 0xfe, 0xe1, 0xf6, 0x00, 0x00, 0x00, 0x00, 0x6f, 0x1f, 0x7f, 0xfb, 0xe1, 0xfc, 0xf1, 0xf6, 0x00, 0x00,
    0x00, 0x00, 0x6f, 0xff, 0xe7, 0xff, 0xff, 0xfc, 0xff, 0xfc, 0x00, 0x00, 0x00, 0x00, 0x67, 0xfe, 0xc3, 0xff, 0xff, 0xfe, 0xff, 0xcc, 0x00, 0x00,
    0x00, 0x00, 0x37, 0xfc, 0xc0, 0xfc, 0x3f, 0xff, 0x7f, 0xc8, 0x00, 0x00, 0x00, 0x00, 0x3b, 0xf9, 0x80, 0x1c, 0x1f, 0xc3, 0x3f, 0x98, 0x00, 0x00,
    0x00, 0x00, 0x19, 0xf9, 0x80, 0x0c, 0x3f, 0x03, 0xbf, 0xb8, 0x00, 0x00, 0x00, 0x00, 0x0e, 0x07, 0x00, 0x0e, 0x38, 0x01, 0xe0, 0xf0, 0x00, 0x00,
    0x00, 0x00, 0x0e, 0x0e, 0x00, 0x0f, 0x70, 0x00, 0xe0, 0xe0, 0x00, 0x00, 0x00, 0x00, 0x03, 0xf8, 0x00, 0x07, 0xe0, 0x00, 0x3f, 0x80, 0x00, 0x00,
    0x00, 0x00, 0x01, 0xf8, 0x00, 0x03, 0xc0, 0x00, 0x1f, 0x00, 0x00, 0x00, 0x00, 0x00, 0x00, 0x00, 0x00, 0x00, 0x00, 0x00, 0x00, 0x00, 0x00, 0x00,
    0x00, 0x00, 0x00, 0x00, 0x00, 0x00, 0x00, 0x00, 0x00, 0x00, 0x00, 0x00, 0x00, 0x00, 0x00, 0x00, 0x00, 0x00, 0x00, 0x00, 0x00, 0x00, 0x00, 0x00,
    0x00, 0x00, 0x00, 0x00, 0x00, 0x00, 0x00, 0x00, 0x00, 0x00, 0x00, 0x00, 0x00, 0x00, 0x00, 0x00, 0x00, 0x00, 0x00, 0x00, 0x00, 0x00, 0x00, 0x00,
    0x00, 0x00, 0x00, 0x00, 0x00, 0x00, 0x00, 0x00, 0x00, 0x00, 0x00, 0x00, 0x00, 0x00, 0x00, 0x00, 0x00, 0x00, 0x00, 0x00, 0x00, 0x00, 0x00, 0x00,
    0x00, 0x00, 0x00, 0x00, 0x00, 0x00, 0x00, 0x00, 0x00, 0x00, 0x00, 0x00, 0x00, 0x00, 0x00, 0x00, 0x00, 0x00, 0x00, 0x00, 0x00, 0x00, 0x00, 0x00,
    0x00, 0x00, 0x00, 0x00, 0x00, 0x00, 0x00, 0x00, 0x00, 0x00, 0x00, 0x00, 0x00, 0x00, 0x00, 0x00, 0x00, 0x00, 0x00, 0x00, 0x00, 0x00, 0x00, 0x00,
    0x00, 0x00, 0x00, 0x00, 0x00, 0x00, 0x00, 0x00, 0x00, 0x00, 0x00, 0x00, 0x00, 0x00, 0x00, 0x00, 0x00, 0x00, 0x00, 0x00, 0x00, 0x00, 0x00, 0x00,
    0x00, 0x00, 0x00, 0x00, 0x00, 0x00, 0x00, 0x00, 0x00, 0x00, 0x00, 0x00, 0x00, 0x00, 0x00, 0x00, 0x00, 0x00, 0x00, 0x00, 0x00, 0x00, 0x00, 0x00,
    0x00, 0x00, 0x00, 0x00, 0x00, 0x00, 0x00, 0x00, 0x00, 0x00, 0x00, 0x00, 0x00, 0x00, 0x00, 0x00, 0x00, 0x00, 0x00, 0x00, 0x00, 0x00, 0x00, 0x00,
    0x00, 0x00, 0x00, 0x00, 0x00, 0x00, 0x00, 0x00, 0x00, 0x00, 0x00, 0x00, 0x00, 0x00, 0x00, 0x00, 0x00, 0x00, 0x00, 0x00, 0x00, 0x00, 0x00, 0x00,
    0x00, 0x00, 0x00, 0x00, 0x00, 0x00, 0x00, 0x00, 0x00, 0x00, 0x00, 0x00, 0x00, 0x00, 0x00, 0x00, 0x00, 0x00, 0x00, 0x00, 0x00, 0x00, 0x00, 0x00,
  }},
  {{
    0x00, 0x00, 0x00, 0x00, 0x00, 0x00, 0x00, 0x00, 0x00, 0x00, 0x00, 0x00, 0x00, 0x00, 0x00, 0x00, 0x00, 0x00, 0x00, 0x00, 0x00, 0x00, 0x00, 0x00,
    0x00, 0x00, 0x00, 0x00, 0x00, 0x00, 0x00, 0x00, 0x00, 0x00, 0x00, 0x00, 0x00, 0x03, 0x00, 0x00, 0x00, 0x00, 0x00, 0x00, 0x00, 0x00, 0x00, 0x00,
    0x00, 0x07, 0x80, 0x00, 0x00, 0x00, 0x00, 0x00, 0x00, 0x00, 0x00, 0x00, 0x00, 0x0f, 0xc0, 0x00, 0x00, 0x00, 0x00, 0x00, 0x00, 0x00, 0x00, 0x00,
    0x00, 0x1f, 0xe0, 0x00, 0x00, 0x00, 0x00, 0x00, 0x00, 0x00, 0x00, 0x00, 0x00, 0x18, 0x60, 0x00, 0x00, 0x00, 0x00, 0x00, 0x00, 0x00, 0x00, 0x00,
    0x00, 0x38, 0x60, 0x00, 0x00, 0x00, 0x00, 0x00, 0x00, 0x00, 0x00, 0x00, 0x00, 0x38, 0x60, 0x00, 0x00, 0x00, 0x00, 0x00, 0x00, 0x00, 0x00, 0x00,
    0x00, 0x18, 0x70, 0x00, 0x00, 0x00, 0x00, 0x00, 0x00, 0x00, 0x00, 0x00, 0x00, 0x1c, 0xf8, 0x00, 0x00, 0x00, 0x00, 0x00, 0x00, 0x00, 0x00, 0x00,
    0x00, 0x0f, 0xfc, 0x00, 0x00, 0x00, 0x00, 0x00, 0x00, 0x00, 0x00, 0x00, 0x00, 0x07, 0xfe, 0x00, 0x00, 0x00, 0x00, 0x00, 0x00, 0x00, 0x00, 0x00,
    0x00, 0x01, 0xff, 0x00, 0x00, 0x00, 0x00, 0x00, 0x00, 0x00, 0x00, 0x00, 0x00, 0x00, 0xff, 0x80, 0x00, 0x00, 0x00, 0x00, 0x00, 0x00, 0x00, 0x00,
    0x00, 0x00, 0xff, 0xc0, 0x00, 0x00, 0x00, 0x00, 0x00, 0x00, 0x00, 0x00, 0x00, 0x00, 0xff, 0xe0, 0x00, 0x00, 0x00, 0x00, 0x00, 0x00, 0x00, 0x00,
    0x00, 0x00, 0x7f, 0xf8, 0x00, 0x00, 0x00, 0x00, 0x00, 0x00, 0x00, 0x00, 0x00, 0x00, 0x7f, 0xfc, 0x00, 0x00, 0x00, 0x00, 0x00, 0x00, 0x00, 0x00,
    0x00, 0x00, 0x3f, 0xfe, 0x00, 0x00, 0x00, 0x00, 0x00, 0x00, 0x00, 0x00, 0x00, 0x00, 0x3f, 0xff, 0x00, 0x00, 0x00, 0x00, 0x1f, 0x00, 0x00, 0x00,
    0x00, 0x00, 0x1f, 0xff, 0x00, 0x00, 0x00, 0x00, 0x3f, 0x80, 0x00, 0x00, 0x00, 0x00, 0x1f, 0x1f, 0xc0, 0x00, 0x00, 0x00, 0xe0, 0xe0, 0x00, 0x00,
    0x00, 0x00, 0x1e, 0x1f, 0xc0, 0x00, 0x00, 0x01, 0xe0, 0xf0, 0x00, 0x00, 0x00, 0x00, 0x19, 0xff, 0xf0, 0x00, 0x00, 0x01, 0x9f, 0x30, 0x00, 0x00,
    0x00, 0x00, 0x3b, 0xff, 0xf8, 0x00, 0x00, 0x03, 0x3f, 0x98, 0x00, 0x00, 0x00, 0x00, 0x37, 0xff, 0xfc, 0x00, 0x00, 0x07, 0x7f, 0xc8, 0x00, 0x00,
    0x00, 0x00, 0x67, 0xff, 0xfe, 0x00, 0x00, 0x06, 0xff, 0xc8, 0x00, 0x00, 0x00, 0x00, 0x6f, 0xff, 0xff, 0x00, 0x00, 0x06, 0xff, 0xfc, 0x00, 0x00,
    0x00, 0x00, 0x6f, 0x1f, 0x7f, 0x80, 0x00, 0x06, 0xf1, 0xf4, 0x00, 0x00, 0x00, 0x00, 0x6e, 0x0f, 0x7f, 0xc0, 0x00, 0x06, 0xe1, 0xf4, 0x00, 0x00,
    0x00, 0x00, 0x6e, 0x0f, 0x6f, 0xe0, 0x00, 0x06, 0xe1, 0xf4, 0x00, 0x00, 0x00, 0x00, 0x6f, 0x1f, 0x67, 0xf0, 0x00, 0x06, 0xf1, 0xf4, 0x00, 0x00,
    0x00, 0x00, 0x6f, 0xbf, 0xe3, 0xf8, 0x00, 0x3c, 0xfb, 0xfc, 0x00, 0x00, 0x00, 0x00, 0x67, 0xfe, 0xc1, 0xfc, 0x00, 0x7e, 0xff, 0xc8, 0x00, 0x00,
    0x00, 0x00, 0x3f, 0xfc, 0xc0, 0xfe, 0x01, 0xff, 0xff, 0xc8, 0x00, 0x00, 0x00, 0x00, 0x3b, 0xf9, 0x80, 0x7f, 0xff, 0xff, 0x3f, 0x98, 0x00, 0x00,
    0x00, 0x00, 0x19, 0xfb, 0x80, 0x3f, 0xff, 0xff, 0x3f, 0x38, 0x00, 0x00, 0x00, 0x00, 0x0e, 0x07, 0x00, 0x1f, 0x3f, 0xf0, 0xe0, 0xf0, 0x00, 0x00,
    0x00, 0x00, 0x0e, 0x0e, 0x00, 0x0f, 0x1f, 0xe0, 0xe0, 0xe0, 0x00, 0x00, 0x00, 0x00, 0x03, 0xfc, 0x00, 0x06, 0x1f, 0x00, 0x3f, 0x80, 0x00, 0x00,
    0x00, 0x00, 0x01, 0xf8, 0x00, 0x06, 0x1c, 0x00, 0x1f, 0x00, 0x00, 0x00, 0x00, 0x00, 0x00, 0x00, 0x00, 0x07, 0x1c, 0x00, 0x00, 0x00, 0x00, 0x00,
    0x00, 0x00, 0x00, 0x00, 0x00, 0x07, 0xf8, 0x00, 0x00, 0x00, 0x00, 0x00, 0x00, 0x00, 0x00, 0x00, 0x00, 0x03, 0xf0, 0x00, 0x00, 0x00, 0x00, 0x00,
    0x00, 0x00, 0x00, 0x00, 0x00, 0x01, 0xe0, 0x00, 0x00, 0x00, 0x00, 0x00, 0x00, 0x00, 0x00, 0x00, 0x00, 0x00, 0x00, 0x00, 0x00, 0x00, 0x00, 0x00,
    0x00, 0x00, 0x00, 0x00, 0x00, 0x00, 0x00, 0x00, 0x00, 0x00, 0x00, 0x00, 0x00, 0x00, 0x00, 0x00, 0x00, 0x00, 0x00, 0x00, 0x00, 0x00, 0x00, 0x00,
    0x00, 0x00, 0x00, 0x00, 0x00, 0x00, 0x00, 0x00, 0x00, 0x00, 0x00, 0x00, 0x00, 0x00, 0x00, 0x00, 0x00, 0x00, 0x00, 0x00, 0x00, 0x00, 0x00, 0x00,
    0x00, 0x00, 0x00, 0x00, 0x00, 0x00, 0x00, 0x00, 0x00, 0x00, 0x00, 0x00, 0x00, 0x00, 0x00, 0x00, 0x00, 0x00, 0x00, 0x00, 0x00, 0x00, 0x00, 0x00,
    0x00, 0x00, 0x00, 0x00, 0x00, 0x00, 0x00, 0x00, 0x00, 0x00, 0x00, 0x00, 0x00, 0x00, 0x00, 0x00, 0x00, 0x00, 0x00, 0x00, 0x00, 0x00, 0x00, 0x00,
    0x00, 0x00, 0x00, 0x00, 0x00, 0x00, 0x00, 0x00, 0x00, 0x00, 0x00, 0x00, 0x00, 0x00, 0x00, 0x00, 0x00, 0x00, 0x00, 0x00, 0x00, 0x00, 0x00, 0x00,
    0x00, 0x00, 0x00, 0x00, 0x00, 0x00, 0x00, 0x00, 0x00, 0x00, 0x00, 0x00, 0x00, 0x00, 0x00, 0x00, 0x00, 0x00, 0x00, 0x00, 0x00, 0x00, 0x00, 0x00,
    0x00, 0x00, 0x00, 0x00, 0x00, 0x00, 0x00, 0x00, 0x00, 0x00, 0x00, 0x00, 0x00, 0x00, 0x00, 0x00, 0x00, 0x00, 0x00, 0x00, 0x00, 0x00, 0x00, 0x00,
    0x00, 0x00, 0x00, 0x00, 0x00, 0x00, 0x00, 0x00, 0x00, 0x00, 0x00, 0x00, 0x00, 0x00, 0x00, 0x00, 0x00, 0x00, 0x00, 0x00, 0x00, 0x00, 0x00, 0x00,
  }},
  {{
    0x00, 0x00, 0x03, 0xc0, 0x00, 0x00, 0x00, 0x00, 0x00, 0x00, 0x00, 0x00, 0x00, 0x00, 0x07, 0xc0, 0x00, 0x00, 0x00, 0x00, 0x00, 0x00, 0x00, 0x00,
    0x00, 0x00, 0x0f, 0xe0, 0x00, 0x00, 0x00, 0x00, 0x00, 0x00, 0x00, 0x00, 0x00, 0x00, 0x1e, 0x70, 0x00, 0x00, 0x00, 0x00, 0x00, 0x00, 0x00, 0x00,
    0x00, 0x00, 0x1c, 0x30, 0x00, 0x00, 0x00, 0x00, 0x00, 0x00, 0x00, 0x00, 0x00, 0x00, 0x1c, 0x30, 0x00, 0x00, 0x00, 0x00, 0x00, 0x00, 0x00, 0x00,
    0x00, 0x00, 0x1c, 0x30, 0x00, 0x00, 0x00, 0x00, 0x00, 0x00, 0x00, 0x00, 0x00, 0x00, 0x1e, 0x70, 0x00, 0x00, 0x00, 0x00, 0x00, 0x00, 0x00, 0x00,
    0x00, 0x00, 0x0f, 0xf0, 0x00, 0x00, 0x00, 0x00, 0x00, 0x00, 0x00, 0x00, 0x00, 0x00, 0x07, 0xf8, 0x00, 0x00, 0x00, 0x00, 0x00, 0x00, 0x00, 0x00,
    0x00, 0x00, 0x07, 0xfc, 0x00, 0x00, 0x00, 0x00, 0x00, 0x00, 0x00, 0x00, 0x00, 0x00, 0x03, 0xfe, 0x00, 0x00, 0x00, 0x00, 0x00, 0x00, 0x00, 0x00,
    0x00, 0x00, 0x03, 0xfe, 0x00, 0x00, 0x00, 0x00, 0x00, 0x00, 0x00, 0x00, 0x00, 0x00, 0x03, 0xff, 0x00, 0x00, 0x00, 0x00, 0x00, 0x00, 0x00, 0x00,
    0x00, 0x00, 0x03, 0xff, 0x80, 0x00, 0x00, 0x00, 0x00, 0x00, 0x00, 0x00, 0x00, 0x00, 0x03, 0xcf, 0x80, 0x00, 0x00, 0x00, 0x00, 0x00, 0x00, 0x00,
    0x00, 0x00, 0x03, 0xcf, 0xc0, 0x00, 0x00, 0x00, 0x00, 0x00, 0x00, 0x00, 0x00, 0x00, 0x03, 0xe7, 0xc0, 0x00, 0x00, 0x00, 0x00, 0x00, 0x00, 0x00,
    0x00, 0x00, 0x03, 0xe7, 0xe0, 0x00, 0x00, 0x00, 0x00, 0x00, 0x00, 0x00, 0x00, 0x00, 0x01, 0xe3, 0xf0, 0x00, 0x00, 0x00, 0x00, 0x00, 0x00, 0x00,
    0x00, 0x00, 0x01, 0xe1, 0xf0, 0x00, 0x00, 0x00, 0x00, 0x00, 0x00, 0x00, 0x00, 0x00, 0x03, 0xf8, 0xf8, 0x00, 0x00, 0x00, 0x1f, 0x00, 0x00, 0x00,
    0x00, 0x00, 0x03, 0xf8, 0xfc, 0x00, 0x00, 0x00, 0x3f, 0x80, 0x00, 0x00, 0x00, 0x00, 0x06, 0x0e, 0x7e, 0x00, 0x00, 0x00, 0xe0, 0xe0, 0x00, 0x00,
    0x00, 0x00, 0x0e, 0x07, 0x3e, 0x00, 0x00, 0x00, 0xe0, 0xf0, 0x00, 0x00, 0x00, 0x00, 0x19, 0xf9, 0x9f, 0x00, 0x00, 0x01, 0x3f, 0xb8, 0x00, 0x00,
    0x00, 0x00, 0x3b, 0xf9, 0x9f, 0x80, 0x00, 0x03, 0x3f, 0x98, 0x00, 0x00, 0x00, 0x00, 0x3f, 0xfc, 0xdf, 0x80, 0x00, 0x07, 0xff, 0xc8, 0x00, 0x00,
    0x00, 0x00, 0x67, 0xfe, 0xcf, 0xc0, 0x00, 0x06, 0xff, 0xc8, 0x00, 0x00, 0x00, 0x00, 0x6f, 0xbf, 0xe7, 0xc0, 0x00, 0x06, 0xff, 0xfc, 0x00, 0x00,
    0x00, 0x00, 0x6f, 0x1f, 0x67, 0xe0, 0x00, 0x06, 0xf1, 0xf4, 0x00, 0x00, 0x00, 0x00, 0x6e, 0x0f, 0x63, 0xf0, 0x00, 0x06, 0xe1, 0xf6, 0x00, 0x00,
    0x00, 0x00, 0x6e, 0x0f, 0x61, 0xf8, 0x00, 0x06, 0xe1, 0xf6, 0x00, 0x00, 0x00, 0x00, 0x6f, 0x1f, 0x60, 0xf8, 0x00, 0x06, 0xf1, 0xf4, 0x00, 0x00,
    0x00, 0x00, 0x6f, 0xbf, 0xe0, 0x7c, 0x00, 0x06, 0xff, 0xfc, 0x00, 0x00, 0x00, 0x00, 0x67, 0xfe, 0xc0, 0x7e, 0x00, 0x06, 0xff, 0xc8, 0x00, 0x00,
    0x00, 0x00, 0x3f, 0xfc, 0xc0, 0x3e, 0x00, 0x0f, 0xff, 0xc8, 0x00, 0x00, 0x00, 0x00, 0x3b, 0xf9, 0x80, 0x3f, 0x00, 0x1f, 0x3f, 0x98, 0x00, 0x00,
    0x00, 0x00, 0x19, 0xf9, 0x80, 0x1f, 0x00, 0x3f, 0x3f, 0xb8, 0x00, 0x00, 0x00, 0x00, 0x0e, 0x07, 0x00, 0x1f, 0x80, 0xff, 0xe0, 0xf0, 0x00, 0x00,
    0x00, 0x00, 0x06, 0x0e, 0x00, 0x0f, 0xc1, 0xff, 0xe0, 0xe0, 0x00, 0x00, 0x00, 0x00, 0x03, 0xf8, 0x00, 0x07, 0xfb, 0xf8, 0x3f, 0x80, 0x00, 0x00,
    0x00, 0x00, 0x01, 0xf8, 0x00, 0x03, 0xff, 0xf8, 0x1f, 0x00, 0x00, 0x00, 0x00, 0x00, 0x00, 0x00, 0x00, 0x03, 0xff, 0xe0, 0x00, 0x00, 0x00, 0x00,
    0x00, 0x00, 0x00, 0x00, 0x00, 0x01, 0xcf, 0x80, 0x00, 0x00, 0x00, 0x00, 0x00, 0x00, 0x00, 0x00, 0x00, 0x01, 0x87, 0x80, 0x00, 0x00, 0x00, 0x00,
    0x00, 0x00, 0x00, 0x00, 0x00, 0x01, 0x83, 0x00, 0x00, 0x00, 0x00, 0x00, 0x00, 0x00, 0x00, 0x00, 0x00, 0x01, 0x82, 0x00, 0x00, 0x00, 0x00, 0x00,
    0x00, 0x00, 0x00, 0x00, 0x00, 0x01, 0xc6, 0x00, 0x00, 0x00, 0x00, 0x00, 0x00, 0x00, 0x00, 0x00, 0x00, 0x00, 0xee, 0x00, 0x00, 0x00, 0x00, 0x00,
    0x00, 0x00, 0x00, 0x00, 0x00, 0x00, 0xfc, 0x00, 0x00, 0x00, 0x00, 0x00, 0x00, 0x00, 0x00, 0x00, 0x00, 0x00, 0x78, 0x00, 0x00, 0x00, 0x00, 0x00,
    0x00, 0x00, 0x00, 0x00, 0x00, 0x00, 0x00, 0x00, 0x00, 0x00, 0x00, 0x00, 0x00, 0x00, 0x00, 0x00, 0x00, 0x00, 0x00, 0x00, 0x00, 0x00, 0x00, 0x00,
    0x00, 0x00, 0x00, 0x00, 0x00, 0x00, 0x00, 0x00, 0x00, 0x00, 0x00, 0x00, 0x00, 0x00, 0x00, 0x00, 0x00, 0x00, 0x00, 0x00, 0x00, 0x00, 0x00, 0x00,
    0x00, 0x00, 0x00, 0x00, 0x00, 0x00, 0x00, 0x00, 0x00, 0x00, 0x00, 0x00, 0x00, 0x00, 0x00, 0x00, 0x00, 0x00, 0x00, 0x00, 0x00, 0x00, 0x00, 0x00,
    0x00, 0x00, 0x00, 0x00, 0x00, 0x00, 0x00, 0x00, 0x00, 0x00, 0x00, 0x00, 0x00, 0x00, 0x00, 0x00, 0x00, 0x00, 0x00, 0x00, 0x00, 0x00, 0x00, 0x00,
    0x00, 0x00, 0x00, 0x00, 0x00, 0x00, 0x00, 0x00, 0x00, 0x00, 0x00, 0x00, 0x00, 0x00, 0x00, 0x00, 0x00, 0x00, 0x00, 0x00, 0x00, 0x00, 0x00, 0x00,
    0x00, 0x00, 0x00, 0x00, 0x00, 0x00, 0x00, 0x00, 0x00, 0x00, 0x00, 0x00, 0x00, 0x00, 0x00, 0x00, 0x00, 0x00, 0x00, 0x00, 0x00, 0x00, 0x00, 0x00,
  }},
  {{
    0x00, 0x00, 0x00, 0x00, 0x80, 0x00, 0x00, 0x00, 0x00, 0x00, 0x00, 0x00, 0x00, 0x00, 0x00, 0x00, 0xc0, 0x00, 0x00, 0x00, 0x00, 0x00, 0x00, 0x00,
    0x00, 0x00, 0x00, 0x03, 0xe0, 0x00, 0x00, 0x00, 0x00, 0x00, 0x00, 0x00, 0x00, 0x00, 0x00, 0x07, 0xf0, 0x00, 0x00, 0x00, 0x00, 0x00, 0x00, 0x00,
    0x00, 0x00, 0x00, 0x06, 0x30, 0x00, 0x00, 0x00, 0x00, 0x00, 0x00, 0x00, 0x00, 0x00, 0x00, 0x0e, 0x18, 0x00, 0x00, 0x00, 0x00, 0x00, 0x00, 0x00,
    0x00, 0x00, 0x00, 0x0e, 0x18, 0x00, 0x00, 0x00, 0x00, 0x00, 0x00, 0x00, 0x00, 0x00, 0x00, 0x0e, 0x18, 0x00, 0x00, 0x00, 0x00, 0x00, 0x00, 0x00,
    0x00, 0x00, 0x00, 0x06, 0x30, 0x00, 0x00, 0x00, 0x00, 0x00, 0x00, 0x00, 0x00, 0x00, 0x00, 0x07, 0xf0, 0x00, 0x00, 0x00, 0x00, 0x00, 0x00, 0x00,
    0x00, 0x00, 0x00, 0x07, 0xf8, 0x00, 0x00, 0x00, 0x00, 0x00, 0x00, 0x00, 0x00, 0x00, 0x00, 0x07, 0xfc, 0x00, 0x00, 0x00, 0x00, 0x00, 0x00, 0x00,
    0x00, 0x00, 0x00, 0x07, 0xfc, 0x00, 0x00, 0x00, 0x00, 0x00, 0x00, 0x00, 0x00, 0x00, 0x00, 0x07, 0xfc, 0x00, 0x00, 0x00, 0x00, 0x00, 0x00, 0x00,
    0x00, 0x00, 0x00, 0x0f, 0xfe, 0x00, 0x00, 0x00, 0x00, 0x00, 0x00, 0x00, 0x00, 0x00, 0x00, 0x0f, 0x1e, 0x00, 0x00, 0x00, 0x00, 0x00, 0x00, 0x00,
    0x00, 0x00, 0x00, 0x0f, 0x1f, 0x00, 0x00, 0x00, 0x00, 0x00, 0x00, 0x00, 0x00, 0x00, 0x00, 0x0f, 0x1f, 0x80, 0x00, 0x00, 0x00, 0x00, 0x00, 0x00,
    0x00, 0x00, 0x00, 0x1f, 0x0f, 0x80, 0x00, 0x00, 0x00, 0x00, 0x00, 0x00, 0x00, 0x00, 0x00, 0x1f, 0x0f, 0x80, 0x00, 0x00, 0x00, 0x00, 0x00, 0x00,
    0x00, 0x00, 0x00, 0x3e, 0x07, 0xc0, 0x00, 0x00, 0x00, 0x00, 0x00, 0x00, 0x00, 0x00, 0x01, 0xfe, 0x07, 0xc0, 0x00, 0x00, 0x1f, 0x00, 0x00, 0x00,
    0x00, 0x00, 0x03, 0xfe, 0x03, 0xe0, 0x00, 0x00, 0x3f, 0x80, 0x00, 0x00, 0x00, 0x00, 0x0e, 0x0e, 0x03, 0xe0, 0x00, 0x00, 0xe0, 0xe0, 0x00, 0x00,
    0x00, 0x00, 0x0e, 0x07, 0x01, 0xf0, 0x00, 0x01, 0xe0, 0xf0, 0x00, 0x00, 0x00, 0x00, 0x19, 0xf9, 0x81, 0xf8, 0x00, 0x01, 0x3f, 0x38, 0x00, 0x00,
    0x00, 0x00, 0x3b, 0xf9, 0x80, 0xf8, 0x00, 0x03, 0x3f, 0x98, 0x00, 0x00, 0x00, 0x00, 0x3f, 0xfc, 0xc0, 0x78, 0x00, 0x07, 0xff, 0xc8, 0x00, 0x00,
    0x00, 0x00, 0x67, 0xfe, 0xc0, 0x7c, 0x00, 0x06, 0xff, 0xc8, 0x00, 0x00, 0x00, 0x00, 0x6f, 0xbf, 0xe0, 0x7e, 0x00, 0x06, 0xfb, 0xfc, 0x00, 0x00,
    0x00, 0x00, 0x6f, 0x1f, 0x60, 0x3e, 0x00, 0x06, 0xf1, 0xf4, 0x00, 0x00, 0x00, 0x00, 0x6e, 0x0f, 0x60, 0x3f, 0x00, 0x06, 0xe1, 0xf4, 0x00, 0x00,
    0x00, 0x00, 0x6e, 0x0f, 0x60, 0x1f, 0x00, 0x06, 0xe1, 0xf4, 0x00, 0x00, 0x00, 0x00, 0x6f, 0x1f, 0x60, 0x1f, 0x00, 0x06, 0xf1, 0xf4, 0x00, 0x00,
    0x00, 0x00, 0x6f, 0xff, 0xe0, 0x0f, 0x80, 0x06, 0xff, 0xfc, 0x00, 0x00, 0x00, 0x00, 0x67, 0xfe, 0xc0, 0x0f, 0x80, 0x06, 0xff, 0xc8, 0x00, 0x00,
    0x00, 0x00, 0x37, 0xfc, 0xc0, 0x07, 0xc0, 0x07, 0x7f, 0xc8, 0x00, 0x00, 0x00, 0x00, 0x3b, 0xf9, 0x80, 0x07, 0xe0, 0x03, 0x3f, 0x98, 0x00, 0x00,
    0x00, 0x00, 0x19, 0xfb, 0x80, 0x03, 0xe0, 0x03, 0xbf, 0x30, 0x00, 0x00, 0x00, 0x00, 0x0e, 0x0f, 0x00, 0x03, 0xe0, 0x07, 0xe0, 0xf0, 0x00, 0x00,
    0x00, 0x00, 0x0f, 0x0e, 0x00, 0x01, 0xf0, 0x07, 0xe0, 0xe0, 0x00, 0x00, 0x00, 0x00, 0x03, 0xf8, 0x00, 0x00, 0xf0, 0x0f, 0xff, 0x80, 0x00, 0x00,
    0x00, 0x00, 0x01, 0xf0, 0x00, 0x00, 0xf8, 0x1f, 0x9f, 0x00, 0x00, 0x00, 0x00, 0x00, 0x00, 0x00, 0x00, 0x00, 0xfc, 0x3f, 0x00, 0x00, 0x00, 0x00,
    0x00, 0x00, 0x00, 0x00, 0x00, 0x00, 0x7c, 0x3e, 0x00, 0x00, 0x00, 0x00, 0x00, 0x00, 0x00, 0x00, 0x00, 0x00, 0x7c, 0x7e, 0x00, 0x00, 0x00, 0x00,
    0x00, 0x00, 0x00, 0x00, 0x00, 0x00, 0x3f, 0xfc, 0x00, 0x00, 0x00, 0x00, 0x00, 0x00, 0x00, 0x00, 0x00, 0x00, 0x3f, 0xf8, 0x00, 0x00, 0x00, 0x00,
    0x00, 0x00, 0x00, 0x00, 0x00, 0x00, 0x1f, 0xf8, 0x00, 0x00, 0x00, 0x00, 0x00, 0x00, 0x00, 0x00, 0x00, 0x00, 0x1f, 0xf0, 0x00, 0x00, 0x00, 0x00,
    0x00, 0x00, 0x00, 0x00, 0x00, 0x00, 0x1c, 0x70, 0x00, 0x00, 0x00, 0x00, 0x00, 0x00, 0x00, 0x00, 0x00, 0x00, 0x18, 0x70, 0x00, 0x00, 0x00, 0x00,
    0x00, 0x00, 0x00, 0x00, 0x00, 0x00, 0x18, 0x70, 0x00, 0x00, 0x00, 0x00, 0x00, 0x00, 0x00, 0x00, 0x00, 0x00, 0x18, 0x70, 0x00, 0x00, 0x00, 0x00,
    0x00, 0x00, 0x00, 0x00, 0x00, 0x00, 0x1c, 0xe0, 0x00, 0x00, 0x00, 0x00, 0x00, 0x00, 0x00, 0x00, 0x00, 0x00, 0x0f, 0xe0, 0x00, 0x00, 0x00, 0x00,
    0x00, 0x00, 0x00, 0x00, 0x00, 0x00, 0x07, 0xc0, 0x00, 0x00, 0x00, 0x00, 0x00, 0x00, 0x00, 0x00, 0x00, 0x00, 0x01, 0x00, 0x00, 0x00, 0x00, 0x00,
    0x00, 0x00, 0x00, 0x00, 0x00, 0x00, 0x00, 0x00, 0x00, 0x00, 0x00, 0x00, 0x00, 0x00, 0x00, 0x00, 0x00, 0x00, 0x00, 0x00, 0x00, 0x00, 0x00, 0x00,
    0x00, 0x00, 0x00, 0x00, 0x00, 0x00, 0x00, 0x00, 0x00, 0x00, 0x00, 0x00, 0x00, 0x00, 0x00, 0x00, 0x00, 0x00, 0x00, 0x00, 0x00, 0x00, 0x00, 0x00,
    0x00, 0x00, 0x00, 0x00, 0x00, 0x00, 0x00, 0x00, 0x00, 0x00, 0x00, 0x00, 0x00, 0x00, 0x00, 0x00, 0x00, 0x00, 0x00, 0x00, 0x00, 0x00, 0x00, 0x00,
  }},
  {{
    0x00, 0x00, 0x00, 0x00, 0x00, 0x00, 0x00, 0x00, 0x00, 0x00, 0x00, 0x00, 0x00, 0x00, 0x00, 0x00, 0x00, 0x00, 0x00, 0x00, 0x00, 0x00, 0x00, 0x00,
    0x00, 0x00, 0x00, 0x00, 0x00, 0x00, 0x00, 0x00, 0x00, 0x00, 0x00, 0x00, 0x00, 0x00, 0x00, 0x00, 0x00, 0x00, 0x00, 0x00, 0x00, 0x00, 0x00, 0x00,
    0x00, 0x00, 0x00, 0x00, 0x00, 0x00, 0x00, 0x00, 0x00, 0x00, 0x00, 0x00, 0x00, 0x00, 0x00, 0x00, 0x00, 0x00, 0x00, 0x00, 0x00, 0x00, 0x00, 0x00,
    0x00, 0x00, 0x00, 0x00, 0x00, 0x00, 0x00, 0x00, 0x00, 0x00, 0x00, 0x00, 0x00, 0x00, 0x00, 0x00, 0x03, 0xe0, 0x00, 0x00, 0x00, 0x00, 0x00, 0x00,
    0x00, 0x00, 0x00, 0x00, 0x03, 0xf0, 0x00, 0x00, 0x00, 0x00, 0x00, 0x00, 0x00, 0x00, 0x00, 0x00, 0x07, 0x70, 0x00, 0x00, 0x00, 0x00, 0x00, 0x00,
    0x00, 0x00, 0x00, 0x00, 0x0e, 0x38, 0x00, 0x00, 0x00, 0x00, 0x00, 0x00, 0x00, 0x00, 0x00, 0x00, 0x0c, 0x38, 0x00, 0x00, 0x00, 0x00, 0x00, 0x00,
    0x00, 0x00, 0x00, 0x00, 0x0c, 0x38, 0x00, 0x00, 0x00, 0x00, 0x00, 0x00, 0x00, 0x00, 0x00, 0x00, 0x0e, 0x38, 0x00, 0x00, 0x00, 0x00, 0x00, 0x00,
    0x00, 0x00, 0x00, 0x00, 0x0f, 0x78, 0x00, 0x00, 0x00, 0x00, 0x00, 0x00, 0x00, 0x00, 0x00, 0x00, 0x1f, 0xf8, 0x00, 0x00, 0x00, 0x00, 0x00, 0x00,
    0x00, 0x00, 0x00, 0x00, 0x3f, 0xf8, 0x00, 0x00, 0x00, 0x00, 0x00, 0x00, 0x00, 0x00, 0x00, 0x00, 0x7f, 0xf8, 0x00, 0x00, 0x00, 0x00, 0x00, 0x00,
    0x00, 0x00, 0x00, 0x00, 0x7e, 0x7c, 0x00, 0x00, 0x00, 0x00, 0x00, 0x00, 0x00, 0x00, 0x00, 0x00, 0xfc, 0x3e, 0x00, 0x00, 0x00, 0x00, 0x00, 0x00,
    0x00, 0x00, 0x00, 0x01, 0xf8, 0x3e, 0x00, 0x00, 0x00, 0x00, 0x00, 0x00, 0x00, 0x00, 0x01, 0xf9, 0xf8, 0x3f, 0x00, 0x00, 0x1f, 0x00, 0x00, 0x00,
    0x00, 0x00, 0x03, 0xff, 0xf0, 0x1f, 0x00, 0x00, 0x3f, 0x80, 0x00, 0x00, 0x00, 0x00, 0x0e, 0x0f, 0xe0, 0x0f, 0x80, 0x00, 0xe0, 0xe0, 0x00, 0x00,
    0x00, 0x00, 0x0e, 0x07, 0xe0, 0x0f, 0x80, 0x01, 0xe0, 0xf0, 0x00, 0x00, 0x00, 0x00, 0x19, 0xf9, 0xc0, 0x07, 0xc0, 0x01, 0x3f, 0x38, 0x00, 0x00,
    0x00, 0x00, 0x3b, 0xf9, 0x80, 0x07, 0xc0, 0x03, 0x3f, 0x98, 0x00, 0x00, 0x00, 0x00, 0x3f, 0xfc, 0xc0, 0x07, 0xe0, 0x07, 0xff, 0xc8, 0x00, 0x00,
    0x00, 0x00, 0x67, 0xfe, 0xc0, 0x03, 0xe0, 0x06, 0xff, 0xc8, 0x00, 0x00, 0x00, 0x00, 0x6f, 0xbf, 0xe0, 0x01, 0xf0, 0x06, 0xfb, 0xfc, 0x00, 0x00,
    0x00, 0x00, 0x6f, 0x1f, 0x60, 0x01, 0xf0, 0x06, 0xf1, 0xf4, 0x00, 0x00, 0x00, 0x00, 0x6e, 0x0f, 0x60, 0x00, 0xf8, 0x06, 0xe1, 0xf4, 0x00, 0x00,
    0x00, 0x00, 0x6e, 0x0f, 0x60, 0x00, 0xfc, 0x06, 0xe1, 0xf4, 0x00, 0x00, 0x00, 0x00, 0x6f, 0x1f, 0x60, 0x00, 0xfc, 0x06, 0xf1, 0xf4, 0x00, 0x00,
    0x00, 0x00, 0x6f, 0xff, 0xe0, 0x00, 0x7c, 0x06, 0xff, 0xfc, 0x00, 0x00, 0x00, 0x00, 0x67, 0xfe, 0xc0, 0x00, 0x3e, 0x06, 0xff, 0xc8, 0x00, 0x00,
    0x00, 0x00, 0x37, 0xfc, 0xc0, 0x00, 0x3e, 0x07, 0x7f, 0xc8, 0x00, 0x00, 0x00, 0x00, 0x3b, 0xf9, 0x80, 0x00, 0x1f, 0x03, 0x3f, 0x98, 0x00, 0x00,
    0x00, 0x00, 0x19, 0xfb, 0x80, 0x00, 0x1f, 0x01, 0x9f, 0x30, 0x00, 0x00, 0x00, 0x00, 0x0e, 0x0f, 0x00, 0x00, 0x0f, 0x81, 0xe0, 0xf0, 0x00, 0x00,
    0x00, 0x00, 0x0f, 0x0e, 0x00, 0x00, 0x0f, 0x80, 0xe0, 0xe0, 0x00, 0x00, 0x00, 0x00, 0x03, 0xf8, 0x00, 0x00, 0x0f, 0xc0, 0x7f, 0x80, 0x00, 0x00,
    0x00, 0x00, 0x01, 0xf0, 0x00, 0x00, 0x07, 0xc0, 0x7f, 0x00, 0x00, 0x00, 0x00, 0x00, 0x00, 0x00, 0x00, 0x00, 0x03, 0xe0, 0xf8, 0x00, 0x00, 0x00,
    0x00, 0x00, 0x00, 0x00, 0x00, 0x00, 0x03, 0xe0, 0xf0, 0x00, 0x00, 0x00, 0x00, 0x00, 0x00, 0x00, 0x00, 0x00, 0x01, 0xf0, 0xf0, 0x00, 0x00, 0x00,
    0x00, 0x00, 0x00, 0x00, 0x00, 0x00, 0x01, 0xf0, 0xf0, 0x00, 0x00, 0x00, 0x00, 0x00, 0x00, 0x00, 0x00, 0x00, 0x01, 0xf8, 0xf0, 0x00, 0x00, 0x00,
    0x00, 0x00, 0x00, 0x00, 0x00, 0x00, 0x00, 0xf9, 0xf0, 0x00, 0x00, 0x00, 0x00, 0x00, 0x00, 0x00, 0x00, 0x00, 0x00, 0x7b, 0xe0, 0x00, 0x00, 0x00,
    0x00, 0x00, 0x00, 0x00, 0x00, 0x00, 0x00, 0x7f, 0xe0, 0x00, 0x00, 0x00, 0x00, 0x00, 0x00, 0x00, 0x00, 0x00, 0x00, 0x3f, 0xe0, 0x00, 0x00, 0x00,
    0x00, 0x00, 0x00, 0x00, 0x00, 0x00, 0x00, 0x3f, 0xe0, 0x00, 0x00, 0x00, 0x00, 0x00, 0x00, 0x00, 0x00, 0x00, 0x00, 0x1f, 0xe0, 0x00, 0x00, 0x00,
    0x00, 0x00, 0x00, 0x00, 0x00, 0x00, 0x00, 0x1f, 0xe0, 0x00, 0x00, 0x00, 0x00, 0x00, 0x00, 0x00, 0x00, 0x00, 0x00, 0x1c, 0x60, 0x00, 0x00, 0x00,
    0x00, 0x00, 0x00, 0x00, 0x00, 0x00, 0x00, 0x18, 0x60, 0x00, 0x00, 0x00, 0x00, 0x00, 0x00, 0x00, 0x00, 0x00, 0x00, 0x18, 0x70, 0x00, 0x00, 0x00,
    0x00, 0x00, 0x00, 0x00, 0x00, 0x00, 0x00, 0x18, 0x60, 0x00, 0x00, 0x00, 0x00, 0x00, 0x00, 0x00, 0x00, 0x00, 0x00, 0x0c, 0x60, 0x00, 0x00, 0x00,
    0x00, 0x00, 0x00, 0x00, 0x00, 0x00, 0x00, 0x0f, 0xe0, 0x00, 0x00, 0x00, 0x00, 0x00, 0x00, 0x00, 0x00, 0x00, 0x00, 0x0f, 0xc0, 0x00, 0x00, 0x00,
    0x00, 0x00, 0x00, 0x00, 0x00, 0x00, 0x00, 0x03, 0x80, 0x00, 0x00, 0x00, 0x00, 0x00, 0x00, 0x00, 0x00, 0x00, 0x00, 0x00, 0x00, 0x00, 0x00, 0x00,
  }},
  {{
    0x00, 0x00, 0x00, 0x00, 0x00, 0x00, 0x00, 0x00, 0x00, 0x00, 0x00, 0x00, 0x00, 0x00, 0x00, 0x00, 0x00, 0x00, 0x00, 0x00, 0x00, 0x00, 0x00, 0x00,
    0x00, 0x00, 0x00, 0x00, 0x00, 0x00, 0x00, 0x00, 0x00, 0x00, 0x00, 0x00, 0x00, 0x00, 0x00, 0x00, 0x00, 0x00, 0x00, 0x00, 0x00, 0x00, 0x00, 0x00,
    0x00, 0x00, 0x00, 0x00, 0x00, 0x00, 0x00, 0x00, 0x00, 0x00, 0x00, 0x00, 0x00, 0x00, 0x00, 0x00, 0x00, 0x00, 0x00, 0x00, 0x00, 0x00, 0x00, 0x00,
    0x00, 0x00, 0x00, 0x00, 0x00, 0x00, 0x00, 0x00, 0x00, 0x00, 0x00, 0x00, 0x00, 0x00, 0x00, 0x00, 0x00, 0x00, 0x00, 0x00, 0x00, 0x00, 0x00, 0x00,
    0x00, 0x00, 0x00, 0x00, 0x00, 0x00, 0x00, 0x00, 0x00, 0x00, 0x00, 0x00, 0x00, 0x00, 0x00, 0x00, 0x00, 0x00, 0x00, 0x00, 0x00, 0x00, 0x00, 0x00,
    0x00, 0x00, 0x00, 0x00, 0x00, 0x00, 0x00, 0x00, 0x00, 0x00, 0x00, 0x00, 0x00, 0x00, 0x00, 0x00, 0x00, 0x00, 0x00, 0x00, 0x00, 0x00, 0x00, 0x00,
    0x00, 0x00, 0x00, 0x00, 0x00, 0x00, 0x00, 0x00, 0x00, 0x00, 0x00, 0x00, 0x00, 0x00, 0x00, 0x00, 0x00, 0x00, 0x00, 0x00, 0x00, 0x00, 0x00, 0x00,
    0x00, 0x00, 0x00, 0x00, 0x00, 0x00, 0x00, 0x00, 0x00, 0x00, 0x00, 0x00, 0x00, 0x00, 0x00, 0x00, 0x00, 0x04, 0x00, 0x00, 0x00, 0x00, 0x00, 0x00,
    0x00, 0x00, 0x00, 0x00, 0x00, 0x0f, 0x00, 0x00, 0x00, 0x00, 0x00, 0x00, 0x00, 0x00, 0x00, 0x00, 0x00, 0x1f, 0x80, 0x00, 0x00, 0x00, 0x00, 0x00,
    0x00, 0x00, 0x00, 0x00, 0x00, 0x3b, 0x80, 0x00, 0x00, 0x00, 0x00, 0x00, 0x00, 0x00, 0x00, 0x00, 0x00, 0x31, 0xc0, 0x00, 0x00, 0x00, 0x00, 0x00,
    0x00, 0x00, 0x00, 0x00, 0x00, 0x70, 0xc0, 0x00, 0x00, 0x00, 0x00, 0x00, 0x00, 0x00, 0x01, 0xf0, 0x01, 0xf0, 0xc0, 0x00, 0x1f, 0x00, 0x00, 0x00,
    0x00, 0x00, 0x03, 0xf8, 0x03, 0xf0, 0xc0, 0x00, 0x3f, 0x80, 0x00, 0x00, 0x00, 0x00, 0x0f, 0x0e, 0x0f, 0xfb, 0xe0, 0x00, 0xe0, 0xe0, 0x00, 0x00,
    0x00, 0x00, 0x0e, 0x0f, 0x1f, 0xff, 0xf0, 0x01, 0xe0, 0xf0, 0x00, 0x00, 0x00, 0x00, 0x19, 0xf9, 0xff, 0xff, 0xf8, 0x01, 0x9f, 0x30, 0x00, 0x00,
    0x00, 0x00, 0x3b, 0xf9, 0xff, 0xc7, 0xfc, 0x03, 0x3f, 0x98, 0x00, 0x00, 0x00, 0x00, 0x37, 0xfc, 0xfe, 0x00, 0xfe, 0x07, 0x7f, 0xc8, 0x00, 0x00,
    0x00, 0x00, 0x67, 0xfe, 0xf8, 0x00, 0x7f, 0x06, 0xff, 0xc8, 0x00, 0x00, 0x00, 0x00, 0x6f, 0xff, 0xf0, 0x00, 0x3f, 0x86, 0xff, 0xfc, 0x00, 0x00,
    0x00, 0x00, 0x6f, 0x1f, 0x60, 0x00, 0x1f, 0xc6, 0xf1, 0xf6, 0x00, 0x00, 0x00, 0x00, 0x6e, 0x0f, 0x60, 0x00, 0x0f, 0xe6, 0xe1, 0xf6, 0x00, 0x00,
    0x00, 0x00, 0x6e, 0x0f, 0x60, 0x00, 0x07, 0xe6, 0xe1, 0xf6, 0x00, 0x00, 0x00, 0x00, 0x6f, 0x1f, 0x60, 0x00, 0x03, 0xfe, 0xf1, 0xf6, 0x00, 0x00,
    0x00, 0x00, 0x6f, 0xbf, 0xe0, 0x00, 0x01, 0xfc, 0xfb, 0xfc, 0x00, 0x00, 0x00, 0x00, 0x67, 0xfe, 0xc0, 0x00, 0x00, 0xfe, 0xff, 0xc8, 0x00, 0x00,
    0x00, 0x00, 0x3f, 0xfc, 0xc0, 0x00, 0x00, 0x7f, 0xff, 0xc8, 0x00, 0x00, 0x00, 0x00, 0x3b, 0xf9, 0x80, 0x00, 0x00, 0x3f, 0xff, 0x98, 0x00, 0x00,
    0x00, 0x00, 0x19, 0xfb, 0x80, 0x00, 0x00, 0x3f, 0xff, 0x38, 0x00, 0x00, 0x00, 0x00, 0x0e, 0x07, 0x00, 0x00, 0x00, 0x0f, 0xe0, 0x70, 0x00, 0x00,
    0x00, 0x00, 0x0e, 0x0e, 0x00, 0x00, 0x00, 0x0f, 0xe0, 0xe0, 0x00, 0x00, 0x00, 0x00, 0x03, 0xfc, 0x00, 0x00, 0x00, 0x07, 0xff, 0xf0, 0x00, 0x00,
    0x00, 0x00, 0x01, 0xf8, 0x00, 0x00, 0x00, 0x03, 0xff, 0xf0, 0x00, 0x00, 0x00, 0x00, 0x00, 0x00, 0x00, 0x00, 0x00, 0x01, 0xfd, 0xf0, 0x00, 0x00,
    0x00, 0x00, 0x00, 0x00, 0x00, 0x00, 0x00, 0x00, 0xff, 0xf8, 0x00, 0x00, 0x00, 0x00, 0x00, 0x00, 0x00, 0x00, 0x00, 0x00, 0x7f, 0xf8, 0x00, 0x00,
    0x00, 0x00, 0x00, 0x00, 0x00, 0x00, 0x00, 0x00, 0x1f, 0xf8, 0x00, 0x00, 0x00, 0x00, 0x00, 0x00, 0x00, 0x00, 0x00, 0x00, 0x1f, 0xfc, 0x00, 0x00,
    0x00, 0x00, 0x00, 0x00, 0x00, 0x00, 0x00, 0x00, 0x0f, 0xfc, 0x00, 0x00, 0x00, 0x00, 0x00, 0x00, 0x00, 0x00, 0x00, 0x00, 0x07, 0xfe, 0x00, 0x00,
    0x00, 0x00, 0x00, 0x00, 0x00, 0x00, 0x00, 0x00, 0x03, 0xfe, 0x00, 0x00, 0x00, 0x00, 0x00, 0x00, 0x00, 0x00, 0x00, 0x00, 0x01, 0xff, 0x80, 0x00,
    0x00, 0x00, 0x00, 0x00, 0x00, 0x00, 0x00, 0x00, 0x00, 0xff, 0xc0, 0x00, 0x00, 0x00, 0x00, 0x00, 0x00, 0x00, 0x00, 0x00, 0x00, 0x7d, 0xc0, 0x00,
    0x00, 0x00, 0x00, 0x00, 0x00, 0x00, 0x00, 0x00, 0x00, 0x38, 0xe0, 0x00, 0x00, 0x00, 0x00, 0x00, 0x00, 0x00, 0x00, 0x00, 0x00, 0x38, 0x60, 0x00,
    0x00, 0x00, 0x00, 0x00, 0x00, 0x00, 0x00, 0x00, 0x00, 0x38, 0x60, 0x00, 0x00, 0x00, 0x00, 0x00, 0x00, 0x00, 0x00, 0x00, 0x00, 0x38, 0xe0, 0x00,
    0x00, 0x00, 0x00, 0x00, 0x00, 0x00, 0x00, 0x00, 0x00, 0x1d, 0xe0, 0x00, 0x00, 0x00, 0x00, 0x00, 0x00, 0x00, 0x00, 0x00, 0x00, 0x1f, 0xc0, 0x00,
    0x00, 0x00, 0x00, 0x00, 0x00, 0x00, 0x00, 0x00, 0x00, 0x0f, 0x80, 0x00, 0x00, 0x00, 0x00, 0x00, 0x00, 0x00, 0x00, 0x00, 0x00, 0x02, 0x00, 0x00,
    0x00, 0x00, 0x00, 0x00, 0x00, 0x00, 0x00, 0x00, 0x00, 0x00, 0x00, 0x00, 0x00, 0x00, 0x00, 0x00, 0x00, 0x00, 0x00, 0x00, 0x00, 0x00, 0x00, 0x00,
  }},
};
constexpr RunCatBitmap kRunner9[] = { // cow-abduction
  {{
    0x00, 0x00, 0x00, 0x00, 0x00, 0x00, 0x7f, 0xf0, 0x00, 0x00, 0x00, 0x00, 0x00, 0x00, 0x00, 0x00, 0x00, 0x01, 0xff, 0xfc, 0x00, 0x00, 0x00, 0x00,
    0x00, 0x00, 0x00, 0x00, 0x00, 0x07, 0xff, 0xff, 0x00, 0x00, 0x00, 0x00, 0x00, 0x00, 0x00, 0x00, 0x00, 0x0f, 0xff, 0xff, 0xc0, 0x00, 0x00, 0x00,
    0x00, 0x00, 0x00, 0x00, 0x00, 0x1f, 0xfc, 0xff, 0xe0, 0x00, 0x00, 0x00, 0x00, 0x00, 0x00, 0x00, 0x00, 0x3d, 0xfc, 0xfd, 0xf0, 0x00, 0x00, 0x00,
    0x00, 0x00, 0x00, 0x00, 0x00, 0x7d, 0xff, 0xfd, 0xf0, 0x00, 0x00, 0x00, 0x00, 0x00, 0x00, 0x00, 0x00, 0xff, 0xff, 0xff, 0xf8, 0x00, 0x00, 0x00,
    0x00, 0x00, 0x00, 0x00, 0x01, 0xff, 0xff, 0xff, 0xfc, 0x00, 0x00, 0x00, 0x00, 0x00, 0x00, 0x00, 0x0f, 0xff, 0xff, 0xff, 0xff, 0xc0, 0x00, 0x00,
    0x00, 0x00, 0x00, 0x00, 0x3f, 0xff, 0xff, 0xff, 0xff, 0xe0, 0x00, 0x00, 0x00, 0x00, 0x00, 0x00, 0x7f, 0xff, 0xff, 0xff, 0xff, 0xf8, 0x00, 0x00,
    0x00, 0x00, 0x00, 0x00, 0xff, 0xff, 0xff, 0xff, 0xff, 0xfc, 0x00, 0x00, 0x00, 0x00, 0x00, 0x00, 0xff, 0xff, 0xff, 0xff, 0xff, 0xfc, 0x00, 0x00,
    0x00, 0x00, 0x00, 0x00, 0xff, 0xff, 0xff, 0xff, 0xff, 0xf8, 0x00, 0x00, 0x00, 0x00, 0x00, 0x00, 0x3f, 0xff, 0xff, 0x7f, 0xff, 0xf0, 0x00, 0x00,
    0x00, 0x00, 0x00, 0x00, 0x07, 0xff, 0xff, 0xff, 0xff, 0x00, 0x00, 0x00, 0x00, 0x00, 0x00, 0x00, 0x00, 0xf8, 0xff, 0xf8, 0xf8, 0x00, 0x00, 0x00,
    0x00, 0x00, 0x00, 0x00, 0x00, 0x07, 0xff, 0xff, 0x80, 0x00, 0x00, 0x00, 0x00, 0x00, 0x00, 0x00, 0x00, 0x07, 0xff, 0xff, 0x80, 0x00, 0x00, 0x00,
    0x00, 0x00, 0x00, 0x00, 0x00, 0x0f, 0xff, 0xff, 0x80, 0x00, 0x00, 0x00, 0x00, 0x00, 0x00, 0x00, 0x00, 0x0f, 0xff, 0xff, 0x80, 0x00, 0x00, 0x00,
    0x00, 0x00, 0x00, 0x00, 0x00, 0x0f, 0xff, 0xff, 0x80, 0x00, 0x00, 0x00, 0x00, 0x00, 0x00, 0x00, 0x00, 0x0f, 0xff, 0xff, 0xc0, 0x00, 0x00, 0x00,
    0x00, 0x00, 0x00, 0x00, 0x00, 0x1f, 0xff, 0xff, 0xc0, 0x00, 0x00, 0x00, 0x00, 0x00, 0x00, 0x00, 0x00, 0x1f, 0xff, 0xff, 0xc0, 0x00, 0x00, 0x00,
    0x00, 0x00, 0x00, 0x00, 0x00, 0x1f, 0xff, 0xff, 0xc0, 0x00, 0x00, 0x00, 0x00, 0x00, 0x00, 0x00, 0x00, 0x1f, 0xff, 0xff, 0xc0, 0x00, 0x00, 0x00,
    0x00, 0x00, 0x00, 0x00, 0x00, 0x1f, 0xff, 0xff, 0xc0, 0x00, 0x00, 0x00, 0x00, 0x00, 0x00, 0x00, 0x00, 0x1f, 0xff, 0xff, 0xe0, 0x00, 0x00, 0x00,
    0x00, 0x00, 0x00, 0x00, 0x00, 0x1b, 0xff, 0xfe, 0xe0, 0x00, 0x00, 0x00, 0x00, 0x00, 0x00, 0x00, 0x00, 0x00, 0x00, 0x00, 0x20, 0x00, 0x00, 0x00,
    0x00, 0x00, 0x00, 0x00, 0x00, 0x20, 0x00, 0x00, 0x00, 0x00, 0x00, 0x00, 0x00, 0x00, 0x00, 0x00, 0x00, 0x00, 0x00, 0x00, 0x00, 0x00, 0x00, 0x00,
    0x00, 0x00, 0x00, 0x00, 0x00, 0x00, 0x00, 0x00, 0x00, 0x00, 0x00, 0x00, 0x00, 0x00, 0x00, 0x00, 0x00, 0x00, 0x00, 0x00, 0x00, 0x00, 0x00, 0x00,
    0x00, 0x00, 0x00, 0x00, 0x00, 0x00, 0x00, 0x00, 0x00, 0x00, 0x00, 0x00, 0x00, 0x00, 0x00, 0x00, 0x00, 0x00, 0x00, 0x00, 0x00, 0x00, 0x00, 0x00,
    0x00, 0x00, 0x00, 0x00, 0x00, 0x00, 0x00, 0x00, 0x00, 0x00, 0x00, 0x00, 0x00, 0x00, 0x00, 0x00, 0x00, 0x00, 0x00, 0x00, 0x00, 0x00, 0x00, 0x00,
    0x00, 0x00, 0x00, 0x00, 0x00, 0x00, 0x00, 0x00, 0x00, 0x00, 0x00, 0x00, 0x00, 0x00, 0x00, 0x00, 0x00, 0x00, 0x00, 0x00, 0x00, 0x00, 0x00, 0x00,
    0x00, 0x00, 0x00, 0x00, 0x00, 0x00, 0x00, 0x00, 0x00, 0x00, 0x00, 0x00, 0x00, 0x00, 0x00, 0x00, 0x00, 0x00, 0x00, 0x00, 0x00, 0x00, 0x00, 0x00,
    0x00, 0x00, 0x00, 0x00, 0x00, 0x00, 0x00, 0x00, 0x00, 0x00, 0x00, 0x00, 0x00, 0x00, 0x00, 0x00, 0x00, 0x00, 0x00, 0x00, 0x00, 0x00, 0x00, 0x00,
    0x00, 0x00, 0x00, 0x00, 0x00, 0x00, 0x00, 0x00, 0xe0, 0x00, 0x00, 0x00, 0x00, 0x00, 0x00, 0x00, 0x00, 0x01, 0x00, 0x03, 0xe0, 0x00, 0x00, 0x00,
    0x00, 0x00, 0x00, 0x00, 0x00, 0x07, 0xff, 0xff, 0xe0, 0x00, 0x00, 0x00, 0x00, 0x00, 0x00, 0x00, 0x00, 0x0f, 0xff, 0xff, 0xf0, 0x00, 0x00, 0x00,
    0x00, 0x00, 0x00, 0x00, 0x00, 0x0f, 0xff, 0xff, 0xf8, 0x00, 0x00, 0x00, 0x00, 0x00, 0x00, 0x00, 0x00, 0x0f, 0xff, 0xff, 0xf8, 0x00, 0x00, 0x00,
    0x00, 0x00, 0x00, 0x00, 0x00, 0x07, 0xff, 0xff, 0x80, 0x00, 0x00, 0x00, 0x00, 0x00, 0x00, 0x00, 0x00, 0x07, 0xff, 0xfe, 0x00, 0x00, 0x00, 0x00,
    0x00, 0x00, 0x00, 0x00, 0x00, 0x0f, 0xff, 0xfe, 0x00, 0x00, 0x00, 0x00, 0x00, 0x00, 0x00, 0x00, 0x00, 0x0f, 0xff, 0xfc, 0x00, 0x00, 0x00, 0x00,
    0x00, 0x00, 0x00, 0x00, 0x00, 0x0f, 0xe4, 0xfc, 0x00, 0x00, 0x00, 0x00, 0x00, 0x00, 0x00, 0x00, 0x00, 0x0f, 0x80, 0xc4, 0x00, 0x00, 0x00, 0x00,
    0x00, 0x00, 0x00, 0x00, 0x00, 0x08, 0x80, 0x80, 0x00, 0x00, 0x00, 0x00, 0x00, 0x00, 0x00, 0x00, 0x00, 0x08, 0x80, 0x00, 0x00, 0x00, 0x00, 0x00,
    0x00, 0x00, 0x00, 0x00, 0x00, 0x00, 0x00, 0x00, 0x00, 0x00, 0x00, 0x00, 0x00, 0x00, 0x00, 0x00, 0x00, 0x00, 0x00, 0x00, 0x00, 0x00, 0x00, 0x00,
    0x00, 0x00, 0x00, 0x00, 0x00, 0x00, 0x00, 0x00, 0x00, 0x00, 0x00, 0x00, 0x00, 0x00, 0x00, 0x00, 0x00, 0x00, 0x00, 0x00, 0x00, 0x00, 0x00, 0x00,
  }},
  {{
    0x00, 0x00, 0x00, 0x00, 0x00, 0x00, 0x7f, 0xf0, 0x00, 0x00, 0x00, 0x00, 0x00, 0x00, 0x00, 0x00, 0x00, 0x01, 0xff, 0xfc, 0x00, 0x00, 0x00, 0x00,
    0x00, 0x00, 0x00, 0x00, 0x00, 0x07, 0xff, 0xff, 0x00, 0x00, 0x00, 0x00, 0x00, 0x00, 0x00, 0x00, 0x00, 0x0f, 0xff, 0xff, 0xc0, 0x00, 0x00, 0x00,
    0x00, 0x00, 0x00, 0x00, 0x00, 0x1f, 0xf8, 0xff, 0xe0, 0x00, 0x00, 0x00, 0x00, 0x00, 0x00, 0x00, 0x00, 0x3d, 0xf8, 0xfd, 0xe0, 0x00, 0x00, 0x00,
    0x00, 0x00, 0x00, 0x00, 0x00, 0x7d, 0xff, 0xfc, 0xf0, 0x00, 0x00, 0x00, 0x00, 0x00, 0x00, 0x00, 0x00, 0xff, 0xff, 0xff, 0xf8, 0x00, 0x00, 0x00,
    0x00, 0x00, 0x00, 0x00, 0x01, 0xff, 0xff, 0xff, 0xfe, 0x00, 0x00, 0x00, 0x00, 0x00, 0x00, 0x00, 0x0f, 0xff, 0xff, 0xff, 0xff, 0xc0, 0x00, 0x00,
    0x00, 0x00, 0x00, 0x00, 0x3f, 0xff, 0xff, 0xff, 0xff, 0xe0, 0x00, 0x00, 0x00, 0x00, 0x00, 0x00, 0x7f, 0xff, 0xff, 0xff, 0xff, 0xf8, 0x00, 0x00,
    0x00, 0x00, 0x00, 0x00, 0xff, 0xff, 0xff, 0xff, 0xff, 0xfc, 0x00, 0x00, 0x00, 0x00, 0x00, 0x00, 0xff, 0xff, 0xff, 0xff, 0xff, 0xfc, 0x00, 0x00,
    0x00, 0x00, 0x00, 0x00, 0x7f, 0xff, 0xff, 0xff, 0xff, 0xf8, 0x00, 0x00, 0x00, 0x00, 0x00, 0x00, 0x3f, 0xff, 0xfe, 0xff, 0xff, 0xf0, 0x00, 0x00,
    0x00, 0x00, 0x00, 0x00, 0x07, 0xff, 0xff, 0xff, 0xff, 0x00, 0x00, 0x00, 0x00, 0x00, 0x00, 0x00, 0x00, 0xf8, 0xff, 0xf8, 0xf8, 0x00, 0x00, 0x00,
    0x00, 0x00, 0x00, 0x00, 0x00, 0x07, 0xff, 0xff, 0x80, 0x00, 0x00, 0x00, 0x00, 0x00, 0x00, 0x00, 0x00, 0x07, 0xff, 0xff, 0x80, 0x00, 0x00, 0x00,
    0x00, 0x00, 0x00, 0x00, 0x00, 0x0f, 0xff, 0xff, 0x80, 0x00, 0x00, 0x00, 0x00, 0x00, 0x00, 0x00, 0x00, 0x0f, 0xff, 0xff, 0x80, 0x00, 0x00, 0x00,
    0x00, 0x00, 0x00, 0x00, 0x00, 0x0f, 0xff, 0xff, 0x80, 0x00, 0x00, 0x00, 0x00, 0x00, 0x00, 0x00, 0x00, 0x0f, 0xff, 0xff, 0x80, 0x00, 0x00, 0x00,
    0x00, 0x00, 0x00, 0x00, 0x00, 0x0f, 0xff, 0xff, 0xc0, 0x00, 0x00, 0x00, 0x00, 0x00, 0x00, 0x00, 0x00, 0x0f, 0xff, 0xff, 0xc0, 0x00, 0x00, 0x00,
    0x00, 0x00, 0x00, 0x00, 0x00, 0x1f, 0xff, 0xff, 0xc0, 0x00, 0x00, 0x00, 0x00, 0x00, 0x00, 0x00, 0x00, 0x1f, 0xff, 0xff, 0xc0, 0x00, 0x00, 0x00,
    0x00, 0x00, 0x00, 0x00, 0x00, 0x1f, 0xff, 0xff, 0xc0, 0x00, 0x00, 0x00, 0x00, 0x00, 0x00, 0x00, 0x00, 0x1f, 0xff, 0xff, 0xc0, 0x00, 0x00, 0x00,
    0x00, 0x00, 0x00, 0x00, 0x00, 0x1b, 0xff, 0xfe, 0xc0, 0x00, 0x00, 0x00, 0x00, 0x00, 0x00, 0x00, 0x00, 0x18, 0x00, 0x00, 0x00, 0x00, 0x00, 0x00,
    0x00, 0x00, 0x00, 0x00, 0x00, 0x00, 0x00, 0x00, 0x00, 0x00, 0x00, 0x00, 0x00, 0x00, 0x00, 0x00, 0x00, 0x00, 0x00, 0x00, 0x00, 0x00, 0x00, 0x00,
    0x00, 0x00, 0x00, 0x00, 0x00, 0x00, 0x00, 0x00, 0x00, 0x00, 0x00, 0x00, 0x00, 0x00, 0x00, 0x00, 0x00, 0x00, 0x00, 0x00, 0x00, 0x00, 0x00, 0x00,
    0x00, 0x00, 0x00, 0x00, 0x00, 0x00, 0x00, 0x00, 0x00, 0x00, 0x00, 0x00, 0x00, 0x00, 0x00, 0x00, 0x00, 0x00, 0x00, 0x00, 0x00, 0x00, 0x00, 0x00,
    0x00, 0x00, 0x00, 0x00, 0x00, 0x00, 0x00, 0x00, 0x00, 0x00, 0x00, 0x00, 0x00, 0x00, 0x00, 0x00, 0x00, 0x00, 0x00, 0x00, 0x00, 0x00, 0x00, 0x00,
    0x00, 0x00, 0x00, 0x00, 0x00, 0x00, 0x00, 0x00, 0x00, 0x00, 0x00, 0x00, 0x00, 0x00, 0x00, 0x00, 0x00, 0x00, 0x00, 0x01, 0xc0, 0x00, 0x00, 0x00,
    0x00, 0x00, 0x00, 0x00, 0x00, 0x00, 0x00, 0x0f, 0xc0, 0x00, 0x00, 0x00, 0x00, 0x00, 0x00, 0x00, 0x00, 0x00, 0x03, 0xff, 0xe0, 0x00, 0x00, 0x00,
    0x00, 0x00, 0x00, 0x00, 0x00, 0x03, 0xff, 0xff, 0xf0, 0x00, 0x00, 0x00, 0x00, 0x00, 0x00, 0x00, 0x00, 0x0f, 0xff, 0xff, 0xf0, 0x00, 0x00, 0x00,
    0x00, 0x00, 0x00, 0x00, 0x00, 0x0f, 0xff, 0xff, 0xe0, 0x00, 0x00, 0x00, 0x00, 0x03, 0x00, 0x00, 0x00, 0x1f, 0xff, 0xff, 0x00, 0x00, 0x00, 0x00,
    0x00, 0x03, 0x00, 0x00, 0x00, 0x0f, 0xff, 0xfe, 0x00, 0x00, 0x00, 0x00, 0x00, 0x03, 0x80, 0x00, 0x00, 0x0f, 0xff, 0xfc, 0x00, 0x00, 0x00, 0x00,
    0x00, 0x03, 0x80, 0x00, 0x00, 0x07, 0xff, 0xfc, 0x00, 0x00, 0x00, 0x00, 0x00, 0x03, 0x80, 0x00, 0x00, 0x07, 0xff, 0xfc, 0x00, 0x00, 0x00, 0x00,
    0x00, 0x00, 0x00, 0x00, 0x00, 0x07, 0xff, 0xfc, 0x00, 0x00, 0x00, 0x00, 0x00, 0x00, 0x00, 0x00, 0x00, 0x07, 0xe0, 0xc8, 0x00, 0x00, 0x00, 0x00,
    0x00, 0x00, 0x00, 0x00, 0x00, 0x07, 0x80, 0x44, 0x00, 0x00, 0x00, 0x00, 0x00, 0x00, 0x00, 0x00, 0x00, 0x01, 0x80, 0x06, 0x00, 0x00, 0x00, 0x00,
    0x00, 0x00, 0x00, 0x00, 0x00, 0x01, 0x80, 0x02, 0x00, 0x00, 0x00, 0x00, 0x00, 0x00, 0x00, 0x00, 0x00, 0x01, 0xc0, 0x00, 0x00, 0x00, 0x00, 0x00,
    0x00, 0x00, 0x00, 0x00, 0x00, 0x00, 0xc0, 0x00, 0x00, 0x00, 0x00, 0x00, 0x00, 0x00, 0x00, 0x00, 0x00, 0x00, 0x00, 0x00, 0x00, 0x00, 0x00, 0x00,
    0x00, 0x00, 0x00, 0x00, 0x00, 0x00, 0x00, 0x00, 0x00, 0x00, 0x00, 0x00, 0x00, 0x00, 0x00, 0x00, 0x00, 0x00, 0x00, 0x00, 0x00, 0x00, 0x00, 0x00,
    0x00, 0x00, 0x00, 0x00, 0x00, 0x00, 0x00, 0x00, 0x00, 0x00, 0x00, 0x00, 0x00, 0x00, 0x00, 0x00, 0x00, 0x00, 0x00, 0x00, 0x00, 0x00, 0x00, 0x00,
  }},
  {{
    0x00, 0x00, 0x00, 0x00, 0x00, 0x00, 0x7f, 0xf0, 0x00, 0x00, 0x00, 0x00, 0x00, 0x00, 0x00, 0x00, 0x00, 0x01, 0xff, 0xfc, 0x00, 0x00, 0x00, 0x00,
    0x00, 0x00, 0x00, 0x00, 0x00, 0x07, 0xff, 0xff, 0x00, 0x00, 0x00, 0x00, 0x00, 0x00, 0x00, 0x00, 0x00, 0x0f, 0xff, 0xff, 0xc0, 0x00, 0x00, 0x00,
    0x00, 0x00, 0x00, 0x00, 0x00, 0x1f, 0xf8, 0xff, 0xe0, 0x00, 0x00, 0x00, 0x00, 0x00, 0x00, 0x00, 0x00, 0x3d, 0xf8, 0xfd, 0xe0, 0x00, 0x00, 0x00,
    0x00, 0x00, 0x00, 0x00, 0x00, 0x7d, 0xff, 0xfc, 0xf0, 0x00, 0x00, 0x00, 0x00, 0x00, 0x00, 0x00, 0x00, 0xff, 0xff, 0xff, 0xf8, 0x00, 0x00, 0x00,
    0x00, 0x00, 0x00, 0x00, 0x01, 0xff, 0xff, 0xff, 0xfe, 0x00, 0x00, 0x00, 0x00, 0x00, 0x00, 0x00, 0x0f, 0xff, 0xff, 0xff, 0xff, 0xc0, 0x00, 0x00,
    0x00, 0x00, 0x00, 0x00, 0x3f, 0xff, 0xff, 0xff, 0xff, 0xe0, 0x00, 0x00, 0x00, 0x00, 0x00, 0x00, 0x7f, 0xff, 0xff, 0xff, 0xff, 0xf8, 0x00, 0x00,
    0x00, 0x00, 0x00, 0x00, 0xff, 0xff, 0xff, 0xff, 0xff, 0xfc, 0x00, 0x00, 0x00, 0x00, 0x00, 0x00, 0xff, 0xff, 0xff, 0xff, 0xff, 0xfc, 0x00, 0x00,
    0x00, 0x00, 0x00, 0x00, 0x7f, 0xff, 0xff, 0xff, 0xff, 0xf8, 0x00, 0x00, 0x00, 0x00, 0x00, 0x00, 0x3f, 0xff, 0xfe, 0xff, 0xff, 0xf0, 0x00, 0x00,
    0x00, 0x00, 0x00, 0x00, 0x07, 0xff, 0xff, 0xff, 0xff, 0x00, 0x00, 0x00, 0x00, 0x00, 0x00, 0x00, 0x00, 0xf8, 0xff, 0xf8, 0xf8, 0x00, 0x00, 0x00,
    0x00, 0x00, 0x00, 0x00, 0x00, 0x07, 0xff, 0xff, 0x80, 0x00, 0x00, 0x00, 0x00, 0x00, 0x00, 0x00, 0x00, 0x07, 0xff, 0xff, 0x80, 0x00, 0x00, 0x00,
    0x00, 0x00, 0x00, 0x00, 0x00, 0x0f, 0xff, 0xff, 0x80, 0x00, 0x00, 0x00, 0x00, 0x00, 0x00, 0x00, 0x00, 0x0f, 0xff, 0xff, 0x80, 0x00, 0x00, 0x00,
    0x00, 0x00, 0x00, 0x00, 0x00, 0x0f, 0xff, 0xff, 0x80, 0x00, 0x00, 0x00, 0x00, 0x00, 0x00, 0x00, 0x00, 0x0f, 0xff, 0xff, 0x80, 0x00, 0x00, 0x00,
    0x00, 0x00, 0x00, 0x00, 0x00, 0x0f, 0xff, 0xff, 0xc0, 0x00, 0x00, 0x00, 0x00, 0x00, 0x00, 0x00, 0x00, 0x0f, 0xff, 0xff, 0xc0, 0x00, 0x00, 0x00,
    0x00, 0x00, 0x00, 0x00, 0x00, 0x1f, 0xff, 0xff, 0xc0, 0x00, 0x00, 0x00, 0x00, 0x00, 0x00, 0x00, 0x00, 0x1f, 0xff, 0xff, 0xc0, 0x00, 0x00, 0x00,
    0x00, 0x00, 0x00, 0x00, 0x00, 0x1f, 0xff, 0xff, 0xc0, 0x00, 0x00, 0x00, 0x00, 0x00, 0x00, 0x00, 0x00, 0x1f, 0xff, 0xff, 0xc0, 0x00, 0x00, 0x00,
    0x00, 0x00, 0x00, 0x00, 0x00, 0x1b, 0xff, 0xff, 0xc0, 0x00, 0x00, 0x00, 0x00, 0x00, 0x00, 0x00, 0x00, 0x18, 0x00, 0x00, 0x00, 0x00, 0x00, 0x00,
    0x00, 0x00, 0x00, 0x00, 0x00, 0x00, 0x00, 0x00, 0x00, 0x00, 0x00, 0x00, 0x00, 0x00, 0x00, 0x00, 0x00, 0x00, 0x00, 0x3c, 0x00, 0x00, 0x00, 0x00,
    0x00, 0x00, 0x00, 0x00, 0x00, 0x00, 0x00, 0x3e, 0x00, 0x00, 0x00, 0x00, 0x00, 0x00, 0x00, 0x00, 0x00, 0x00, 0x00, 0x7f, 0x80, 0x00, 0x00, 0x00,
    0x00, 0x00, 0x00, 0x00, 0x00, 0x00, 0x00, 0xff, 0x80, 0x00, 0x00, 0x00, 0x00, 0x00, 0x00, 0x00, 0x00, 0x00, 0x01, 0xff, 0x80, 0x00, 0x00, 0x00,
    0x00, 0x00, 0x00, 0x00, 0x00, 0x00, 0x03, 0xff, 0x80, 0x00, 0x00, 0x00, 0x00, 0x00, 0x00, 0x00, 0x00, 0x00, 0x0f, 0xfe, 0x00, 0x00, 0x00, 0x00,
    0x00, 0x00, 0x00, 0x00, 0x00, 0x00, 0x1f, 0xf8, 0x00, 0x00, 0x00, 0x00, 0x00, 0x00, 0x00, 0x00, 0x00, 0x00, 0x3f, 0xf8, 0x00, 0x00, 0x00, 0x00,
    0x00, 0x00, 0x00, 0x00, 0x00, 0x00, 0xff, 0xf8, 0x00, 0x00, 0x00, 0x00, 0x00, 0x00, 0x00, 0x00, 0x00, 0x01, 0xff, 0xf8, 0x00, 0x00, 0x00, 0x00,
    0x00, 0x00, 0x00, 0x00, 0x00, 0x07, 0xff, 0xf8, 0x00, 0x00, 0x00, 0x00, 0x00, 0x00, 0x00, 0x00, 0x00, 0x0f, 0xff, 0xf8, 0x00, 0x00, 0x00, 0x00,
    0x00, 0x00, 0x00, 0x00, 0x00, 0x1f, 0xff, 0xf8, 0x00, 0x00, 0x00, 0x00, 0x00, 0x00, 0x60, 0x00, 0x00, 0x1f, 0xff, 0xbc, 0x00, 0x00, 0x00, 0x00,
    0x00, 0x03, 0xf0, 0x00, 0x00, 0x1f, 0xfe, 0x1e, 0x00, 0x00, 0x00, 0x00, 0x00, 0x03, 0xf0, 0x00, 0x00, 0x0f, 0xfc, 0x1e, 0x00, 0x00, 0x00, 0x00,
    0x00, 0x03, 0xf8, 0x00, 0x00, 0x07, 0xf8, 0x00, 0x00, 0x00, 0x00, 0x00, 0x00, 0x03, 0xf8, 0x00, 0x00, 0x03, 0xf8, 0x00, 0x00, 0x00, 0x00, 0x00,
    0x00, 0x03, 0x80, 0x00, 0x00, 0x03, 0xfc, 0x00, 0x00, 0x00, 0x00, 0x00, 0x00, 0x03, 0x00, 0x00, 0x00, 0x03, 0xf2, 0x00, 0x00, 0x00, 0x00, 0x00,
    0x00, 0x03, 0x00, 0x00, 0x00, 0x03, 0x60, 0x00, 0x00, 0x00, 0x00, 0x00, 0x00, 0x00, 0x00, 0x00, 0x00, 0x00, 0x20, 0x00, 0x00, 0x00, 0x00, 0x00,
    0x00, 0x00, 0x00, 0x00, 0x00, 0x00, 0x20, 0x00, 0x00, 0x00, 0x00, 0x00, 0x00, 0x02, 0x00, 0x00, 0x00, 0x00, 0x00, 0x00, 0x00, 0x00, 0x00, 0x00,
    0x00, 0x02, 0x00, 0x00, 0x00, 0x00, 0x00, 0x00, 0x00, 0x00, 0x00, 0x00, 0x00, 0x02, 0x00, 0x00, 0x00, 0x00, 0x00, 0x00, 0x00, 0x00, 0x00, 0x00,
    0x00, 0x02, 0x00, 0x00, 0x00, 0x00, 0x00, 0x00, 0x00, 0x00, 0x00, 0x00, 0x00, 0x00, 0x00, 0x00, 0x00, 0x00, 0x00, 0x00, 0x00, 0x00, 0x00, 0x00,
    0x00, 0x00, 0x00, 0x00, 0x00, 0x00, 0x00, 0x00, 0x00, 0x00, 0x00, 0x00, 0x00, 0x00, 0x00, 0x00, 0x00, 0x00, 0x00, 0x00, 0x00, 0x00, 0x00, 0x00,
  }},
  {{
    0x00, 0x00, 0x00, 0x00, 0x00, 0x00, 0x7f, 0xf0, 0x00, 0x00, 0x00, 0x00, 0x00, 0x00, 0x00, 0x00, 0x00, 0x01, 0xff, 0xfc, 0x00, 0x00, 0x00, 0x00,
    0x00, 0x00, 0x00, 0x00, 0x00, 0x07, 0xff, 0xff, 0x00, 0x00, 0x00, 0x00, 0x00, 0x00, 0x00, 0x00, 0x00, 0x0f, 0xff, 0xff, 0xc0, 0x00, 0x00, 0x00,
    0x00, 0x00, 0x00, 0x00, 0x00, 0x1f, 0xf8, 0xff, 0xe0, 0x00, 0x00, 0x00, 0x00, 0x00, 0x00, 0x00, 0x00, 0x3d, 0xf8, 0xfd, 0xe0, 0x00, 0x00, 0x00,
    0x00, 0x00, 0x00, 0x00, 0x00, 0x7d, 0xff, 0xfc, 0xf0, 0x00, 0x00, 0x00, 0x00, 0x00, 0x00, 0x00, 0x00, 0xff, 0xff, 0xff, 0xf8, 0x00, 0x00, 0x00,
    0x00, 0x00, 0x00, 0x00, 0x01, 0xff, 0xff, 0xff, 0xfe, 0x00, 0x00, 0x00, 0x00, 0x00, 0x00, 0x00, 0x0f, 0xff, 0xff, 0xff, 0xff, 0xc0, 0x00, 0x00,
    0x00, 0x00, 0x00, 0x00, 0x3f, 0xff, 0xff, 0xff, 0xff, 0xe0, 0x00, 0x00, 0x00, 0x00, 0x00, 0x00, 0x7f, 0xff, 0xff, 0xff, 0xff, 0xf8, 0x00, 0x00,
    0x00, 0x00, 0x00, 0x00, 0xff, 0xff, 0xff, 0xff, 0xff, 0xfc, 0x00, 0x00, 0x00, 0x00, 0x00, 0x00, 0xff, 0xff, 0xff, 0xff, 0xff, 0xfc, 0x00, 0x00,
    0x00, 0x00, 0x00, 0x00, 0x7f, 0xff, 0xff, 0xff, 0xff, 0xf8, 0x00, 0x00, 0x00, 0x00, 0x00, 0x00, 0x3f, 0xff, 0xfe, 0xff, 0xff, 0xf0, 0x00, 0x00,
    0x00, 0x00, 0x00, 0x00, 0x07, 0xff, 0xff, 0xff, 0xff, 0x00, 0x00, 0x00, 0x00, 0x00, 0x00, 0x00, 0x00, 0xf8, 0xff, 0xf8, 0xf8, 0x00, 0x00, 0x00,
    0x00, 0x00, 0x00, 0x00, 0x00, 0x07, 0xff, 0xff, 0x80, 0x00, 0x00, 0x00, 0x00, 0x00, 0x00, 0x00, 0x00, 0x07, 0xff, 0xff, 0x80, 0x00, 0x00, 0x00,
    0x00, 0x00, 0x00, 0x00, 0x00, 0x0f, 0xff, 0xff, 0x80, 0x00, 0x00, 0x00, 0x00, 0x00, 0x00, 0x00, 0x00, 0x0f, 0xff, 0xff, 0x80, 0x00, 0x00, 0x00,
    0x00, 0x00, 0x00, 0x00, 0x00, 0x0f, 0xff, 0xff, 0x80, 0x00, 0x00, 0x00, 0x00, 0x00, 0x00, 0x00, 0x00, 0x0f, 0xff, 0xff, 0x80, 0x00, 0x00, 0x00,
    0x00, 0x00, 0x00, 0x00, 0x00, 0x0f, 0xff, 0xff, 0xc0, 0x00, 0x00, 0x00, 0x00, 0x00, 0x00, 0x00, 0x00, 0x0f, 0xff, 0xff, 0xc0, 0x00, 0x00, 0x00,
    0x00, 0x00, 0x00, 0x00, 0x00, 0x1f, 0xff, 0xff, 0xc0, 0x00, 0x00, 0x00, 0x00, 0x00, 0x00, 0x00, 0x00, 0x1f, 0xff, 0xff, 0xc0, 0x00, 0x00, 0x00,
    0x00, 0x00, 0x00, 0x00, 0x00, 0x1f, 0xff, 0xff, 0xc0, 0x00, 0x00, 0x00, 0x00, 0x00, 0x00, 0x00, 0x00, 0x1f, 0xff, 0xff, 0xc0, 0x00, 0x00, 0x00,
    0x00, 0x00, 0x00, 0x00, 0x00, 0x1b, 0xcf, 0xfb, 0xc0, 0x00, 0x00, 0x00, 0x00, 0x00, 0x00, 0x00, 0x00, 0x18, 0x1f, 0xf0, 0x00, 0x00, 0x00, 0x00,
    0x00, 0x00, 0x00, 0x00, 0x00, 0x00, 0x3f, 0xf0, 0x00, 0x00, 0x00, 0x00, 0x00, 0x00, 0x00, 0x00, 0x00, 0x00, 0x3f, 0xf0, 0x00, 0x00, 0x00, 0x00,
    0x00, 0x00, 0x00, 0x00, 0x00, 0x00, 0x7f, 0xf8, 0x00, 0x00, 0x00, 0x00, 0x00, 0x00, 0x00, 0x00, 0x00, 0x00, 0x7f, 0xf8, 0x00, 0x00, 0x00, 0x00,
    0x00, 0x00, 0x00, 0x00, 0x00, 0x00, 0x7f, 0xfc, 0x00, 0x00, 0x00, 0x00, 0x00, 0x00, 0x00, 0x00, 0x00, 0x00, 0xff, 0xfc, 0x00, 0x00, 0x00, 0x00,
    0x00, 0x00, 0x00, 0x00, 0x00, 0x00, 0xff, 0xfe, 0x00, 0x00, 0x00, 0x00, 0x00, 0x00, 0x00, 0x00, 0x00, 0x01, 0xff, 0xef, 0x00, 0x00, 0x00, 0x00,
    0x00, 0x00, 0x00, 0x00, 0x00, 0x01, 0xff, 0xc7, 0x00, 0x00, 0x00, 0x00, 0x00, 0x00, 0x00, 0x00, 0x00, 0x03, 0xff, 0x80, 0x00, 0x00, 0x00, 0x00,
    0x00, 0x00, 0x00, 0x00, 0x00, 0x03, 0xff, 0x00, 0x00, 0x00, 0x00, 0x00, 0x00, 0x00, 0x00, 0x00, 0x00, 0x07, 0xff, 0x00, 0x00, 0x00, 0x00, 0x00,
    0x00, 0x00, 0x00, 0x00, 0x00, 0x07, 0xff, 0x00, 0x00, 0x00, 0x00, 0x00, 0x00, 0x00, 0x00, 0x00, 0x00, 0x07, 0xff, 0xf0, 0x00, 0x00, 0x00, 0x00,
    0x00, 0x00, 0x00, 0x00, 0x00, 0x03, 0xff, 0xe0, 0x00, 0x00, 0x00, 0x00, 0x00, 0x00, 0x06, 0x00, 0x00, 0x00, 0xff, 0x00, 0x00, 0x00, 0x00, 0x00,
    0x00, 0x03, 0xff, 0x00, 0x00, 0x00, 0x3c, 0x00, 0x00, 0x00, 0x00, 0x00, 0x00, 0x03, 0xff, 0x00, 0x00, 0x00, 0x1c, 0x00, 0x00, 0x00, 0x00, 0x00,
    0x00, 0x03, 0xff, 0x80, 0x00, 0x00, 0x1f, 0x00, 0x00, 0x00, 0x00, 0x00, 0x00, 0x03, 0xff, 0x80, 0x00, 0x00, 0x01, 0x00, 0x00, 0x00, 0x00, 0x00,
    0x00, 0x03, 0xf8, 0x00, 0x00, 0x00, 0x00, 0x00, 0x00, 0x00, 0x00, 0x00, 0x00, 0x03, 0xf0, 0x00, 0x00, 0x00, 0x00, 0x00, 0x00, 0x00, 0x00, 0x00,
    0x00, 0x03, 0xe0, 0x00, 0x00, 0x00, 0x00, 0x00, 0x00, 0x00, 0x00, 0x00, 0x00, 0x03, 0xc0, 0x00, 0x00, 0x00, 0x00, 0x00, 0x00, 0x00, 0x00, 0x00,
    0x00, 0x03, 0x80, 0x00, 0x00, 0x00, 0x00, 0x00, 0x00, 0x00, 0x00, 0x00, 0x00, 0x00, 0x00, 0x00, 0x00, 0x00, 0x00, 0x00, 0x00, 0x00, 0x00, 0x00,
    0x00, 0x00, 0x00, 0x00, 0x00, 0x00, 0x00, 0x00, 0x00, 0x00, 0x00, 0x00, 0x00, 0x00, 0x00, 0x00, 0x00, 0x00, 0x00, 0x00, 0x00, 0x00, 0x00, 0x00,
    0x00, 0x00, 0x00, 0x00, 0x00, 0x00, 0x00, 0x00, 0x00, 0x00, 0x00, 0x00, 0x00, 0x00, 0x00, 0x00, 0x00, 0x00, 0x00, 0x00, 0x00, 0x00, 0x00, 0x00,
    0x00, 0x00, 0x00, 0x00, 0x00, 0x00, 0x00, 0x00, 0x00, 0x00, 0x00, 0x00, 0x00, 0x00, 0x00, 0x00, 0x00, 0x00, 0x00, 0x00, 0x00, 0x00, 0x00, 0x00,
  }},
  {{
    0x00, 0x00, 0x00, 0x00, 0x00, 0x00, 0x7f, 0xf0, 0x00, 0x00, 0x00, 0x00, 0x00, 0x00, 0x00, 0x00, 0x00, 0x01, 0xff, 0xfc, 0x00, 0x00, 0x00, 0x00,
    0x00, 0x00, 0x00, 0x00, 0x00, 0x07, 0xff, 0xff, 0x00, 0x00, 0x00, 0x00, 0x00, 0x00, 0x00, 0x00, 0x00, 0x0f, 0xff, 0xff, 0xc0, 0x00, 0x00, 0x00,
    0x00, 0x00, 0x00, 0x00, 0x00, 0x1f, 0xf8, 0xff, 0xe0, 0x00, 0x00, 0x00, 0x00, 0x00, 0x00, 0x00, 0x00, 0x3d, 0xf8, 0xfd, 0xe0, 0x00, 0x00, 0x00,
    0x00, 0x00, 0x00, 0x00, 0x00, 0x7d, 0xff, 0xfc, 0xf0, 0x00, 0x00, 0x00, 0x00, 0x00, 0x00, 0x00, 0x00, 0xff, 0xff, 0xff, 0xf8, 0x00, 0x00, 0x00,
    0x00, 0x00, 0x00, 0x00, 0x01, 0xff, 0xff, 0xff, 0xfe, 0x00, 0x00, 0x00, 0x00, 0x00, 0x00, 0x00, 0x0f, 0xff, 0xff, 0xff, 0xff, 0xc0, 0x00, 0x00,
    0x00, 0x00, 0x00, 0x00, 0x3f, 0xff, 0xff, 0xff, 0xff, 0xe0, 0x00, 0x00, 0x00, 0x00, 0x00, 0x00, 0x7f, 0xff, 0xff, 0xff, 0xff, 0xf8, 0x00, 0x00,
    0x00, 0x00, 0x00, 0x00, 0xff, 0xff, 0xff, 0xff, 0xff, 0xfc, 0x00, 0x00, 0x00, 0x00, 0x00, 0x00, 0xff, 0xff, 0xff, 0xff, 0xff, 0xfc, 0x00, 0x00,
    0x00, 0x00, 0x00, 0x00, 0x7f, 0xff, 0xff, 0xff, 0xff, 0xf8, 0x00, 0x00, 0x00, 0x00, 0x00, 0x00, 0x3f, 0xff, 0xff, 0x7f, 0xff, 0xf0, 0x00, 0x00,
    0x00, 0x00, 0x00, 0x00, 0x07, 0xff, 0xff, 0xff, 0xff, 0x00, 0x00, 0x00, 0x00, 0x00, 0x00, 0x00, 0x00, 0xf8, 0xff, 0xf8, 0xf8, 0x00, 0x00, 0x00,
    0x00, 0x00, 0x00, 0x00, 0x00, 0x07, 0xff, 0xff, 0x80, 0x00, 0x00, 0x00, 0x00, 0x00, 0x00, 0x00, 0x00, 0x07, 0xff, 0xff, 0x80, 0x00, 0x00, 0x00,
    0x00, 0x00, 0x00, 0x00, 0x00, 0x0f, 0xff, 0xff, 0x80, 0x00, 0x00, 0x00, 0x00, 0x00, 0x00, 0x00, 0x00, 0x0f, 0xff, 0xff, 0x80, 0x00, 0x00, 0x00,
    0x00, 0x00, 0x00, 0x00, 0x00, 0x0f, 0xff, 0xff, 0x80, 0x00, 0x00, 0x00, 0x00, 0x00, 0x00, 0x00, 0x00, 0x0f, 0xff, 0xff, 0x80, 0x00, 0x00, 0x00,
    0x00, 0x00, 0x00, 0x00, 0x00, 0x0f, 0xff, 0xff, 0x80, 0x00, 0x00, 0x00, 0x00, 0x00, 0x00, 0x00, 0x00, 0x0f, 0xff, 0xff, 0xc0, 0x00, 0x00, 0x00,
    0x00, 0x00, 0x00, 0x00, 0x00, 0x1f, 0xff, 0xff, 0xc0, 0x00, 0x00, 0x00, 0x00, 0x00, 0x00, 0x00, 0x00, 0x1f, 0xff, 0xff, 0xc0, 0x00, 0x00, 0x00,
    0x00, 0x00, 0x00, 0x00, 0x00, 0x1f, 0xff, 0xff, 0xc0, 0x00, 0x00, 0x00, 0x00, 0x00, 0x00, 0x00, 0x00, 0x1f, 0xff, 0xff, 0xc0, 0x00, 0x00, 0x00,
    0x00, 0x00, 0x00, 0x00, 0x00, 0x1b, 0xff, 0xee, 0xc0, 0x00, 0x00, 0x00, 0x00, 0x00, 0x00, 0x00, 0x00, 0x19, 0xff, 0xe0, 0x00, 0x00, 0x00, 0x00,
    0x00, 0x00, 0x00, 0x00, 0x00, 0x00, 0xff, 0xe0, 0x00, 0x00, 0x00, 0x00, 0x00, 0x00, 0x00, 0x00, 0x00, 0x00, 0xff, 0xee, 0x00, 0x00, 0x00, 0x00,
    0x00, 0x00, 0x00, 0x00, 0x00, 0x00, 0xff, 0xfe, 0x00, 0x00, 0x00, 0x00, 0x00, 0x00, 0x00, 0x00, 0x00, 0x00, 0xff, 0xfe, 0x00, 0x00, 0x00, 0x00,
    0x00, 0x00, 0x00, 0x00, 0x00, 0x00, 0xff, 0xfc, 0x00, 0x00, 0x00, 0x00, 0x00, 0x00, 0x00, 0x00, 0x00, 0x00, 0xff, 0xe0, 0x00, 0x00, 0x00, 0x00,
    0x00, 0x00, 0x00, 0x00, 0x00, 0x00, 0xff, 0xe0, 0x00, 0x00, 0x00, 0x00, 0x00, 0x00, 0x00, 0x00, 0x00, 0x00, 0x7f, 0xf8, 0x00, 0x00, 0x00, 0x00,
    0x00, 0x00, 0x00, 0x00, 0x00, 0x00, 0x03, 0xfc, 0x00, 0x00, 0x00, 0x00, 0x00, 0x00, 0x00, 0x00, 0x00, 0x00, 0x00, 0x78, 0x00, 0x00, 0x00, 0x00,
    0x00, 0x00, 0x00, 0x00, 0x00, 0x00, 0x00, 0x00, 0x00, 0x00, 0x00, 0x00, 0x00, 0x00, 0x00, 0x00, 0x00, 0x00, 0x00, 0x00, 0x00, 0x00, 0x00, 0x00,
    0x00, 0x00, 0x00, 0x00, 0x00, 0x00, 0x00, 0x00, 0x00, 0x00, 0x00, 0x00, 0x00, 0x00, 0x00, 0x00, 0x00, 0x00, 0x00, 0x00, 0x00, 0x00, 0x00, 0x00,
    0x00, 0x00, 0x00, 0x00, 0x00, 0x00, 0x00, 0x00, 0x00, 0x00, 0x00, 0x00, 0x00, 0x00, 0x00, 0xe0, 0x00, 0x00, 0x00, 0x00, 0x00, 0x00, 0x00, 0x00,
    0x00, 0x03, 0xff, 0xe0, 0x00, 0x00, 0x00, 0x00, 0x00, 0x00, 0x00, 0x00, 0x00, 0x03, 0xff, 0xf0, 0x00, 0x00, 0x00, 0x00, 0x00, 0x00, 0x00, 0x00,
    0x00, 0x03, 0xff, 0xf0, 0x00, 0x00, 0x00, 0x00, 0x00, 0x00, 0x00, 0x00, 0x00, 0x03, 0xff, 0xf0, 0x00, 0x00, 0x00, 0x00, 0x00, 0x00, 0x00, 0x00,
    0x00, 0x03, 0xff, 0x00, 0x00, 0x00, 0x00, 0x00, 0x00, 0x00, 0x00, 0x00, 0x00, 0x03, 0xfe, 0x00, 0x00, 0x00, 0x00, 0x00, 0x00, 0x00, 0x00, 0x00,
    0x00, 0x03, 0xfe, 0x00, 0x00, 0x00, 0x00, 0x00, 0x00, 0x00, 0x00, 0x00, 0x00, 0x03, 0xf8, 0x00, 0x00, 0x00, 0x00, 0x00, 0x00, 0x00, 0x00, 0x00,
    0x00, 0x00, 0x78, 0x00, 0x00, 0x00, 0x00, 0x00, 0x00, 0x00, 0x00, 0x00, 0x00, 0x00, 0x30, 0x00, 0x00, 0x00, 0x00, 0x00, 0x00, 0x00, 0x00, 0x00,
    0x00, 0x00, 0x20, 0x00, 0x00, 0x00, 0x00, 0x00, 0x00, 0x00, 0x00, 0x00, 0x00, 0x00, 0x00, 0x00, 0x00, 0x00, 0x00, 0x00, 0x00, 0x00, 0x00, 0x00,
    0x00, 0x00, 0x00, 0x00, 0x00, 0x00, 0x00, 0x00, 0x00, 0x00, 0x00, 0x00, 0x00, 0x00, 0x00, 0x00, 0x00, 0x00, 0x00, 0x00, 0x00, 0x00, 0x00, 0x00,
    0x00, 0x00, 0x00, 0x00, 0x00, 0x00, 0x00, 0x00, 0x00, 0x00, 0x00, 0x00, 0x00, 0x00, 0x00, 0x00, 0x00, 0x00, 0x00, 0x00, 0x00, 0x00, 0x00, 0x00,
  }},
  {{
    0x00, 0x00, 0x00, 0x00, 0x00, 0x00, 0x7f, 0xf0, 0x00, 0x00, 0x00, 0x00, 0x00, 0x00, 0x00, 0x00, 0x00, 0x01, 0xff, 0xfc, 0x00, 0x00, 0x00, 0x00,
    0x00, 0x00, 0x00, 0x00, 0x00, 0x07, 0xff, 0xff, 0x00, 0x00, 0x00, 0x00, 0x00, 0x00, 0x00, 0x00, 0x00, 0x0f, 0xff, 0xff, 0xc0, 0x00, 0x00, 0x00,
    0x00, 0x00, 0x00, 0x00, 0x00, 0x1f, 0xf8, 0xff, 0xe0, 0x00, 0x00, 0x00, 0x00, 0x00, 0x00, 0x00, 0x00, 0x3d, 0xf8, 0xfd, 0xe0, 0x00, 0x00, 0x00,
    0x00, 0x00, 0x00, 0x00, 0x00, 0x7d, 0xff, 0xfc, 0xf0, 0x00, 0x00, 0x00, 0x00, 0x00, 0x00, 0x00, 0x00, 0xff, 0xff, 0xff, 0xf8, 0x00, 0x00, 0x00,
    0x00, 0x00, 0x00, 0x00, 0x01, 0xff, 0xff, 0xff, 0xfe, 0x00, 0x00, 0x00, 0x00, 0x00, 0x00, 0x00, 0x0f, 0xff, 0xff, 0xff, 0xff, 0xc0, 0x00, 0x00,
    0x00, 0x00, 0x00, 0x00, 0x3f, 0xff, 0xff, 0xff, 0xff, 0xe0, 0x00, 0x00, 0x00, 0x00, 0x00, 0x00, 0x7f, 0xff, 0xff, 0xff, 0xff, 0xf8, 0x00, 0x00,
    0x00, 0x00, 0x00, 0x00, 0xff, 0xff, 0xff, 0xff, 0xff, 0xfc, 0x00, 0x00, 0x00, 0x00, 0x00, 0x00, 0xff, 0xff, 0xff, 0xff, 0xff, 0xfc, 0x00, 0x00,
    0x00, 0x00, 0x00, 0x00, 0x7f, 0xff, 0xff, 0xff, 0xff, 0xf8, 0x00, 0x00, 0x00, 0x00, 0x00, 0x00, 0x3f, 0xff, 0xff, 0xff, 0xff, 0xf0, 0x00, 0x00,
    0x00, 0x00, 0x00, 0x00, 0x07, 0xff, 0xff, 0xff, 0xff, 0x00, 0x00, 0x00, 0x00, 0x00, 0x00, 0x00, 0x00, 0xf8, 0xff, 0xfc, 0xf8, 0x00, 0x00, 0x00,
    0x00, 0x00, 0x00, 0x00, 0x00, 0x07, 0xff, 0xff, 0x00, 0x00, 0x00, 0x00, 0x00, 0x00, 0x00, 0x00, 0x00, 0x07, 0xff, 0xff, 0x80, 0x00, 0x00, 0x00,
    0x00, 0x00, 0x00, 0x00, 0x00, 0x0f, 0xff, 0xff, 0x80, 0x00, 0x00, 0x00, 0x00, 0x00, 0x00, 0x00, 0x00, 0x0f, 0xff, 0xff, 0x80, 0x00, 0x00, 0x00,
    0x00, 0x00, 0x00, 0x00, 0x00, 0x0f, 0xff, 0xff, 0x80, 0x00, 0x00, 0x00, 0x00, 0x00, 0x00, 0x00, 0x00, 0x0f, 0xff, 0xff, 0x80, 0x00, 0x00, 0x00,
    0x00, 0x00, 0x00, 0x00, 0x00, 0x0f, 0xff, 0xff, 0xc0, 0x00, 0x00, 0x00, 0x00, 0x00, 0x00, 0x00, 0x00, 0x0f, 0xff, 0xff, 0xc0, 0x00, 0x00, 0x00,
    0x00, 0x00, 0x00, 0x00, 0x00, 0x1f, 0xff, 0xff, 0xc0, 0x00, 0x00, 0x00, 0x00, 0x00, 0x00, 0x00, 0x00, 0x1f, 0xff, 0xff, 0xc0, 0x00, 0x00, 0x00,
    0x00, 0x00, 0x00, 0x00, 0x00, 0x1f, 0xff, 0xff, 0xc0, 0x00, 0x00, 0x00, 0x00, 0x00, 0x00, 0x00, 0x00, 0x1f, 0xff, 0xff, 0xc0, 0x00, 0x00, 0x00,
    0x00, 0x00, 0x00, 0x00, 0x00, 0x1b, 0xff, 0xe3, 0xc0, 0x00, 0x00, 0x00, 0x00, 0x00, 0x00, 0x00, 0x00, 0x19, 0xff, 0xfc, 0x00, 0x00, 0x00, 0x00,
    0x00, 0x00, 0x00, 0x00, 0x00, 0x00, 0x7f, 0xfc, 0x00, 0x00, 0x00, 0x00, 0x00, 0x00, 0x00, 0x00, 0x00, 0x00, 0x07, 0xfc, 0x00, 0x00, 0x00, 0x00,
    0x00, 0x00, 0x00, 0x00, 0x00, 0x00, 0x00, 0x18, 0x00, 0x00, 0x00, 0x00, 0x00, 0x00, 0x00, 0x00, 0x00, 0x00, 0x00, 0x00, 0x00, 0x00, 0x00, 0x00,
    0x00, 0x00, 0x00, 0x00, 0x00, 0x00, 0x00, 0x00, 0x00, 0x00, 0x00, 0x00, 0x00, 0x00, 0x00, 0x00, 0x00, 0x00, 0x00, 0x00, 0x00, 0x00, 0x00, 0x00,
    0x00, 0x00, 0x00, 0x00, 0x00, 0x00, 0x00, 0x00, 0x00, 0x00, 0x00, 0x00, 0x00, 0x00, 0x00, 0x00, 0x00, 0x00, 0x00, 0x00, 0x00, 0x00, 0x00, 0x00,
    0x00, 0x00, 0x00, 0x00, 0x00, 0x00, 0x00, 0x00, 0x00, 0x00, 0x00, 0x00, 0x00, 0x00, 0x00, 0x00, 0x00, 0x00, 0x00, 0x00, 0x00, 0x00, 0x00, 0x00,
    0x00, 0x00, 0x00, 0x00, 0x00, 0x00, 0x00, 0x00, 0x00, 0x00, 0x00, 0x00, 0x00, 0x00, 0x00, 0x00, 0x00, 0x00, 0x00, 0x00, 0x00, 0x00, 0x00, 0x00,
    0x00, 0x00, 0x00, 0x00, 0x00, 0x00, 0x00, 0x00, 0x00, 0x00, 0x00, 0x00, 0x00, 0x00, 0x00, 0x00, 0x00, 0x00, 0x00, 0x00, 0x00, 0x00, 0x00, 0x00,
    0x00, 0x00, 0x00, 0x00, 0x00, 0x00, 0x00, 0x00, 0x00, 0x00, 0x00, 0x00, 0x00, 0x00, 0x00, 0x06, 0x00, 0x00, 0x00, 0x00, 0x00, 0x00, 0x00, 0x00,
    0x00, 0x03, 0xff, 0xfe, 0x00, 0x00, 0x00, 0x00, 0x00, 0x00, 0x00, 0x00, 0x00, 0x03, 0xff, 0xfe, 0x00, 0x00, 0x00, 0x00, 0x00, 0x00, 0x00, 0x00,
    0x00, 0x03, 0xff, 0xff, 0x00, 0x00, 0x00, 0x00, 0x00, 0x00, 0x00, 0x00, 0x00, 0x03, 0xff, 0xff, 0x00, 0x00, 0x00, 0x00, 0x00, 0x00, 0x00, 0x00,
    0x00, 0x03, 0xff, 0xf0, 0x00, 0x00, 0x00, 0x00, 0x00, 0x00, 0x00, 0x00, 0x00, 0x03, 0xff, 0xe0, 0x00, 0x00, 0x00, 0x00, 0x00, 0x00, 0x00, 0x00,
    0x00, 0x03, 0xff, 0xc0, 0x00, 0x00, 0x00, 0x00, 0x00, 0x00, 0x00, 0x00, 0x00, 0x03, 0xef, 0x80, 0x00, 0x00, 0x00, 0x00, 0x00, 0x00, 0x00, 0x00,
    0x00, 0x00, 0x07, 0x00, 0x00, 0x00, 0x00, 0x00, 0x00, 0x00, 0x00, 0x00, 0x00, 0x00, 0x06, 0x00, 0x00, 0x00, 0x00, 0x00, 0x00, 0x00, 0x00, 0x00,
    0x00, 0x00, 0x06, 0x00, 0x00, 0x00, 0x00, 0x00, 0x00, 0x00, 0x00, 0x00, 0x00, 0x02, 0x02, 0x00, 0x00, 0x00, 0x00, 0x00, 0x00, 0x00, 0x00, 0x00,
    0x00, 0x02, 0x02, 0x00, 0x00, 0x00, 0x00, 0x00, 0x00, 0x00, 0x00, 0x00, 0x00, 0x00, 0x00, 0x00, 0x00, 0x00, 0x00, 0x00, 0x00, 0x00, 0x00, 0x00,
    0x00, 0x00, 0x00, 0x00, 0x00, 0x00, 0x00, 0x00, 0x00, 0x00, 0x00, 0x00, 0x00, 0x00, 0x00, 0x00, 0x00, 0x00, 0x00, 0x00, 0x00, 0x00, 0x00, 0x00,
  }},
  {{
    0x00, 0x00, 0x00, 0x00, 0x00, 0x00, 0x7f, 0xf0, 0x00, 0x00, 0x00, 0x00, 0x00, 0x00, 0x00, 0x00, 0x00, 0x01, 0xff, 0xfc, 0x00, 0x00, 0x00, 0x00,
    0x00, 0x00, 0x00, 0x00, 0x00, 0x07, 0xff, 0xff, 0x00, 0x00, 0x00, 0x00, 0x00, 0x00, 0x00, 0x00, 0x00, 0x0f, 0xff, 0xff, 0xc0, 0x00, 0x00, 0x00,
    0x00, 0x00, 0x00, 0x00, 0x00, 0x1f, 0xf8, 0xff, 0xe0, 0x00, 0x00, 0x00, 0x00, 0x00, 0x00, 0x00, 0x00, 0x3d, 0xf8, 0xfd, 0xe0, 0x00, 0x00, 0x00,
    0x00, 0x00, 0x00, 0x00, 0x00, 0x7d, 0xff, 0xfc, 0xf0, 0x00, 0x00, 0x00, 0x00, 0x00, 0x00, 0x00, 0x00, 0xff, 0xff, 0xff, 0xf8, 0x00, 0x00, 0x00,
    0x00, 0x00, 0x00, 0x00, 0x01, 0xff, 0xff, 0xff, 0xfe, 0x00, 0x00, 0x00, 0x00, 0x00, 0x00, 0x00, 0x0f, 0xff, 0xff, 0xff, 0xff, 0xc0, 0x00, 0x00,
    0x00, 0x00, 0x00, 0x00, 0x3f, 0xff, 0xff, 0xff, 0xff, 0xe0, 0x00, 0x00, 0x00, 0x00, 0x00, 0x00, 0x7f, 0xff, 0xff, 0xff, 0xff, 0xf8, 0x00, 0x00,
    0x00, 0x00, 0x00, 0x00, 0xff, 0xff, 0xff, 0xff, 0xff, 0xfc, 0x00, 0x00, 0x00, 0x00, 0x00, 0x00, 0xff, 0xff, 0xff, 0xff, 0xff, 0xfc, 0x00, 0x00,
    0x00, 0x00, 0x00, 0x00, 0x7f, 0xff, 0xff, 0xff, 0xff, 0xf8, 0x00, 0x00, 0x00, 0x00, 0x00, 0x00, 0x3f, 0xff, 0xff, 0xff, 0xff, 0xf0, 0x00, 0x00,
    0x00, 0x00, 0x00, 0x00, 0x07, 0xff, 0xff, 0xff, 0xff, 0x00, 0x00, 0x00, 0x00, 0x00, 0x00, 0x00, 0x00, 0xf8, 0xff, 0xf8, 0xf8, 0x00, 0x00, 0x00,
    0x00, 0x00, 0x00, 0x00, 0x00, 0x07, 0xff, 0xff, 0x00, 0x00, 0x00, 0x00, 0x00, 0x00, 0x00, 0x00, 0x00, 0x07, 0xff, 0xff, 0x80, 0x00, 0x00, 0x00,
    0x00, 0x00, 0x00, 0x00, 0x00, 0x0f, 0xff, 0xff, 0x80, 0x00, 0x00, 0x00, 0x00, 0x00, 0x00, 0x00, 0x00, 0x0f, 0xff, 0xff, 0x80, 0x00, 0x00, 0x00,
    0x00, 0x00, 0x00, 0x00, 0x00, 0x0f, 0xff, 0xff, 0x80, 0x00, 0x00, 0x00, 0x00, 0x00, 0x00, 0x00, 0x00, 0x0f, 0xff, 0xff, 0x80, 0x00, 0x00, 0x00,
    0x00, 0x00, 0x00, 0x00, 0x00, 0x0f, 0xff, 0xff, 0xc0, 0x00, 0x00, 0x00, 0x00, 0x00, 0x00, 0x00, 0x00, 0x0f, 0xff, 0xff, 0xc0, 0x00, 0x00, 0x00,
    0x00, 0x00, 0x00, 0x00, 0x00, 0x1f, 0xff, 0xff, 0xc0, 0x00, 0x00, 0x00, 0x00, 0x00, 0x00, 0x00, 0x00, 0x1f, 0xff, 0xff, 0xc0, 0x00, 0x00, 0x00,
    0x00, 0x00, 0x00, 0x00, 0x00, 0x1f, 0xff, 0xff, 0xc0, 0x00, 0x00, 0x00, 0x00, 0x00, 0x00, 0x00, 0x00, 0x1f, 0xff, 0xff, 0xc0, 0x00, 0x00, 0x00,
    0x00, 0x00, 0x00, 0x00, 0x00, 0x1b, 0xff, 0xfe, 0xc0, 0x00, 0x00, 0x00, 0x00, 0x00, 0x00, 0x00, 0x00, 0x18, 0x00, 0x00, 0x00, 0x00, 0x00, 0x00,
    0x00, 0x00, 0x00, 0x00, 0x00, 0x00, 0x00, 0x00, 0x00, 0x00, 0x00, 0x00, 0x00, 0x00, 0x00, 0x00, 0x00, 0x00, 0x00, 0x00, 0x00, 0x00, 0x00, 0x00,
    0x00, 0x00, 0x00, 0x00, 0x00, 0x00, 0x00, 0x00, 0x00, 0x00, 0x00, 0x00, 0x00, 0x00, 0x00, 0x00, 0x00, 0x00, 0x00, 0x00, 0x00, 0x00, 0x00, 0x00,
    0x00, 0x00, 0x00, 0x00, 0x00, 0x00, 0x00, 0x00, 0x00, 0x00, 0x00, 0x00, 0x00, 0x00, 0x00, 0x00, 0x00, 0x00, 0x00, 0x00, 0x00, 0x00, 0x00, 0x00,
    0x00, 0x00, 0x00, 0x00, 0x00, 0x00, 0x00, 0x00, 0x00, 0x00, 0x00, 0x00, 0x00, 0x00, 0x00, 0x00, 0x00, 0x00, 0x00, 0x00, 0x00, 0x00, 0x00, 0x00,
    0x00, 0x00, 0x00, 0x00, 0x00, 0x00, 0x00, 0x00, 0x00, 0x00, 0x00, 0x00, 0x00, 0x00, 0x00, 0x00, 0x00, 0x00, 0x00, 0x00, 0x00, 0x00, 0x00, 0x00,
    0x00, 0x00, 0x00, 0x00, 0x00, 0x00, 0x00, 0x00, 0x00, 0x00, 0x00, 0x00, 0x00, 0x00, 0x00, 0x00, 0x00, 0x00, 0x00, 0x00, 0x00, 0x00, 0x00, 0x00,
    0x00, 0x00, 0x00, 0x00, 0x00, 0x00, 0x00, 0x00, 0x00, 0x00, 0x00, 0x00, 0x00, 0x00, 0x00, 0x00, 0x00, 0x00, 0x00, 0x00, 0x00, 0x00, 0x00, 0x00,
    0x00, 0x00, 0x00, 0x00, 0x00, 0x00, 0x00, 0x00, 0x00, 0x00, 0x00, 0x00, 0x00, 0x00, 0x00, 0x01, 0xc0, 0x00, 0x00, 0x00, 0x00, 0x00, 0x00, 0x00,
    0x00, 0x03, 0xff, 0xff, 0xe0, 0x00, 0x00, 0x00, 0x00, 0x00, 0x00, 0x00, 0x00, 0x03, 0xff, 0xff, 0xe0, 0x00, 0x00, 0x00, 0x00, 0x00, 0x00, 0x00,
    0x00, 0x03, 0xff, 0xff, 0xf0, 0x00, 0x00, 0x00, 0x00, 0x00, 0x00, 0x00, 0x00, 0x03, 0xff, 0xff, 0xf0, 0x00, 0x00, 0x00, 0x00, 0x00, 0x00, 0x00,
    0x00, 0x03, 0xff, 0xfe, 0x00, 0x00, 0x00, 0x00, 0x00, 0x00, 0x00, 0x00, 0x00, 0x03, 0xff, 0xfc, 0x00, 0x00, 0x00, 0x00, 0x00, 0x00, 0x00, 0x00,
    0x00, 0x03, 0xff, 0xfc, 0x00, 0x00, 0x00, 0x00, 0x00, 0x00, 0x00, 0x00, 0x00, 0x03, 0xff, 0xf8, 0x00, 0x00, 0x00, 0x00, 0x00, 0x00, 0x00, 0x00,
    0x00, 0x03, 0xc0, 0xf8, 0x00, 0x00, 0x00, 0x00, 0x00, 0x00, 0x00, 0x00, 0x00, 0x00, 0x80, 0x08, 0x00, 0x00, 0x00, 0x00, 0x00, 0x00, 0x00, 0x00,
    0x00, 0x00, 0x00, 0x04, 0x00, 0x00, 0x00, 0x00, 0x00, 0x00, 0x00, 0x00, 0x00, 0x00, 0x00, 0x00, 0x00, 0x00, 0x00, 0x00, 0x00, 0x00, 0x00, 0x00,
    0x00, 0x00, 0x00, 0x00, 0x00, 0x00, 0x00, 0x00, 0x00, 0x00, 0x00, 0x00, 0x00, 0x00, 0x00, 0x00, 0x00, 0x00, 0x00, 0x00, 0x00, 0x00, 0x00, 0x00,
    0x00, 0x00, 0x00, 0x00, 0x00, 0x00, 0x00, 0x00, 0x00, 0x00, 0x00, 0x00, 0x00, 0x00, 0x00, 0x00, 0x00, 0x00, 0x00, 0x00, 0x00, 0x00, 0x00, 0x00,
  }},
  {{
    0x00, 0x00, 0x00, 0x00, 0x00, 0x00, 0x7f, 0xf0, 0x00, 0x00, 0x00, 0x00, 0x00, 0x00, 0x00, 0x00, 0x00, 0x01, 0xff, 0xfc, 0x00, 0x00, 0x00, 0x00,
    0x00, 0x00, 0x00, 0x00, 0x00, 0x07, 0xff, 0xff, 0x00, 0x00, 0x00, 0x00, 0x00, 0x00, 0x00, 0x00, 0x00, 0x0f, 0xff, 0xff, 0xc0, 0x00, 0x00, 0x00,
    0x00, 0x00, 0x00, 0x00, 0x00, 0x1f, 0xfc, 0xff, 0xe0, 0x00, 0x00, 0x00, 0x00, 0x00, 0x00, 0x00, 0x00, 0x3d, 0xfc, 0xfd, 0xf0, 0x00, 0x00, 0x00,
    0x00, 0x00, 0x00, 0x00, 0x00, 0x7d, 0xff, 0xfd, 0xf0, 0x00, 0x00, 0x00, 0x00, 0x00, 0x00, 0x00, 0x00, 0xff, 0xff, 0xff, 0xf8, 0x00, 0x00, 0x00,
    0x00, 0x00, 0x00, 0x00, 0x01, 0xff, 0xff, 0xff, 0xfc, 0x00, 0x00, 0x00, 0x00, 0x00, 0x00, 0x00, 0x0f, 0xff, 0xff, 0xff, 0xff, 0xc0, 0x00, 0x00,
    0x00, 0x00, 0x00, 0x00, 0x3f, 0xff, 0xff, 0xff, 0xff, 0xe0, 0x00, 0x00, 0x00, 0x00, 0x00, 0x00, 0x7f, 0xff, 0xff, 0xff, 0xff, 0xf8, 0x00, 0x00,
    0x00, 0x00, 0x00, 0x00, 0xff, 0xff, 0xff, 0xff, 0xff, 0xfc, 0x00, 0x00, 0x00, 0x00, 0x00, 0x00, 0xff, 0xff, 0xff, 0xff, 0xff, 0xfc, 0x00, 0x00,
    0x00, 0x00, 0x00, 0x00, 0xff, 0xff, 0xff, 0xff, 0xff, 0xf8, 0x00, 0x00, 0x00, 0x00, 0x00, 0x00, 0x3f, 0xff, 0xff, 0xff, 0xff, 0xf0, 0x00, 0x00,
    0x00, 0x00, 0x00, 0x00, 0x07, 0xff, 0xff, 0xff, 0xff, 0x00, 0x00, 0x00, 0x00, 0x00, 0x00, 0x00, 0x00, 0xf8, 0xff, 0xfc, 0xf8, 0x00, 0x00, 0x00,
    0x00, 0x00, 0x00, 0x00, 0x00, 0x07, 0xff, 0xff, 0x80, 0x00, 0x00, 0x00, 0x00, 0x00, 0x00, 0x00, 0x00, 0x07, 0xff, 0xff, 0x80, 0x00, 0x00, 0x00,
    0x00, 0x00, 0x00, 0x00, 0x00, 0x0f, 0xff, 0xff, 0x80, 0x00, 0x00, 0x00, 0x00, 0x00, 0x00, 0x00, 0x00, 0x0f, 0xff, 0xff, 0x80, 0x00, 0x00, 0x00,
    0x00, 0x00, 0x00, 0x00, 0x00, 0x0f, 0xff, 0xff, 0x80, 0x00, 0x00, 0x00, 0x00, 0x00, 0x00, 0x00, 0x00, 0x0f, 0xff, 0xff, 0xc0, 0x00, 0x00, 0x00,
    0x00, 0x00, 0x00, 0x00, 0x00, 0x1f, 0xff, 0xff, 0xc0, 0x00, 0x00, 0x00, 0x00, 0x00, 0x00, 0x00, 0x00, 0x1f, 0xff, 0xff, 0xc0, 0x00, 0x00, 0x00,
    0x00, 0x00, 0x00, 0x00, 0x00, 0x1f, 0xff, 0xff, 0xc0, 0x00, 0x00, 0x00, 0x00, 0x00, 0x00, 0x00, 0x00, 0x1f, 0xff, 0xff, 0xc0, 0x00, 0x00, 0x00,
    0x00, 0x00, 0x00, 0x00, 0x00, 0x1f, 0xff, 0xff, 0xc0, 0x00, 0x00, 0x00, 0x00, 0x00, 0x00, 0x00, 0x00, 0x1f, 0xff, 0xff, 0xe0, 0x00, 0x00, 0x00,
    0x00, 0x00, 0x00, 0x00, 0x00, 0x1b, 0xff, 0xfe, 0xe0, 0x00, 0x00, 0x00, 0x00, 0x00, 0x00, 0x00, 0x00, 0x00, 0x00, 0x00, 0x20, 0x00, 0x00, 0x00,
    0x00, 0x00, 0x00, 0x00, 0x00, 0x20, 0x00, 0x00, 0x00, 0x00, 0x00, 0x00, 0x00, 0x00, 0x00, 0x00, 0x00, 0x00, 0x00, 0x00, 0x00, 0x00, 0x00, 0x00,
    0x00, 0x00, 0x00, 0x00, 0x00, 0x00, 0x00, 0x00, 0x00, 0x00, 0x00, 0x00, 0x00, 0x00, 0x00, 0x00, 0x00, 0x00, 0x00, 0x00, 0x00, 0x00, 0x00, 0x00,
    0x00, 0x00, 0x00, 0x00, 0x00, 0x00, 0x00, 0x00, 0x00, 0x00, 0x00, 0x00, 0x00, 0x00, 0x00, 0x00, 0x00, 0x00, 0x00, 0x00, 0x00, 0x00, 0x00, 0x00,
    0x00, 0x00, 0x00, 0x00, 0x00, 0x00, 0x00, 0x00, 0x00, 0x00, 0x00, 0x00, 0x00, 0x00, 0x00, 0x00, 0x00, 0x00, 0x00, 0x00, 0x00, 0x00, 0x00, 0x00,
    0x00, 0x00, 0x00, 0x00, 0x00, 0x00, 0x00, 0x00, 0x00, 0x00, 0x00, 0x00, 0x00, 0x00, 0x00, 0x00, 0x00, 0x00, 0x00, 0x00, 0x00, 0x00, 0x00, 0x00,
    0x00, 0x00, 0x00, 0x00, 0x00, 0x00, 0x00, 0x00, 0x00, 0x00, 0x00, 0x00, 0x00, 0x00, 0x00, 0x00, 0x00, 0x00, 0x00, 0x00, 0x00, 0x00, 0x00, 0x00,
    0x00, 0x00, 0x00, 0x00, 0x00, 0x00, 0x00, 0x00, 0x00, 0x00, 0x00, 0x00, 0x00, 0x00, 0x00, 0x00, 0x00, 0x00, 0x00, 0x00, 0x00, 0x00, 0x00, 0x00,
    0x00, 0x00, 0x00, 0x00, 0x00, 0x00, 0x00, 0x00, 0x00, 0x00, 0x00, 0x00, 0x00, 0x00, 0x00, 0x00, 0x1c, 0x00, 0x00, 0x00, 0x00, 0x00, 0x00, 0x00,
    0x00, 0x00, 0xff, 0xff, 0xfe, 0x00, 0x00, 0x00, 0x00, 0x00, 0x00, 0x00, 0x00, 0x00, 0xff, 0xff, 0xfe, 0x00, 0x00, 0x00, 0x00, 0x00, 0x00, 0x00,
    0x00, 0x00, 0xff, 0xff, 0xff, 0x00, 0x00, 0x00, 0x00, 0x00, 0x00, 0x00, 0x00, 0x00, 0xff, 0xff, 0xff, 0x00, 0x00, 0x00, 0x00, 0x00, 0x00, 0x00,
    0x00, 0x00, 0x7f, 0xff, 0xe0, 0x00, 0x00, 0x00, 0x00, 0x00, 0x00, 0x00, 0x00, 0x00, 0x7f, 0xff, 0xc0, 0x00, 0x00, 0x00, 0x00, 0x00, 0x00, 0x00,
    0x00, 0x00, 0x7f, 0xff, 0x80, 0x00, 0x00, 0x00, 0x00, 0x00, 0x00, 0x00, 0x00, 0x00, 0xff, 0xff, 0x00, 0x00, 0x00, 0x00, 0x00, 0x00, 0x00, 0x00,
    0x00, 0x00, 0x70, 0x1f, 0x00, 0x00, 0x00, 0x00, 0x00, 0x00, 0x00, 0x00, 0x00, 0x00, 0x60, 0x00, 0x00, 0x00, 0x00, 0x00, 0x00, 0x00, 0x00, 0x00,
    0x00, 0x00, 0x60, 0x00, 0x00, 0x00, 0x00, 0x00, 0x00, 0x00, 0x00, 0x00, 0x00, 0x00, 0x70, 0x00, 0x00, 0x00, 0x00, 0x00, 0x00, 0x00, 0x00, 0x00,
    0x00, 0x00, 0x20, 0x00, 0x00, 0x00, 0x00, 0x00, 0x00, 0x00, 0x00, 0x00, 0x00, 0x00, 0x00, 0x00, 0x00, 0x00, 0x00, 0x00, 0x00, 0x00, 0x00, 0x00,
    0x00, 0x00, 0x00, 0x00, 0x00, 0x00, 0x00, 0x00, 0x00, 0x00, 0x00, 0x00, 0x00, 0x00, 0x00, 0x00, 0x00, 0x00, 0x00, 0x00, 0x00, 0x00, 0x00, 0x00,
  }},
  {{
    0x00, 0x00, 0x00, 0x00, 0x00, 0x00, 0x7f, 0xf0, 0x00, 0x00, 0x00, 0x00, 0x00, 0x00, 0x00, 0x00, 0x00, 0x01, 0xff, 0xfc, 0x00, 0x00, 0x00, 0x00,
    0x00, 0x00, 0x00, 0x00, 0x00, 0x07, 0xff, 0xff, 0x00, 0x00, 0x00, 0x00, 0x00, 0x00, 0x00, 0x00, 0x00, 0x0f, 0xff, 0xff, 0xc0, 0x00, 0x00, 0x00,
    0x00, 0x00, 0x00, 0x00, 0x00, 0x3f, 0xf8, 0xff, 0xe0, 0x00, 0x00, 0x00, 0x00, 0x00, 0x00, 0x00, 0x00, 0x3d, 0xfc, 0xfd, 0xe0, 0x00, 0x00, 0x00,
    0x00, 0x00, 0x00, 0x00, 0x00, 0x7d, 0xff, 0xfd, 0xf0, 0x00, 0x00, 0x00, 0x00, 0x00, 0x00, 0x00, 0x00, 0xff, 0xff, 0xff, 0xf8, 0x00, 0x00, 0x00,
    0x00, 0x00, 0x00, 0x00, 0x01, 0xff, 0xff, 0xff, 0xfc, 0x00, 0x00, 0x00, 0x00, 0x00, 0x00, 0x00, 0x0f, 0xff, 0xff, 0xff, 0xff, 0xc0, 0x00, 0x00,
    0x00, 0x00, 0x00, 0x00, 0x3f, 0xff, 0xff, 0xff, 0xff, 0xe0, 0x00, 0x00, 0x00, 0x00, 0x00, 0x00, 0x7f, 0xff, 0xff, 0xff, 0xff, 0xf8, 0x00, 0x00,
    0x00, 0x00, 0x00, 0x00, 0xff, 0xff, 0xff, 0xff, 0xff, 0xfc, 0x00, 0x00, 0x00, 0x00, 0x00, 0x00, 0xff, 0xff, 0xff, 0xff, 0xff, 0xfc, 0x00, 0x00,
    0x00, 0x00, 0x00, 0x00, 0xff, 0xff, 0xff, 0xff, 0xff, 0xf8, 0x00, 0x00, 0x00, 0x00, 0x00, 0x00, 0x3f, 0xff, 0xf7, 0xff, 0xff, 0xf0, 0x00, 0x00,
    0x00, 0x00, 0x00, 0x00, 0x07, 0xff, 0xff, 0xff, 0xff, 0x00, 0x00, 0x00, 0x00, 0x00, 0x00, 0x00, 0x00, 0xf8, 0xff, 0xf8, 0xf8, 0x00, 0x00, 0x00,
    0x00, 0x00, 0x00, 0x00, 0x00, 0x07, 0xff, 0xff, 0x80, 0x00, 0x00, 0x00, 0x00, 0x00, 0x00, 0x00, 0x00, 0x07, 0xff, 0xff, 0x80, 0x00, 0x00, 0x00,
    0x00, 0x00, 0x00, 0x00, 0x00, 0x0f, 0xff, 0xff, 0x80, 0x00, 0x00, 0x00, 0x00, 0x00, 0x00, 0x00, 0x00, 0x0f, 0xff, 0xff, 0x80, 0x00, 0x00, 0x00,
    0x00, 0x00, 0x00, 0x00, 0x00, 0x0f, 0xff, 0xff, 0x80, 0x00, 0x00, 0x00, 0x00, 0x00, 0x00, 0x00, 0x00, 0x0f, 0xff, 0xff, 0xc0, 0x00, 0x00, 0x00,
    0x00, 0x00, 0x00, 0x00, 0x00, 0x1f, 0xff, 0xff, 0xc0, 0x00, 0x00, 0x00, 0x00, 0x00, 0x00, 0x00, 0x00, 0x1f, 0xff, 0xff, 0xc0, 0x00, 0x00, 0x00,
    0x00, 0x00, 0x00, 0x00, 0x00, 0x1f, 0xff, 0xff, 0xc0, 0x00, 0x00, 0x00, 0x00, 0x00, 0x00, 0x00, 0x00, 0x1f, 0xff, 0xff, 0xc0, 0x00, 0x00, 0x00,
    0x00, 0x00, 0x00, 0x00, 0x00, 0x1f, 0xff, 0xff, 0xc0, 0x00, 0x00, 0x00, 0x00, 0x00, 0x00, 0x00, 0x00, 0x1f, 0xff, 0xff, 0xe0, 0x00, 0x00, 0x00,
    0x00, 0x00, 0x00, 0x00, 0x00, 0x1f, 0xff, 0xff, 0xe0, 0x00, 0x00, 0x00, 0x00, 0x00, 0x00, 0x00, 0x00, 0x00, 0x00, 0x00, 0x30, 0x00, 0x00, 0x00,
    0x00, 0x00, 0x00, 0x00, 0x00, 0x00, 0x00, 0x00, 0x20, 0x00, 0x00, 0x00, 0x00, 0x00, 0x00, 0x00, 0x00, 0x00, 0x00, 0x00, 0x00, 0x00, 0x00, 0x00,
    0x00, 0x00, 0x00, 0x00, 0x00, 0x00, 0x00, 0x00, 0x00, 0x00, 0x00, 0x00, 0x00, 0x00, 0x00, 0x00, 0x00, 0x00, 0x00, 0x00, 0x00, 0x00, 0x00, 0x00,
    0x00, 0x00, 0x00, 0x00, 0x00, 0x00, 0x00, 0x00, 0x00, 0x00, 0x00, 0x00, 0x00, 0x00, 0x00, 0x00, 0x00, 0x00, 0x00, 0x00, 0x00, 0x00, 0x00, 0x00,
    0x00, 0x00, 0x00, 0x00, 0x00, 0x00, 0x00, 0x00, 0x00, 0x00, 0x00, 0x00, 0x00, 0x00, 0x00, 0x00, 0x00, 0x00, 0x00, 0x00, 0x00, 0x00, 0x00, 0x00,
    0x00, 0x00, 0x00, 0x00, 0x00, 0x00, 0x00, 0x00, 0x00, 0x00, 0x00, 0x00, 0x00, 0x00, 0x00, 0x00, 0x00, 0x00, 0x00, 0x00, 0x00, 0x00, 0x00, 0x00,
    0x00, 0x00, 0x00, 0x00, 0x00, 0x00, 0x00, 0x00, 0x00, 0x00, 0x00, 0x00, 0x00, 0x00, 0x00, 0x00, 0x00, 0x00, 0x00, 0x00, 0x00, 0x00, 0x00, 0x00,
    0x00, 0x00, 0x00, 0x00, 0x00, 0x00, 0x00, 0x00, 0x00, 0x00, 0x00, 0x00, 0x00, 0x00, 0x00, 0x00, 0x00, 0x00, 0x00, 0x00, 0x00, 0x00, 0x00, 0x00,
    0x00, 0x00, 0x00, 0x00, 0x00, 0x80, 0x00, 0x00, 0x00, 0x00, 0x00, 0x00, 0x00, 0x00, 0x00, 0x00, 0x03, 0xc0, 0x00, 0x00, 0x00, 0x00, 0x00, 0x00,
    0x00, 0x00, 0x0f, 0xff, 0xff, 0xc0, 0x00, 0x00, 0x00, 0x00, 0x00, 0x00, 0x00, 0x00, 0x0f, 0xff, 0xff, 0xe0, 0x00, 0x00, 0x00, 0x00, 0x00, 0x00,
    0x00, 0x00, 0x0f, 0xff, 0xff, 0xe0, 0x00, 0x00, 0x00, 0x00, 0x00, 0x00, 0x00, 0x00, 0x0f, 0xff, 0xff, 0xe0, 0x00, 0x00, 0x00, 0x00, 0x00, 0x00,
    0x00, 0x00, 0x0f, 0xff, 0xff, 0xe0, 0x00, 0x00, 0x00, 0x00, 0x00, 0x00, 0x00, 0x00, 0x07, 0xff, 0xfc, 0x00, 0x00, 0x00, 0x00, 0x00, 0x00, 0x00,
    0x00, 0x00, 0x07, 0xff, 0xf8, 0x00, 0x00, 0x00, 0x00, 0x00, 0x00, 0x00, 0x00, 0x00, 0x0f, 0xfd, 0xf0, 0x00, 0x00, 0x00, 0x00, 0x00, 0x00, 0x00,
    0x00, 0x00, 0x07, 0x80, 0xe0, 0x00, 0x00, 0x00, 0x00, 0x00, 0x00, 0x00, 0x00, 0x00, 0x07, 0x00, 0x60, 0x00, 0x00, 0x00, 0x00, 0x00, 0x00, 0x00,
    0x00, 0x00, 0x00, 0x00, 0x60, 0x00, 0x00, 0x00, 0x00, 0x00, 0x00, 0x00, 0x00, 0x00, 0x00, 0x00, 0x60, 0x00, 0x00, 0x00, 0x00, 0x00, 0x00, 0x00,
    0x00, 0x00, 0x00, 0x00, 0x20, 0x00, 0x00, 0x00, 0x00, 0x00, 0x00, 0x00, 0x00, 0x00, 0x00, 0x00, 0x00, 0x00, 0x00, 0x00, 0x00, 0x00, 0x00, 0x00,
    0x00, 0x00, 0x00, 0x00, 0x00, 0x00, 0x00, 0x00, 0x00, 0x00, 0x00, 0x00, 0x00, 0x00, 0x00, 0x00, 0x00, 0x00, 0x00, 0x00, 0x00, 0x00, 0x00, 0x00,
  }},
  {{
    0x00, 0x00, 0x00, 0x00, 0x00, 0x00, 0x7f, 0xf0, 0x00, 0x00, 0x00, 0x00, 0x00, 0x00, 0x00, 0x00, 0x00, 0x01, 0xff, 0xfc, 0x00, 0x00, 0x00, 0x00,
    0x00, 0x00, 0x00, 0x00, 0x00, 0x07, 0xff, 0xff, 0x00, 0x00, 0x00, 0x00, 0x00, 0x00, 0x00, 0x00, 0x00, 0x0f, 0xff, 0xff, 0xc0, 0x00, 0x00, 0x00,
    0x00, 0x00, 0x00, 0x00, 0x00, 0x1f, 0xf8, 0xff, 0xe0, 0x00, 0x00, 0x00, 0x00, 0x00, 0x00, 0x00, 0x00, 0x3d, 0xfc, 0xfd, 0xe0, 0x00, 0x00, 0x00,
    0x00, 0x00, 0x00, 0x00, 0x00, 0x7d, 0xff, 0xfd, 0xf0, 0x00, 0x00, 0x00, 0x00, 0x00, 0x00, 0x00, 0x00, 0xff, 0xff, 0xff, 0xf8, 0x00, 0x00, 0x00,
    0x00, 0x00, 0x00, 0x00, 0x01, 0xff, 0xff, 0xff, 0xfe, 0x00, 0x00, 0x00, 0x00, 0x00, 0x00, 0x00, 0x0f, 0xff, 0xff, 0xff, 0xff, 0xc0, 0x00, 0x00,
    0x00, 0x00, 0x00, 0x00, 0x3f, 0xff, 0xff, 0xff, 0xff, 0xe0, 0x00, 0x00, 0x00, 0x00, 0x00, 0x00, 0x7f, 0xff, 0xff, 0xff, 0xff, 0xf8, 0x00, 0x00,
    0x00, 0x00, 0x00, 0x00, 0xff, 0xff, 0xff, 0xff, 0xff, 0xfc, 0x00, 0x00, 0x00, 0x00, 0x00, 0x00, 0xff, 0xff, 0xff, 0xff, 0xff, 0xfc, 0x00, 0x00,
    0x00, 0x00, 0x00, 0x00, 0xff, 0xff, 0xff, 0xff, 0xff, 0xf8, 0x00, 0x00, 0x00, 0x00, 0x00, 0x00, 0x3f, 0xff, 0xff, 0xff, 0xff, 0xf0, 0x00, 0x00,
    0x00, 0x00, 0x00, 0x00, 0x07, 0xff, 0xff, 0xff, 0xff, 0x00, 0x00, 0x00, 0x00, 0x00, 0x00, 0x00, 0x00, 0xf8, 0xff, 0xf8, 0xf8, 0x00, 0x00, 0x00,
    0x00, 0x00, 0x00, 0x00, 0x00, 0x07, 0xff, 0xff, 0x80, 0x00, 0x00, 0x00, 0x00, 0x00, 0x00, 0x00, 0x00, 0x07, 0xff, 0xff, 0x80, 0x00, 0x00, 0x00,
    0x00, 0x00, 0x00, 0x00, 0x00, 0x0f, 0xff, 0xff, 0x80, 0x00, 0x00, 0x00, 0x00, 0x00, 0x00, 0x00, 0x00, 0x0f, 0xff, 0xff, 0x80, 0x00, 0x00, 0x00,
    0x00, 0x00, 0x00, 0x00, 0x00, 0x0f, 0xff, 0xff, 0xc0, 0x00, 0x00, 0x00, 0x00, 0x00, 0x00, 0x00, 0x00, 0x0f, 0xff, 0xff, 0xc0, 0x00, 0x00, 0x00,
    0x00, 0x00, 0x00, 0x00, 0x00, 0x0f, 0xff, 0xff, 0xc0, 0x00, 0x00, 0x00, 0x00, 0x00, 0x00, 0x00, 0x00, 0x1f, 0xff, 0xff, 0xc0, 0x00, 0x00, 0x00,
    0x00, 0x00, 0x00, 0x00, 0x00, 0x1f, 0xff, 0xff, 0xc0, 0x00, 0x00, 0x00, 0x00, 0x00, 0x00, 0x00, 0x00, 0x1f, 0xff, 0xff, 0xc0, 0x00, 0x00, 0x00,
    0x00, 0x00, 0x00, 0x00, 0x00, 0x1f, 0xff, 0xff, 0xc0, 0x00, 0x00, 0x00, 0x00, 0x00, 0x00, 0x00, 0x00, 0x1f, 0xff, 0xff, 0xc0, 0x00, 0x00, 0x00,
    0x00, 0x00, 0x00, 0x00, 0x00, 0x1b, 0xff, 0xff, 0xc0, 0x00, 0x00, 0x00, 0x00, 0x00, 0x00, 0x00, 0x00, 0x00, 0x00, 0x00, 0x00, 0x00, 0x00, 0x00,
    0x00, 0x00, 0x00, 0x00, 0x00, 0x00, 0x00, 0x00, 0x00, 0x00, 0x00, 0x00, 0x00, 0x00, 0x00, 0x00, 0x00, 0x00, 0x00, 0x00, 0x00, 0x00, 0x00, 0x00,
    0x00, 0x00, 0x00, 0x00, 0x00, 0x00, 0x00, 0x00, 0x00, 0x00, 0x00, 0x00, 0x00, 0x00, 0x00, 0x00, 0x00, 0x00, 0x00, 0x00, 0x00, 0x00, 0x00, 0x00,
    0x00, 0x00, 0x00, 0x00, 0x00, 0x00, 0x00, 0x00, 0x00, 0x00, 0x00, 0x00, 0x00, 0x00, 0x00, 0x00, 0x00, 0x00, 0x00, 0x00, 0x00, 0x00, 0x00, 0x00,
    0x00, 0x00, 0x00, 0x00, 0x00, 0x00, 0x00, 0x00, 0x00, 0x00, 0x00, 0x00, 0x00, 0x00, 0x00, 0x00, 0x00, 0x00, 0x00, 0x00, 0x00, 0x00, 0x00, 0x00,
    0x00, 0x00, 0x00, 0x00, 0x00, 0x00, 0x00, 0x00, 0x00, 0x00, 0x00, 0x00, 0x00, 0x00, 0x00, 0x00, 0x00, 0x00, 0x00, 0x00, 0x00, 0x00, 0x00, 0x00,
    0x00, 0x00, 0x00, 0x00, 0x00, 0x00, 0x00, 0x00, 0x00, 0x00, 0x00, 0x00, 0x00, 0x00, 0x00, 0x00, 0x00, 0x00, 0x00, 0x00, 0x00, 0x00, 0x00, 0x00,
    0x00, 0x00, 0x00, 0x00, 0x00, 0x00, 0x00, 0x00, 0x00, 0x00, 0x00, 0x00, 0x00, 0x00, 0x00, 0x00, 0x00, 0x00, 0x00, 0x00, 0x00, 0x00, 0x00, 0x00,
    0x00, 0x00, 0x00, 0x00, 0x00, 0x00, 0x00, 0x00, 0x00, 0x00, 0x00, 0x00, 0x00, 0x00, 0x00, 0x00, 0x00, 0x3c, 0x00, 0x00, 0x00, 0x00, 0x00, 0x00,
    0x00, 0x00, 0x00, 0xff, 0xff, 0xfc, 0x00, 0x00, 0x00, 0x00, 0x00, 0x00, 0x00, 0x00, 0x01, 0xff, 0xff, 0xfc, 0x00, 0x00, 0x00, 0x00, 0x00, 0x00,
    0x00, 0x00, 0x01, 0xff, 0xff, 0xfe, 0x00, 0x00, 0x00, 0x00, 0x00, 0x00, 0x00, 0x00, 0x01, 0xff, 0xff, 0xfe, 0x00, 0x00, 0x00, 0x00, 0x00, 0x00,
    0x00, 0x00, 0x01, 0xff, 0xff, 0xfc, 0x00, 0x00, 0x00, 0x00, 0x00, 0x00, 0x00, 0x00, 0x00, 0xff, 0xff, 0xc0, 0x00, 0x00, 0x00, 0x00, 0x00, 0x00,
    0x00, 0x00, 0x00, 0xff, 0xff, 0x80, 0x00, 0x00, 0x00, 0x00, 0x00, 0x00, 0x00, 0x00, 0x01, 0xff, 0xff, 0x00, 0x00, 0x00, 0x00, 0x00, 0x00, 0x00,
    0x00, 0x00, 0x01, 0xf8, 0x0e, 0x00, 0x00, 0x00, 0x00, 0x00, 0x00, 0x00, 0x00, 0x00, 0x01, 0x90, 0x0e, 0x00, 0x00, 0x00, 0x00, 0x00, 0x00, 0x00,
    0x00, 0x00, 0x01, 0x00, 0x0e, 0x00, 0x00, 0x00, 0x00, 0x00, 0x00, 0x00, 0x00, 0x00, 0x01, 0x00, 0x0c, 0x00, 0x00, 0x00, 0x00, 0x00, 0x00, 0x00,
    0x00, 0x00, 0x01, 0x00, 0x04, 0x00, 0x00, 0x00, 0x00, 0x00, 0x00, 0x00, 0x00, 0x00, 0x00, 0x00, 0x00, 0x00, 0x00, 0x00, 0x00, 0x00, 0x00, 0x00,
    0x00, 0x00, 0x00, 0x00, 0x00, 0x00, 0x00, 0x00, 0x00, 0x00, 0x00, 0x00, 0x00, 0x00, 0x00, 0x00, 0x00, 0x00, 0x00, 0x00, 0x00, 0x00, 0x00, 0x00,
  }},
  {{
    0x00, 0x00, 0x00, 0x00, 0x00, 0x00, 0x7f, 0xf0, 0x00, 0x00, 0x00, 0x00, 0x00, 0x00, 0x00, 0x00, 0x00, 0x01, 0xff, 0xfc, 0x00, 0x00, 0x00, 0x00,
    0x00, 0x00, 0x00, 0x00, 0x00, 0x07, 0xff, 0xff, 0x00, 0x00, 0x00, 0x00, 0x00, 0x00, 0x00, 0x00, 0x00, 0x0f, 0xff, 0xff, 0xc0, 0x00, 0x00, 0x00,
    0x00, 0x00, 0x00, 0x00, 0x00, 0x1f, 0xf8, 0xff, 0xe0, 0x00, 0x00, 0x00, 0x00, 0x00, 0x00, 0x00, 0x00, 0x3d, 0xf8, 0xfd, 0xe0, 0x00, 0x00, 0x00,
    0x00, 0x00, 0x00, 0x00, 0x00, 0x7d, 0xff, 0xfc, 0xf0, 0x00, 0x00, 0x00, 0x00, 0x00, 0x00, 0x00, 0x00, 0xff, 0xff, 0xff, 0xf8, 0x00, 0x00, 0x00,
    0x00, 0x00, 0x00, 0x00, 0x01, 0xff, 0xff, 0xff, 0xfe, 0x00, 0x00, 0x00, 0x00, 0x00, 0x00, 0x00, 0x0f, 0xff, 0xff, 0xff, 0xff, 0xc0, 0x00, 0x00,
    0x00, 0x00, 0x00, 0x00, 0x3f, 0xff, 0xff, 0xff, 0xff, 0xe0, 0x00, 0x00, 0x00, 0x00, 0x00, 0x00, 0x7f, 0xff, 0xff, 0xff, 0xff, 0xf8, 0x00, 0x00,
    0x00, 0x00, 0x00, 0x00, 0xff, 0xff, 0xff, 0xff, 0xff, 0xfc, 0x00, 0x00, 0x00, 0x00, 0x00, 0x00, 0xff, 0xff, 0xff, 0xff, 0xff, 0xfc, 0x00, 0x00,
    0x00, 0x00, 0x00, 0x00, 0x7f, 0xff, 0xff, 0xff, 0xff, 0xf8, 0x00, 0x00, 0x00, 0x00, 0x00, 0x00, 0x3f, 0xff, 0xfe, 0xff, 0xff, 0xf0, 0x00, 0x00,
    0x00, 0x00, 0x00, 0x00, 0x07, 0xff, 0xff, 0xff, 0xff, 0x00, 0x00, 0x00, 0x00, 0x00, 0x00, 0x00, 0x00, 0xf8, 0xff, 0xf8, 0xf8, 0x00, 0x00, 0x00,
    0x00, 0x00, 0x00, 0x00, 0x00, 0x07, 0xff, 0xff, 0x80, 0x00, 0x00, 0x00, 0x00, 0x00, 0x00, 0x00, 0x00, 0x07, 0xff, 0xff, 0x80, 0x00, 0x00, 0x00,
    0x00, 0x00, 0x00, 0x00, 0x00, 0x0f, 0xff, 0xff, 0x80, 0x00, 0x00, 0x00, 0x00, 0x00, 0x00, 0x00, 0x00, 0x0f, 0xff, 0xff, 0x80, 0x00, 0x00, 0x00,
    0x00, 0x00, 0x00, 0x00, 0x00, 0x0f, 0xff, 0xff, 0x80, 0x00, 0x00, 0x00, 0x00, 0x00, 0x00, 0x00, 0x00, 0x0f, 0xff, 0xff, 0x80, 0x00, 0x00, 0x00,
    0x00, 0x00, 0x00, 0x00, 0x00, 0x0f, 0xff, 0xff, 0xc0, 0x00, 0x00, 0x00, 0x00, 0x00, 0x00, 0x00, 0x00, 0x0f, 0xff, 0xff, 0xc0, 0x00, 0x00, 0x00,
    0x00, 0x00, 0x00, 0x00, 0x00, 0x1f, 0xff, 0xff, 0xc0, 0x00, 0x00, 0x00, 0x00, 0x00, 0x00, 0x00, 0x00, 0x1f, 0xff, 0xff, 0xc0, 0x00, 0x00, 0x00,
    0x00, 0x00, 0x00, 0x00, 0x00, 0x1f, 0xff, 0xff, 0xc0, 0x00, 0x00, 0x00, 0x00, 0x00, 0x00, 0x00, 0x00, 0x1f, 0xff, 0xff, 0xc0, 0x00, 0x00, 0x00,
    0x00, 0x00, 0x00, 0x00, 0x00, 0x1b, 0xff, 0xfe, 0xc0, 0x00, 0x00, 0x00, 0x00, 0x00, 0x00, 0x00, 0x00, 0x18, 0x00, 0x00, 0x00, 0x00, 0x00, 0x00,
    0x00, 0x00, 0x00, 0x00, 0x00, 0x00, 0x00, 0x00, 0x00, 0x00, 0x00, 0x00, 0x00, 0x00, 0x00, 0x00, 0x00, 0x00, 0x00, 0x00, 0x00, 0x00, 0x00, 0x00,
    0x00, 0x00, 0x00, 0x00, 0x00, 0x00, 0x00, 0x00, 0x00, 0x00, 0x00, 0x00, 0x00, 0x00, 0x00, 0x00, 0x00, 0x00, 0x00, 0x00, 0x00, 0x00, 0x00, 0x00,
    0x00, 0x00, 0x00, 0x00, 0x00, 0x00, 0x00, 0x00, 0x00, 0x00, 0x00, 0x00, 0x00, 0x00, 0x00, 0x00, 0x00, 0x00, 0x00, 0x00, 0x00, 0x00, 0x00, 0x00,
    0x00, 0x00, 0x00, 0x00, 0x00, 0x00, 0x00, 0x00, 0x00, 0x00, 0x00, 0x00, 0x00, 0x00, 0x00, 0x00, 0x00, 0x00, 0x00, 0x00, 0x00, 0x00, 0x00, 0x00,
    0x00, 0x00, 0x00, 0x00, 0x00, 0x00, 0x00, 0x00, 0x00, 0x00, 0x00, 0x00, 0x00, 0x00, 0x00, 0x00, 0x00, 0x00, 0x00, 0x00, 0x00, 0x00, 0x00, 0x00,
    0x00, 0x00, 0x00, 0x00, 0x00, 0x00, 0x00, 0x00, 0x00, 0x00, 0x00, 0x00, 0x00, 0x00, 0x00, 0x00, 0x00, 0x00, 0x00, 0x00, 0x00, 0x00, 0x00, 0x00,
    0x00, 0x00, 0x00, 0x00, 0x00, 0x00, 0x00, 0x00, 0x00, 0x00, 0x00, 0x00, 0x00, 0x00, 0x00, 0x00, 0x00, 0x00, 0x00, 0x00, 0x00, 0x00, 0x00, 0x00,
    0x00, 0x00, 0x00, 0x00, 0x00, 0x01, 0x80, 0x00, 0x00, 0x00, 0x00, 0x00, 0x00, 0x00, 0x00, 0x00, 0x00, 0x07, 0x80, 0x00, 0x00, 0x00, 0x00, 0x00,
    0x00, 0x00, 0x00, 0x0f, 0xff, 0xff, 0xc0, 0x00, 0x00, 0x00, 0x00, 0x00, 0x00, 0x00, 0x00, 0x1f, 0xff, 0xff, 0xc0, 0x00, 0x00, 0x00, 0x00, 0x00,
    0x00, 0x00, 0x00, 0x1f, 0xff, 0xff, 0xe0, 0x00, 0x00, 0x00, 0x00, 0x00, 0x00, 0x00, 0x00, 0x1f, 0xff, 0xff, 0xe0, 0x00, 0x00, 0x00, 0x00, 0x00,
    0x00, 0x00, 0x00, 0x1f, 0xff, 0xfe, 0xc0, 0x00, 0x00, 0x00, 0x00, 0x00, 0x00, 0x00, 0x00, 0x1f, 0xff, 0xf8, 0x00, 0x00, 0x00, 0x00, 0x00, 0x00,
    0x00, 0x00, 0x00, 0x1f, 0xff, 0xf0, 0x00, 0x00, 0x00, 0x00, 0x00, 0x00, 0x00, 0x00, 0x00, 0x3f, 0xff, 0xf0, 0x00, 0x00, 0x00, 0x00, 0x00, 0x00,
    0x00, 0x00, 0x00, 0x3f, 0x01, 0xf0, 0x00, 0x00, 0x00, 0x00, 0x00, 0x00, 0x00, 0x00, 0x00, 0x13, 0x01, 0xb0, 0x00, 0x00, 0x00, 0x00, 0x00, 0x00,
    0x00, 0x00, 0x00, 0x02, 0x01, 0x10, 0x00, 0x00, 0x00, 0x00, 0x00, 0x00, 0x00, 0x00, 0x00, 0x00, 0x01, 0x10, 0x00, 0x00, 0x00, 0x00, 0x00, 0x00,
    0x00, 0x00, 0x00, 0x00, 0x01, 0x00, 0x00, 0x00, 0x00, 0x00, 0x00, 0x00, 0x00, 0x00, 0x00, 0x00, 0x00, 0x00, 0x00, 0x00, 0x00, 0x00, 0x00, 0x00,
    0x00, 0x00, 0x00, 0x00, 0x00, 0x00, 0x00, 0x00, 0x00, 0x00, 0x00, 0x00, 0x00, 0x00, 0x00, 0x00, 0x00, 0x00, 0x00, 0x00, 0x00, 0x00, 0x00, 0x00,
  }},
  {{
    0x00, 0x00, 0x00, 0x00, 0x00, 0x00, 0x7f, 0xf0, 0x00, 0x00, 0x00, 0x00, 0x00, 0x00, 0x00, 0x00, 0x00, 0x01, 0xff, 0xfc, 0x00, 0x00, 0x00, 0x00,
    0x00, 0x00, 0x00, 0x00, 0x00, 0x07, 0xff, 0xff, 0x00, 0x00, 0x00, 0x00, 0x00, 0x00, 0x00, 0x00, 0x00, 0x0f, 0xff, 0xff, 0xc0, 0x00, 0x00, 0x00,
    0x00, 0x00, 0x00, 0x00, 0x00, 0x1f, 0xfc, 0xff, 0xe0, 0x00, 0x00, 0x00, 0x00, 0x00, 0x00, 0x00, 0x00, 0x3d, 0xfc, 0xfd, 0xf0, 0x00, 0x00, 0x00,
    0x00, 0x00, 0x00, 0x00, 0x00, 0x7d, 0xff, 0xfd, 0xf0, 0x00, 0x00, 0x00, 0x00, 0x00, 0x00, 0x00, 0x00, 0xff, 0xff, 0xff, 0xf8, 0x00, 0x00, 0x00,
    0x00, 0x00, 0x00, 0x00, 0x01, 0xff, 0xff, 0xff, 0xfc, 0x00, 0x00, 0x00, 0x00, 0x00, 0x00, 0x00, 0x0f, 0xff, 0xff, 0xff, 0xff, 0xc0, 0x00, 0x00,
    0x00, 0x00, 0x00, 0x00, 0x3f, 0xff, 0xff, 0xff, 0xff, 0xe0, 0x00, 0x00, 0x00, 0x00, 0x00, 0x00, 0x7f, 0xff, 0xff, 0xff, 0xff, 0xf8, 0x00, 0x00,
    0x00, 0x00, 0x00, 0x00, 0xff, 0xff, 0xff, 0xff, 0xff, 0xfc, 0x00, 0x00, 0x00, 0x00, 0x00, 0x00, 0xff, 0xff, 0xff, 0xff, 0xff, 0xfc, 0x00, 0x00,
    0x00, 0x00, 0x00, 0x00, 0xff, 0xff, 0xff, 0xff, 0xff, 0xf8, 0x00, 0x00, 0x00, 0x00, 0x00, 0x00, 0x3f, 0xff, 0xff, 0x7f, 0xff, 0xf0, 0x00, 0x00,
    0x00, 0x00, 0x00, 0x00, 0x07, 0xff, 0xff, 0xff, 0xff, 0x00, 0x00, 0x00, 0x00, 0x00, 0x00, 0x00, 0x00, 0xf8, 0xff, 0xf8, 0xf8, 0x00, 0x00, 0x00,
    0x00, 0x00, 0x00, 0x00, 0x00, 0x07, 0xff, 0xff, 0x80, 0x00, 0x00, 0x00, 0x00, 0x00, 0x00, 0x00, 0x00, 0x07, 0xff, 0xff, 0x80, 0x00, 0x00, 0x00,
    0x00, 0x00, 0x00, 0x00, 0x00, 0x0f, 0xff, 0xff, 0x80, 0x00, 0x00, 0x00, 0x00, 0x00, 0x00, 0x00, 0x00, 0x0f, 0xff, 0xff, 0x80, 0x00, 0x00, 0x00,
    0x00, 0x00, 0x00, 0x00, 0x00, 0x0f, 0xff, 0xff, 0x80, 0x00, 0x00, 0x00, 0x00, 0x00, 0x00, 0x00, 0x00, 0x0f, 0xff, 0xff, 0xc0, 0x00, 0x00, 0x00,
    0x00, 0x00, 0x00, 0x00, 0x00, 0x1f, 0xff, 0xff, 0xc0, 0x00, 0x00, 0x00, 0x00, 0x00, 0x00, 0x00, 0x00, 0x1f, 0xff, 0xff, 0xc0, 0x00, 0x00, 0x00,
    0x00, 0x00, 0x00, 0x00, 0x00, 0x1f, 0xff, 0xff, 0xc0, 0x00, 0x00, 0x00, 0x00, 0x00, 0x00, 0x00, 0x00, 0x1f, 0xff, 0xff, 0xc0, 0x00, 0x00, 0x00,
    0x00, 0x00, 0x00, 0x00, 0x00, 0x1f, 0xff, 0xff, 0xc0, 0x00, 0x00, 0x00, 0x00, 0x00, 0x00, 0x00, 0x00, 0x1f, 0xff, 0xff, 0xe0, 0x00, 0x00, 0x00,
    0x00, 0x00, 0x00, 0x00, 0x00, 0x1b, 0xff, 0xfe, 0xe0, 0x00, 0x00, 0x00, 0x00, 0x00, 0x00, 0x00, 0x00, 0x00, 0x00, 0x00, 0x20, 0x00, 0x00, 0x00,
    0x00, 0x00, 0x00, 0x00, 0x00, 0x20, 0x00, 0x00, 0x00, 0x00, 0x00, 0x00, 0x00, 0x00, 0x00, 0x00, 0x00, 0x00, 0x00, 0x00, 0x00, 0x00, 0x00, 0x00,
    0x00, 0x00, 0x00, 0x00, 0x00, 0x00, 0x00, 0x00, 0x00, 0x00, 0x00, 0x00, 0x00, 0x00, 0x00, 0x00, 0x00, 0x00, 0x00, 0x00, 0x00, 0x00, 0x00, 0x00,
    0x00, 0x00, 0x00, 0x00, 0x00, 0x00, 0x00, 0x00, 0x00, 0x00, 0x00, 0x00, 0x00, 0x00, 0x00, 0x00, 0x00, 0x00, 0x00, 0x00, 0x00, 0x00, 0x00, 0x00,
    0x00, 0x00, 0x00, 0x00, 0x00, 0x00, 0x00, 0x00, 0x00, 0x00, 0x00, 0x00, 0x00, 0x00, 0x00, 0x00, 0x00, 0x00, 0x00, 0x00, 0x00, 0x00, 0x00, 0x00,
    0x00, 0x00, 0x00, 0x00, 0x00, 0x00, 0x00, 0x00, 0x00, 0x00, 0x00, 0x00, 0x00, 0x00, 0x00, 0x00, 0x00, 0x00, 0x00, 0x00, 0x00, 0x00, 0x00, 0x00,
    0x00, 0x00, 0x00, 0x00, 0x00, 0x00, 0x00, 0x00, 0x00, 0x00, 0x00, 0x00, 0x00, 0x00, 0x00, 0x00, 0x00, 0x00, 0x00, 0x00, 0x00, 0x00, 0x00, 0x00,
    0x00, 0x00, 0x00, 0x00, 0x00, 0x00, 0x00, 0x00, 0x00, 0x00, 0x00, 0x00, 0x00, 0x00, 0x00, 0x00, 0x00, 0x00, 0x00, 0x00, 0x00, 0x00, 0x00, 0x00,
    0x00, 0x00, 0x00, 0x00, 0x00, 0x00, 0x03, 0x00, 0x00, 0x00, 0x00, 0x00, 0x00, 0x00, 0x00, 0x00, 0x00, 0x00, 0x0f, 0x00, 0x00, 0x00, 0x00, 0x00,
    0x00, 0x00, 0x00, 0x00, 0x1f, 0xff, 0xff, 0x80, 0x00, 0x00, 0x00, 0x00, 0x00, 0x00, 0x00, 0x00, 0x3f, 0xff, 0xff, 0x80, 0x00, 0x00, 0x00, 0x00,
    0x00, 0x00, 0x00, 0x00, 0x3f, 0xff, 0xff, 0xc0, 0x00, 0x00, 0x00, 0x00, 0x00, 0x00, 0x00, 0x00, 0x3f, 0xff, 0xff, 0xc0, 0x00, 0x00, 0x00, 0x00,
    0x00, 0x00, 0x00, 0x00, 0x1f, 0xff, 0xfc, 0x00, 0x00, 0x00, 0x00, 0x00, 0x00, 0x00, 0x00, 0x00, 0x1f, 0xff, 0xf8, 0x00, 0x00, 0x00, 0x00, 0x00,
    0x00, 0x00, 0x00, 0x00, 0x1f, 0xff, 0xf0, 0x00, 0x00, 0x00, 0x00, 0x00, 0x00, 0x00, 0x00, 0x00, 0x3f, 0xff, 0xe0, 0x00, 0x00, 0x00, 0x00, 0x00,
    0x00, 0x00, 0x00, 0x00, 0x3e, 0x3f, 0xe0, 0x00, 0x00, 0x00, 0x00, 0x00, 0x00, 0x00, 0x00, 0x00, 0x1c, 0x03, 0xc0, 0x00, 0x00, 0x00, 0x00, 0x00,
    0x00, 0x00, 0x00, 0x00, 0x1c, 0x00, 0x60, 0x00, 0x00, 0x00, 0x00, 0x00, 0x00, 0x00, 0x00, 0x00, 0x1c, 0x00, 0x60, 0x00, 0x00, 0x00, 0x00, 0x00,
    0x00, 0x00, 0x00, 0x00, 0x04, 0x00, 0x20, 0x00, 0x00, 0x00, 0x00, 0x00, 0x00, 0x00, 0x00, 0x00, 0x00, 0x00, 0x00, 0x00, 0x00, 0x00, 0x00, 0x00,
    0x00, 0x00, 0x00, 0x00, 0x00, 0x00, 0x00, 0x00, 0x00, 0x00, 0x00, 0x00, 0x00, 0x00, 0x00, 0x00, 0x00, 0x00, 0x00, 0x00, 0x00, 0x00, 0x00, 0x00,
  }},
  {{
    0x00, 0x00, 0x00, 0x00, 0x00, 0x00, 0x7f, 0xf0, 0x00, 0x00, 0x00, 0x00, 0x00, 0x00, 0x00, 0x00, 0x00, 0x01, 0xff, 0xfc, 0x00, 0x00, 0x00, 0x00,
    0x00, 0x00, 0x00, 0x00, 0x00, 0x07, 0xff, 0xff, 0x00, 0x00, 0x00, 0x00, 0x00, 0x00, 0x00, 0x00, 0x00, 0x0f, 0xff, 0xff, 0xc0, 0x00, 0x00, 0x00,
    0x00, 0x00, 0x00, 0x00, 0x00, 0x1f, 0xfc, 0xff, 0xe0, 0x00, 0x00, 0x00, 0x00, 0x00, 0x00, 0x00, 0x00, 0x3d, 0xfc, 0xfd, 0xf0, 0x00, 0x00, 0x00,
    0x00, 0x00, 0x00, 0x00, 0x00, 0x7d, 0xff, 0xfd, 0xf0, 0x00, 0x00, 0x00, 0x00, 0x00, 0x00, 0x00, 0x00, 0xff, 0xff, 0xff, 0xf8, 0x00, 0x00, 0x00,
    0x00, 0x00, 0x00, 0x00, 0x01, 0xff, 0xff, 0xff, 0xfc, 0x00, 0x00, 0x00, 0x00, 0x00, 0x00, 0x00, 0x0f, 0xff, 0xff, 0xff, 0xff, 0xc0, 0x00, 0x00,
    0x00, 0x00, 0x00, 0x00, 0x3f, 0xff, 0xff, 0xff, 0xff, 0xe0, 0x00, 0x00, 0x00, 0x00, 0x00, 0x00, 0x7f, 0xff, 0xff, 0xff, 0xff, 0xf8, 0x00, 0x00,
    0x00, 0x00, 0x00, 0x00, 0xff, 0xff, 0xff, 0xff, 0xff, 0xfc, 0x00, 0x00, 0x00, 0x00, 0x00, 0x00, 0xff, 0xff, 0xff, 0xff, 0xff, 0xfc, 0x00, 0x00,
    0x00, 0x00, 0x00, 0x00, 0xff, 0xff, 0xff, 0xff, 0xff, 0xf8, 0x00, 0x00, 0x00, 0x00, 0x00, 0x00, 0x3f, 0xff, 0xff, 0x7f, 0xff, 0xf0, 0x00, 0x00,
    0x00, 0x00, 0x00, 0x00, 0x07, 0xff, 0xff, 0xff, 0xff, 0x00, 0x00, 0x00, 0x00, 0x00, 0x00, 0x00, 0x00, 0xf8, 0xff, 0xf8, 0xf8, 0x00, 0x00, 0x00,
    0x00, 0x00, 0x00, 0x00, 0x00, 0x07, 0xff, 0xff, 0x80, 0x00, 0x00, 0x00, 0x00, 0x00, 0x00, 0x00, 0x00, 0x07, 0xff, 0xff, 0x80, 0x00, 0x00, 0x00,
    0x00, 0x00, 0x00, 0x00, 0x00, 0x0f, 0xff, 0xff, 0x80, 0x00, 0x00, 0x00, 0x00, 0x00, 0x00, 0x00, 0x00, 0x0f, 0xff, 0xff, 0x80, 0x00, 0x00, 0x00,
    0x00, 0x00, 0x00, 0x00, 0x00, 0x0f, 0xff, 0xff, 0x80, 0x00, 0x00, 0x00, 0x00, 0x00, 0x00, 0x00, 0x00, 0x0f, 0xff, 0xff, 0xc0, 0x00, 0x00, 0x00,
    0x00, 0x00, 0x00, 0x00, 0x00, 0x1f, 0xff, 0xff, 0xc0, 0x00, 0x00, 0x00, 0x00, 0x00, 0x00, 0x00, 0x00, 0x1f, 0xff, 0xff, 0xc0, 0x00, 0x00, 0x00,
    0x00, 0x00, 0x00, 0x00, 0x00, 0x1f, 0xff, 0xff, 0xc0, 0x00, 0x00, 0x00, 0x00, 0x00, 0x00, 0x00, 0x00, 0x1f, 0xff, 0xff, 0xc0, 0x00, 0x00, 0x00,
    0x00, 0x00, 0x00, 0x00, 0x00, 0x1f, 0xff, 0xff, 0xc0, 0x00, 0x00, 0x00, 0x00, 0x00, 0x00, 0x00, 0x00, 0x1f, 0xff, 0xff, 0xe0, 0x00, 0x00, 0x00,
    0x00, 0x00, 0x00, 0x00, 0x00, 0x1b, 0xff, 0xfe, 0xe0, 0x00, 0x00, 0x00, 0x00, 0x00, 0x00, 0x00, 0x00, 0x00, 0x00, 0x00, 0x20, 0x00, 0x00, 0x00,
    0x00, 0x00, 0x00, 0x00, 0x00, 0x20, 0x00, 0x00, 0x00, 0x00, 0x00, 0x00, 0x00, 0x00, 0x00, 0x00, 0x00, 0x00, 0x00, 0x00, 0x00, 0x00, 0x00, 0x00,
    0x00, 0x00, 0x00, 0x00, 0x00, 0x00, 0x00, 0x00, 0x00, 0x00, 0x00, 0x00, 0x00, 0x00, 0x00, 0x00, 0x00, 0x00, 0x00, 0x00, 0x00, 0x00, 0x00, 0x00,
    0x00, 0x00, 0x00, 0x00, 0x00, 0x00, 0x00, 0x00, 0x00, 0x00, 0x00, 0x00, 0x00, 0x00, 0x00, 0x00, 0x00, 0x00, 0x00, 0x00, 0x00, 0x00, 0x00, 0x00,
    0x00, 0x00, 0x00, 0x00, 0x00, 0x00, 0x00, 0x00, 0x00, 0x00, 0x00, 0x00, 0x00, 0x00, 0x00, 0x00, 0x00, 0x00, 0x00, 0x00, 0x00, 0x00, 0x00, 0x00,
    0x00, 0x00, 0x00, 0x00, 0x00, 0x00, 0x00, 0x00, 0x00, 0x00, 0x00, 0x00, 0x00, 0x00, 0x00, 0x00, 0x00, 0x00, 0x00, 0x00, 0x00, 0x00, 0x00, 0x00,
    0x00, 0x00, 0x00, 0x00, 0x00, 0x00, 0x00, 0x00, 0x00, 0x00, 0x00, 0x00, 0x00, 0x00, 0x00, 0x00, 0x00, 0x00, 0x00, 0x00, 0x00, 0x00, 0x00, 0x00,
    0x00, 0x00, 0x00, 0x00, 0x00, 0x00, 0x00, 0x00, 0x00, 0x00, 0x00, 0x00, 0x00, 0x00, 0x00, 0x00, 0x00, 0x00, 0x00, 0x00, 0x00, 0x00, 0x00, 0x00,
    0x00, 0x00, 0x00, 0x00, 0x00, 0x00, 0x00, 0x30, 0x00, 0x00, 0x00, 0x00, 0x00, 0x00, 0x00, 0x00, 0x01, 0xe0, 0x01, 0xf0, 0x00, 0x00, 0x00, 0x00,
    0x00, 0x00, 0x00, 0x00, 0x03, 0xff, 0xff, 0xf0, 0x00, 0x00, 0x00, 0x00, 0x00, 0x00, 0x00, 0x00, 0x07, 0xff, 0xff, 0xf8, 0x00, 0x00, 0x00, 0x00,
    0x00, 0x00, 0x00, 0x00, 0x07, 0xff, 0xff, 0xf8, 0x00, 0x00, 0x00, 0x00, 0x00, 0x00, 0x00, 0x00, 0x07, 0xff, 0xff, 0xfc, 0x00, 0x00, 0x00, 0x00,
    0x00, 0x00, 0x00, 0x00, 0x03, 0xff, 0xff, 0xd8, 0x00, 0x00, 0x00, 0x00, 0x00, 0x00, 0x00, 0x00, 0x03, 0xff, 0xff, 0x00, 0x00, 0x00, 0x00, 0x00,
    0x00, 0x00, 0x00, 0x00, 0x07, 0xff, 0xfe, 0x00, 0x00, 0x00, 0x00, 0x00, 0x00, 0x00, 0x00, 0x00, 0x07, 0xff, 0xfc, 0x00, 0x00, 0x00, 0x00, 0x00,
    0x00, 0x00, 0x00, 0x00, 0x07, 0xf0, 0x38, 0x00, 0x00, 0x00, 0x00, 0x00, 0x00, 0x00, 0x00, 0x00, 0x01, 0xe0, 0x38, 0x00, 0x00, 0x00, 0x00, 0x00,
    0x00, 0x00, 0x00, 0x00, 0x00, 0x20, 0x38, 0x00, 0x00, 0x00, 0x00, 0x00, 0x00, 0x00, 0x00, 0x00, 0x00, 0x30, 0x10, 0x00, 0x00, 0x00, 0x00, 0x00,
    0x00, 0x00, 0x00, 0x00, 0x00, 0x10, 0x00, 0x00, 0x00, 0x00, 0x00, 0x00, 0x00, 0x00, 0x00, 0x00, 0x00, 0x00, 0x00, 0x00, 0x00, 0x00, 0x00, 0x00,
    0x00, 0x00, 0x00, 0x00, 0x00, 0x00, 0x00, 0x00, 0x00, 0x00, 0x00, 0x00, 0x00, 0x00, 0x00, 0x00, 0x00, 0x00, 0x00, 0x00, 0x00, 0x00, 0x00, 0x00,
  }},
  {{
    0x00, 0x00, 0x00, 0x00, 0x00, 0x00, 0x7f, 0xf0, 0x00, 0x00, 0x00, 0x00, 0x00, 0x00, 0x00, 0x00, 0x00, 0x01, 0xff, 0xfc, 0x00, 0x00, 0x00, 0x00,
    0x00, 0x00, 0x00, 0x00, 0x00, 0x07, 0xff, 0xff, 0x00, 0x00, 0x00, 0x00, 0x00, 0x00, 0x00, 0x00, 0x00, 0x0f, 0xff, 0xff, 0xc0, 0x00, 0x00, 0x00,
    0x00, 0x00, 0x00, 0x00, 0x00, 0x1f, 0xfc, 0xff, 0xe0, 0x00, 0x00, 0x00, 0x00, 0x00, 0x00, 0x00, 0x00, 0x3d, 0xfc, 0xfd, 0xf0, 0x00, 0x00, 0x00,
    0x00, 0x00, 0x00, 0x00, 0x00, 0x7d, 0xff, 0xfd, 0xf0, 0x00, 0x00, 0x00, 0x00, 0x00, 0x00, 0x00, 0x00, 0xff, 0xff, 0xff, 0xf8, 0x00, 0x00, 0x00,
    0x00, 0x00, 0x00, 0x00, 0x01, 0xff, 0xff, 0xff, 0xfc, 0x00, 0x00, 0x00, 0x00, 0x00, 0x00, 0x00, 0x0f, 0xff, 0xff, 0xff, 0xff, 0xc0, 0x00, 0x00,
    0x00, 0x00, 0x00, 0x00, 0x3f, 0xff, 0xff, 0xff, 0xff, 0xe0, 0x00, 0x00, 0x00, 0x00, 0x00, 0x00, 0x7f, 0xff, 0xff, 0xff, 0xff, 0xf8, 0x00, 0x00,
    0x00, 0x00, 0x00, 0x00, 0xff, 0xff, 0xff, 0xff, 0xff, 0xfc, 0x00, 0x00, 0x00, 0x00, 0x00, 0x00, 0xff, 0xff, 0xff, 0xff, 0xff, 0xfc, 0x00, 0x00,
    0x00, 0x00, 0x00, 0x00, 0xff, 0xff, 0xff, 0xff, 0xff, 0xf8, 0x00, 0x00, 0x00, 0x00, 0x00, 0x00, 0x3f, 0xff, 0xff, 0x7f, 0xff, 0xf0, 0x00, 0x00,
    0x00, 0x00, 0x00, 0x00, 0x07, 0xff, 0xff, 0xff, 0xff, 0x00, 0x00, 0x00, 0x00, 0x00, 0x00, 0x00, 0x00, 0xf8, 0xff, 0xf8, 0xf8, 0x00, 0x00, 0x00,
    0x00, 0x00, 0x00, 0x00, 0x00, 0x07, 0xff, 0xff, 0x80, 0x00, 0x00, 0x00, 0x00, 0x00, 0x00, 0x00, 0x00, 0x07, 0xff, 0xff, 0x80, 0x00, 0x00, 0x00,
    0x00, 0x00, 0x00, 0x00, 0x00, 0x0f, 0xff, 0xff, 0x80, 0x00, 0x00, 0x00, 0x00, 0x00, 0x00, 0x00, 0x00, 0x0f, 0xff, 0xff, 0x80, 0x00, 0x00, 0x00,
    0x00, 0x00, 0x00, 0x00, 0x00, 0x0f, 0xff, 0xff, 0x80, 0x00, 0x00, 0x00, 0x00, 0x00, 0x00, 0x00, 0x00, 0x0f, 0xff, 0xff, 0xc0, 0x00, 0x00, 0x00,
    0x00, 0x00, 0x00, 0x00, 0x00, 0x1f, 0xff, 0xff, 0xc0, 0x00, 0x00, 0x00, 0x00, 0x00, 0x00, 0x00, 0x00, 0x1f, 0xff, 0xff, 0xc0, 0x00, 0x00, 0x00,
    0x00, 0x00, 0x00, 0x00, 0x00, 0x1f, 0xff, 0xff, 0xc0, 0x00, 0x00, 0x00, 0x00, 0x00, 0x00, 0x00, 0x00, 0x1f, 0xff, 0xff, 0xc0, 0x00, 0x00, 0x00,
    0x00, 0x00, 0x00, 0x00, 0x00, 0x1f, 0xff, 0xff, 0xc0, 0x00, 0x00, 0x00, 0x00, 0x00, 0x00, 0x00, 0x00, 0x1f, 0xff, 0xff, 0xe0, 0x00, 0x00, 0x00,
    0x00, 0x00, 0x00, 0x00, 0x00, 0x1b, 0xff, 0xfe, 0xe0, 0x00, 0x00, 0x00, 0x00, 0x00, 0x00, 0x00, 0x00, 0x00, 0x00, 0x00, 0x20, 0x00, 0x00, 0x00,
    0x00, 0x00, 0x00, 0x00, 0x00, 0x20, 0x00, 0x00, 0x00, 0x00, 0x00, 0x00, 0x00, 0x00, 0x00, 0x00, 0x00, 0x00, 0x00, 0x00, 0x00, 0x00, 0x00, 0x00,
    0x00, 0x00, 0x00, 0x00, 0x00, 0x00, 0x00, 0x00, 0x00, 0x00, 0x00, 0x00, 0x00, 0x00, 0x00, 0x00, 0x00, 0x00, 0x00, 0x00, 0x00, 0x00, 0x00, 0x00,
    0x00, 0x00, 0x00, 0x00, 0x00, 0x00, 0x00, 0x00, 0x00, 0x00, 0x00, 0x00, 0x00, 0x00, 0x00, 0x00, 0x00, 0x00, 0x00, 0x00, 0x00, 0x00, 0x00, 0x00,
    0x00, 0x00, 0x00, 0x00, 0x00, 0x00, 0x00, 0x00, 0x00, 0x00, 0x00, 0x00, 0x00, 0x00, 0x00, 0x00, 0x00, 0x00, 0x00, 0x00, 0x00, 0x00, 0x00, 0x00,
    0x00, 0x00, 0x00, 0x00, 0x00, 0x00, 0x00, 0x00, 0x00, 0x00, 0x00, 0x00, 0x00, 0x00, 0x00, 0x00, 0x00, 0x00, 0x00, 0x00, 0x00, 0x00, 0x00, 0x00,
    0x00, 0x00, 0x00, 0x00, 0x00, 0x00, 0x00, 0x00, 0x00, 0x00, 0x00, 0x00, 0x00, 0x00, 0x00, 0x00, 0x00, 0x00, 0x00, 0x00, 0x00, 0x00, 0x00, 0x00,
    0x00, 0x00, 0x00, 0x00, 0x00, 0x00, 0x00, 0x00, 0x00, 0x00, 0x00, 0x00, 0x00, 0x00, 0x00, 0x00, 0x00, 0x00, 0x00, 0x00, 0x00, 0x00, 0x00, 0x00,
    0x00, 0x00, 0x00, 0x00, 0x00, 0x00, 0x00, 0x00, 0x00, 0x00, 0x00, 0x00, 0x00, 0x00, 0x00, 0x00, 0x00, 0x00, 0x0f, 0x8f, 0x00, 0x00, 0x00, 0x00,
    0x00, 0x00, 0x00, 0x00, 0x00, 0x7f, 0xff, 0xff, 0x00, 0x00, 0x00, 0x00, 0x00, 0x00, 0x00, 0x00, 0x00, 0x7f, 0xff, 0xff, 0x00, 0x00, 0x00, 0x00,
    0x00, 0x00, 0x00, 0x00, 0x00, 0xff, 0xff, 0xff, 0x80, 0x00, 0x00, 0x00, 0x00, 0x00, 0x00, 0x00, 0x00, 0x7f, 0xff, 0xff, 0x80, 0x00, 0x00, 0x00,
    0x00, 0x00, 0x00, 0x00, 0x00, 0x7f, 0xff, 0xff, 0x00, 0x00, 0x00, 0x00, 0x00, 0x00, 0x00, 0x00, 0x00, 0x7f, 0xff, 0xf0, 0x00, 0x00, 0x00, 0x00,
    0x00, 0x00, 0x00, 0x00, 0x00, 0x7f, 0xff, 0xe0, 0x00, 0x00, 0x00, 0x00, 0x00, 0x00, 0x00, 0x00, 0x00, 0xff, 0xff, 0xc0, 0x00, 0x00, 0x00, 0x00,
    0x00, 0x00, 0x00, 0x00, 0x00, 0xff, 0x07, 0xc0, 0x00, 0x00, 0x00, 0x00, 0x00, 0x00, 0x00, 0x00, 0x00, 0xee, 0x03, 0xc0, 0x00, 0x00, 0x00, 0x00,
    0x00, 0x00, 0x00, 0x00, 0x00, 0xc2, 0x03, 0x80, 0x00, 0x00, 0x00, 0x00, 0x00, 0x00, 0x00, 0x00, 0x00, 0xc2, 0x03, 0x00, 0x00, 0x00, 0x00, 0x00,
    0x00, 0x00, 0x00, 0x00, 0x00, 0x40, 0x03, 0x00, 0x00, 0x00, 0x00, 0x00, 0x00, 0x00, 0x00, 0x00, 0x00, 0x00, 0x00, 0x00, 0x00, 0x00, 0x00, 0x00,
    0x00, 0x00, 0x00, 0x00, 0x00, 0x00, 0x00, 0x00, 0x00, 0x00, 0x00, 0x00, 0x00, 0x00, 0x00, 0x00, 0x00, 0x00, 0x00, 0x00, 0x00, 0x00, 0x00, 0x00,
  }},
};
struct RunCatSprites { const RunCatBitmap *frames; std::uint8_t count; };
constexpr RunCatSprites kRunCatSprites[] = {
  {kRunner0, 5},
  {kRunner1, 5},
  {kRunner2, 7},
  {kRunner3, 5},
  {kRunner4, 6},
  {kRunner5, 7},
  {kRunner6, 10},
  {kRunner7, 24},
  {kRunner8, 15},
  {kRunner9, 14},
};
static_assert(sizeof(kRunCatSprites) / sizeof(kRunCatSprites[0]) ==
              static_cast<unsigned>(RunCatAnimation::Count));
}
